,index,domain,single_cluster_idx,complete_cluster_idx,average_cluster_idx,seqlen,scTM,scRMSD,pLDDT,pAE,pct_helix,pct_strand,pct_ss,pct_left_helix,task,motifRMSD
0,0,sample_56,0,0,0,53,0.549,4.105,0.702,7.459,0.472,0.0,0.472,0.0,5TPN,1.6526135
1,1,sample_31,1,1,1,69,0.426,4.592,0.512,12.445,0.565,0.0,0.565,0.0,5TPN,3.4328797
2,2,sample_50,2,2,2,67,0.774,2.153,0.623,11.014,0.358,0.134,0.493,0.0,5TPN,1.8943694
3,3,sample_27,3,3,3,72,0.753,2.702,0.626,8.65,0.319,0.0,0.319,0.0,5TPN,4.3344326
4,4,sample_92,4,4,4,55,0.401,4.724,0.517,10.813,0.218,0.145,0.364,0.0,5TPN,3.2296546
5,5,sample_57,5,5,5,69,0.433,6.534,0.744,8.95,0.565,0.0,0.565,0.0,5TPN,3.0397809
6,6,sample_53,6,6,6,60,0.669,2.538,0.658,8.437,0.567,0.0,0.567,0.0,5TPN,2.4357922
7,7,sample_62,7,7,7,62,0.544,5.389,0.523,12.618,0.371,0.0,0.371,0.0,5TPN,2.1355424
8,8,sample_93,8,8,8,54,0.506,5.521,0.582,8.598,0.63,0.0,0.63,0.0,5TPN,2.997832
9,9,sample_64,9,9,9,61,0.675,4.051,0.633,8.762,0.311,0.197,0.508,0.0,5TPN,1.7517376
10,10,sample_86,10,10,10,71,0.85,1.431,0.813,3.647,0.704,0.0,0.704,0.0,5TPN,1.0876751
11,11,sample_63,11,11,11,73,0.525,4.541,0.544,13.35,0.671,0.0,0.671,0.0,5TPN,1.5964584
12,12,sample_85,12,12,12,73,0.42,7.245,0.456,14.458,0.288,0.0,0.288,0.0,5TPN,2.995515
13,13,sample_58,13,13,13,72,0.367,9.14,0.495,13.942,0.319,0.208,0.528,0.0,5TPN,2.6286235
14,14,sample_7,14,14,14,51,0.558,4.292,0.525,13.22,0.353,0.0,0.353,0.0,5TPN,2.31239
15,15,sample_75,15,15,15,53,0.663,2.174,0.578,8.957,0.34,0.094,0.434,0.0,5TPN,1.4760495
16,16,sample_61,16,16,16,58,0.707,1.98,0.604,11.001,0.638,0.0,0.638,0.0,5TPN,1.7085696
17,17,sample_10,17,17,17,59,0.509,5.9,0.711,12.51,0.729,0.0,0.729,0.0,5TPN,2.3745153
18,18,sample_94,96,96,96,56,0.325,9.364,0.694,10.348,0.732,0.0,0.732,0.0,5TPN,6.2671947
19,19,sample_26,18,18,18,60,0.469,5.239,0.578,10.319,0.7,0.0,0.7,0.0,5TPN,5.242159
20,20,sample_87,19,19,19,53,0.722,1.835,0.715,7.447,0.321,0.34,0.66,0.0,5TPN,1.2736622
21,21,sample_66,20,20,20,73,0.619,4.994,0.552,14.782,0.493,0.0,0.493,0.0,5TPN,5.1165547
22,22,sample_68,21,21,21,60,0.671,2.966,0.667,7.548,0.167,0.3,0.467,0.0,5TPN,1.8728989
23,23,sample_18,22,22,22,63,0.622,3.112,0.623,9.435,0.635,0.0,0.635,0.0,5TPN,3.7485929
24,24,sample_55,23,23,23,63,0.689,2.107,0.739,6.242,0.587,0.0,0.587,0.0,5TPN,1.2428455
25,25,sample_11,24,24,24,51,0.288,7.711,0.465,14.31,0.0,0.078,0.078,0.0,5TPN,4.9257555
26,26,sample_33,25,25,25,74,0.336,7.18,0.485,15.679,0.351,0.054,0.405,0.0,5TPN,3.7902994
27,27,sample_42,26,26,26,68,0.462,10.771,0.559,13.947,0.426,0.0,0.426,0.0,5TPN,1.66114
28,28,sample_19,27,27,27,66,0.385,5.946,0.666,12.833,0.515,0.121,0.636,0.0,5TPN,6.141363
29,29,sample_73,28,28,28,68,0.229,11.231,0.531,19.335,0.426,0.0,0.426,0.0,5TPN,6.4237695
30,30,sample_77,29,29,29,65,0.742,1.936,0.616,8.739,0.662,0.0,0.662,0.0,5TPN,2.1490908
31,31,sample_9,30,30,30,65,0.945,0.687,0.791,6.693,0.138,0.262,0.4,0.0,5TPN,0.6613074
32,32,sample_74,31,31,31,55,0.582,2.536,0.747,5.926,0.582,0.0,0.582,0.0,5TPN,1.8618118
33,33,sample_81,32,32,32,56,0.251,7.375,0.399,16.486,0.196,0.089,0.286,0.0,5TPN,4.0776057
34,34,sample_80,33,33,33,67,0.816,1.624,0.629,9.606,0.582,0.0,0.582,0.0,5TPN,1.5657315
35,35,sample_59,34,34,34,66,0.415,5.693,0.617,12.766,0.606,0.0,0.606,0.0,5TPN,3.4066935
36,36,sample_78,35,35,35,60,0.433,5.389,0.557,11.183,0.7,0.0,0.7,0.0,5TPN,2.9054854
37,37,sample_48,36,36,36,60,0.41,8.017,0.64,10.18,0.333,0.167,0.5,0.0,5TPN,2.4476902
38,38,sample_83,37,37,37,73,0.641,3.08,0.512,11.983,0.219,0.137,0.356,0.0,5TPN,2.4871025
39,39,sample_30,38,38,38,75,0.53,5.371,0.726,10.663,0.8,0.0,0.8,0.0,5TPN,2.1013463
40,40,sample_36,39,39,39,71,0.742,2.491,0.599,11.519,0.577,0.0,0.577,0.0,5TPN,3.068222
41,41,sample_14,40,40,40,74,0.284,9.816,0.453,14.475,0.351,0.0,0.351,0.0,5TPN,2.1002746
42,42,sample_96,41,41,41,65,0.734,2.497,0.804,4.334,0.508,0.0,0.508,0.0,5TPN,0.9712563
43,43,sample_69,42,42,42,65,0.405,5.608,0.488,13.563,0.123,0.169,0.292,0.0,5TPN,3.7595055
44,44,sample_8,43,43,43,72,0.727,2.389,0.661,11.423,0.681,0.0,0.681,0.0,5TPN,2.2861161
45,45,sample_88,44,44,44,62,0.643,2.883,0.605,8.53,0.597,0.0,0.597,0.0,5TPN,1.6479199
46,46,sample_24,45,45,45,72,0.415,7.737,0.421,15.086,0.111,0.125,0.236,0.0,5TPN,3.1059196
47,47,sample_54,46,46,46,67,0.362,6.937,0.554,14.684,0.269,0.06,0.328,0.0,5TPN,3.1345387
48,48,sample_20,47,47,47,61,0.723,2.931,0.671,7.702,0.393,0.0,0.393,0.0,5TPN,2.1325536
49,49,sample_23,48,48,48,67,0.354,6.049,0.547,14.011,0.552,0.0,0.552,0.0,5TPN,2.8469224
50,50,sample_60,49,49,49,73,0.758,1.956,0.724,6.95,0.658,0.0,0.658,0.0,5TPN,1.5434407
51,51,sample_97,50,50,50,61,0.392,6.05,0.667,11.187,0.574,0.0,0.574,0.0,5TPN,2.690757
52,52,sample_4,51,51,51,66,0.575,5.967,0.748,6.225,0.333,0.182,0.515,0.0,5TPN,1.5591184
53,53,sample_99,52,52,52,64,0.44,6.04,0.766,8.315,0.719,0.0,0.719,0.0,5TPN,2.2273202
54,54,sample_35,53,53,53,59,0.363,5.406,0.696,8.866,0.475,0.0,0.475,0.0,5TPN,2.5363333
55,55,sample_29,54,54,54,71,0.784,1.957,0.845,3.102,0.676,0.0,0.676,0.0,5TPN,3.0289552
56,56,sample_51,55,55,55,54,0.522,3.586,0.624,8.184,0.13,0.0,0.13,0.0,5TPN,3.9482944
57,57,sample_17,56,56,56,58,0.795,1.491,0.876,2.122,0.638,0.0,0.638,0.0,5TPN,1.675154
58,58,sample_3,57,57,57,74,0.803,1.964,0.78,4.813,0.635,0.0,0.635,0.0,5TPN,1.3210187
59,59,sample_5,58,58,58,72,0.63,3.407,0.734,6.754,0.111,0.292,0.403,0.0,5TPN,1.9612219
60,60,sample_38,97,97,97,75,0.653,2.971,0.833,4.464,0.827,0.0,0.827,0.0,5TPN,1.2535553
61,61,sample_82,59,59,59,73,0.389,6.018,0.399,15.105,0.068,0.301,0.37,0.0,5TPN,5.6924057
62,62,sample_25,60,60,60,62,0.326,8.171,0.501,14.398,0.161,0.0,0.161,0.0,5TPN,1.8448929
63,63,sample_41,61,61,61,72,0.938,0.803,0.904,2.575,0.431,0.069,0.5,0.0,5TPN,0.90184927
64,64,sample_72,62,62,62,64,0.375,10.442,0.536,14.621,0.281,0.141,0.422,0.0,5TPN,5.8572564
65,65,sample_76,63,63,63,65,0.459,4.483,0.521,15.347,0.462,0.0,0.462,0.0,5TPN,3.6904693
66,66,sample_21,64,64,64,64,0.362,7.153,0.503,12.14,0.0,0.219,0.219,0.0,5TPN,6.050277
67,67,sample_32,65,65,65,62,0.529,4.098,0.715,8.24,0.613,0.0,0.613,0.0,5TPN,1.9749613
68,68,sample_34,66,66,66,53,0.391,7.029,0.715,8.744,0.717,0.0,0.717,0.0,5TPN,4.3597674
69,69,sample_12,67,67,67,58,0.452,3.671,0.554,11.352,0.397,0.0,0.397,0.0,5TPN,2.3788354
70,70,sample_2,68,68,68,62,0.678,2.69,0.817,4.38,0.806,0.0,0.806,0.0,5TPN,3.2052526
71,71,sample_70,69,69,69,59,0.439,5.695,0.649,8.498,0.153,0.153,0.305,0.0,5TPN,2.8664854
72,72,sample_40,70,70,70,53,0.472,4.292,0.549,11.31,0.453,0.0,0.453,0.0,5TPN,2.3074315
73,73,sample_43,71,71,71,65,0.582,4.733,0.485,12.484,0.292,0.123,0.415,0.0,5TPN,2.3827617
74,74,sample_52,72,72,72,66,0.524,4.703,0.54,12.665,0.409,0.0,0.409,0.0,5TPN,2.1122847
75,75,sample_16,73,73,73,70,0.829,1.813,0.699,6.473,0.543,0.0,0.543,0.0,5TPN,1.5345503
76,76,sample_90,74,74,74,73,0.709,2.249,0.617,8.911,0.301,0.137,0.438,0.0,5TPN,2.1777709
77,77,sample_79,75,75,75,60,0.499,6.331,0.623,12.289,0.533,0.0,0.533,0.0,5TPN,2.743912
78,78,sample_98,76,76,76,70,0.556,7.118,0.641,9.179,0.714,0.0,0.714,0.0,5TPN,3.6454384
79,79,sample_13,77,77,77,63,0.535,3.588,0.447,13.476,0.0,0.206,0.206,0.0,5TPN,4.2713313
80,80,sample_15,78,78,78,60,0.416,4.949,0.487,13.69,0.217,0.067,0.283,0.0,5TPN,2.5718877
81,81,sample_67,96,96,96,56,0.428,3.73,0.872,3.333,0.804,0.0,0.804,0.0,5TPN,2.6933284
82,82,sample_6,79,79,79,57,0.263,7.314,0.485,12.436,0.14,0.07,0.211,0.0,5TPN,2.059177
83,83,sample_37,80,80,80,66,0.632,3.182,0.655,9.599,0.682,0.0,0.682,0.0,5TPN,3.0056667
84,84,sample_71,81,81,81,67,0.414,5.746,0.623,10.648,0.463,0.0,0.463,0.0,5TPN,4.8797517
85,85,sample_100,82,82,82,68,0.548,4.672,0.601,12.246,0.662,0.0,0.662,0.0,5TPN,4.8175206
86,86,sample_45,83,83,83,73,0.51,4.915,0.51,13.538,0.274,0.11,0.384,0.0,5TPN,3.8908565
87,87,sample_47,84,84,84,72,0.574,4.014,0.666,11.018,0.5,0.167,0.667,0.0,5TPN,1.8183792
88,88,sample_1,85,85,85,72,0.876,1.394,0.815,12.531,0.833,0.0,0.833,0.0,5TPN,1.5408487
89,89,sample_44,86,86,86,61,0.489,4.398,0.575,11.508,0.459,0.0,0.459,0.0,5TPN,4.4173274
90,90,sample_46,97,97,97,69,0.332,7.213,0.841,10.434,0.884,0.0,0.884,0.0,5TPN,7.471169
91,91,sample_49,87,87,87,71,0.519,4.96,0.781,7.233,0.704,0.0,0.704,0.0,5TPN,1.5137849
92,92,sample_84,88,88,88,64,0.457,7.169,0.696,10.936,0.719,0.0,0.719,0.0,5TPN,3.808503
93,93,sample_39,89,89,89,67,0.294,8.993,0.616,11.436,0.672,0.0,0.672,0.0,5TPN,4.3038855
94,94,sample_22,90,90,90,61,0.805,1.421,0.661,7.045,0.656,0.0,0.656,0.0,5TPN,1.1907376
95,95,sample_65,91,91,91,67,0.487,5.151,0.59,14.055,0.507,0.0,0.507,0.0,5TPN,2.4541118
96,96,sample_89,92,92,92,73,0.607,5.295,0.54,11.95,0.301,0.0,0.301,0.0,5TPN,2.189939
97,97,sample_28,93,93,93,68,0.602,5.094,0.502,13.093,0.426,0.0,0.426,0.0,5TPN,2.137103
98,98,sample_95,94,94,94,68,0.609,3.116,0.686,9.001,0.632,0.0,0.632,0.0,5TPN,1.9611359
99,99,sample_91,95,95,95,65,0.324,6.448,0.545,13.583,0.431,0.0,0.431,0.0,5TPN,4.3292627
100,0,sample_56,0,0,0,71,0.316,6.651,0.478,13.042,0.282,0.056,0.338,0.0,3IXT,2.5956638
101,1,sample_31,1,1,1,60,0.66,4.015,0.663,9.111,0.583,0.0,0.583,0.0,3IXT,0.36215797
102,2,sample_50,2,2,2,59,0.701,2.144,0.622,8.863,0.305,0.102,0.407,0.0,3IXT,1.4263785
103,3,sample_27,3,3,3,72,0.941,0.769,0.863,3.769,0.764,0.0,0.764,0.0,3IXT,0.55570555
104,4,sample_92,4,4,4,72,0.704,2.397,0.647,11.055,0.611,0.0,0.611,0.0,3IXT,0.6765459
105,5,sample_57,76,83,82,67,0.644,4.247,0.736,7.975,0.627,0.0,0.627,0.0,3IXT,0.84302884
106,6,sample_53,5,5,5,62,0.392,5.466,0.545,10.967,0.516,0.0,0.516,0.0,3IXT,0.55615413
107,7,sample_62,6,6,6,71,0.731,3.387,0.765,5.638,0.634,0.0,0.634,0.0,3IXT,0.6854937
108,8,sample_93,7,7,7,54,0.413,9.204,0.665,10.618,0.648,0.0,0.648,0.0,3IXT,1.2551273
109,9,sample_64,8,8,8,67,0.435,7.14,0.598,9.913,0.478,0.0,0.478,0.0,3IXT,0.46013826
110,10,sample_86,9,9,9,53,0.688,3.519,0.863,3.367,0.736,0.0,0.736,0.0,3IXT,0.68359226
111,11,sample_63,10,10,10,58,0.764,5.945,0.819,6.984,0.517,0.0,0.517,0.0,3IXT,0.43719205
112,12,sample_85,11,11,11,62,0.623,2.62,0.6,8.968,0.387,0.0,0.387,0.0,3IXT,0.71400636
113,13,sample_58,12,12,12,72,0.765,2.405,0.74,7.46,0.542,0.0,0.542,0.0,3IXT,0.42650732
114,14,sample_7,13,13,13,68,0.588,3.397,0.575,11.615,0.309,0.132,0.441,0.0,3IXT,1.3307292
115,15,sample_75,78,79,85,60,0.607,6.311,0.699,8.456,0.7,0.0,0.7,0.0,3IXT,0.3743791
116,16,sample_61,14,14,14,74,0.813,2.25,0.802,4.992,0.649,0.0,0.649,0.0,3IXT,0.46859947
117,17,sample_10,15,15,15,73,0.416,8.209,0.665,9.298,0.589,0.0,0.589,0.0,3IXT,0.5957593
118,18,sample_94,16,16,16,61,0.271,8.634,0.521,13.124,0.361,0.0,0.361,0.0,3IXT,0.4368391
119,19,sample_26,17,17,17,72,0.947,0.736,0.918,1.883,0.722,0.0,0.722,0.0,3IXT,0.59169036
120,20,sample_87,75,82,81,71,0.913,1.018,0.71,6.809,0.704,0.0,0.704,0.0,3IXT,0.48072797
121,21,sample_66,18,18,18,72,0.33,9.228,0.428,16.407,0.403,0.0,0.403,0.0,3IXT,3.80003
122,22,sample_68,19,19,19,66,0.783,4.573,0.783,5.374,0.621,0.0,0.621,0.0,3IXT,0.51648813
123,23,sample_18,78,20,20,60,0.51,13.556,0.798,7.758,0.7,0.0,0.7,0.0,3IXT,0.41663262
124,24,sample_55,80,80,79,61,0.889,2.433,0.821,6.28,0.738,0.0,0.738,0.0,3IXT,0.5908286
125,25,sample_11,20,21,21,63,0.617,3.468,0.586,12.017,0.492,0.0,0.492,0.0,3IXT,0.46687266
126,26,sample_33,80,22,22,58,0.77,2.304,0.783,7.256,0.603,0.0,0.603,0.0,3IXT,0.5001482
127,27,sample_42,21,23,23,71,0.787,1.795,0.897,2.635,0.789,0.0,0.789,0.0,3IXT,0.42182377
128,28,sample_19,22,24,24,50,0.756,1.708,0.745,8.471,0.64,0.0,0.64,0.0,3IXT,0.26982343
129,29,sample_73,23,25,25,69,0.646,3.356,0.741,8.773,0.478,0.145,0.623,0.0,3IXT,0.5457524
130,30,sample_77,24,26,26,59,0.515,3.51,0.689,9.044,0.712,0.0,0.712,0.0,3IXT,2.5099423
131,31,sample_9,25,27,27,54,0.889,0.906,0.844,2.982,0.63,0.0,0.63,0.0,3IXT,0.37247938
132,32,sample_74,26,28,28,68,0.566,2.978,0.597,11.869,0.618,0.0,0.618,0.0,3IXT,0.57117504
133,33,sample_81,27,29,29,59,0.502,5.571,0.626,10.289,0.712,0.0,0.712,0.0,3IXT,1.5265752
134,34,sample_80,28,30,30,73,0.747,2.075,0.834,3.837,0.658,0.0,0.658,0.0,3IXT,0.5168761
135,35,sample_59,29,31,31,67,0.75,3.06,0.623,10.807,0.448,0.075,0.522,0.0,3IXT,0.3378784
136,36,sample_78,30,32,32,63,0.583,4.191,0.594,13.122,0.651,0.0,0.651,0.0,3IXT,3.2881017
137,37,sample_48,31,33,33,67,0.662,2.427,0.743,6.179,0.254,0.09,0.343,0.0,3IXT,0.4024498
138,38,sample_83,32,34,34,75,0.439,6.468,0.495,14.045,0.227,0.133,0.36,0.0,3IXT,3.177225
139,39,sample_30,33,35,35,68,0.307,11.291,0.513,19.164,0.132,0.0,0.132,0.0,3IXT,3.9757345
140,40,sample_36,34,36,36,59,0.71,1.99,0.826,4.077,0.271,0.22,0.492,0.0,3IXT,0.52188826
141,41,sample_14,77,86,86,75,0.893,1.141,0.824,4.148,0.627,0.0,0.627,0.0,3IXT,0.93941486
142,42,sample_96,35,37,37,64,0.845,1.354,0.824,3.885,0.297,0.219,0.516,0.0,3IXT,0.53831744
143,43,sample_69,36,38,38,68,0.808,2.395,0.791,4.189,0.691,0.0,0.691,0.0,3IXT,0.65599304
144,44,sample_8,37,39,39,52,0.886,0.957,0.793,4.224,0.327,0.25,0.577,0.0,3IXT,0.47374636
145,45,sample_88,38,40,40,68,0.754,3.211,0.779,6.947,0.603,0.0,0.603,0.0,3IXT,0.46621922
146,46,sample_24,39,41,41,73,0.279,9.267,0.388,16.187,0.233,0.123,0.356,0.0,3IXT,5.498883
147,47,sample_54,40,42,42,62,0.898,1.013,0.758,7.927,0.645,0.0,0.645,0.0,3IXT,0.57177556
148,48,sample_20,41,43,43,68,0.34,7.439,0.514,17.509,0.382,0.059,0.441,0.0,3IXT,3.0408273
149,49,sample_23,76,83,82,65,0.86,1.366,0.825,3.28,0.769,0.0,0.769,0.0,3IXT,0.8775489
150,50,sample_60,78,84,83,73,0.95,0.701,0.881,2.396,0.795,0.0,0.795,0.0,3IXT,0.57157564
151,51,sample_97,78,44,85,55,0.873,1.0,0.868,3.239,0.745,0.0,0.745,0.0,3IXT,0.5615127
152,52,sample_4,42,45,44,72,0.666,4.575,0.647,8.694,0.25,0.194,0.444,0.0,3IXT,0.2765474
153,53,sample_99,43,46,45,60,0.695,5.142,0.756,6.325,0.417,0.0,0.417,0.0,3IXT,0.51554084
154,54,sample_35,80,80,79,60,0.846,1.465,0.775,5.933,0.617,0.0,0.617,0.0,3IXT,0.52715015
155,55,sample_29,74,81,80,52,0.694,2.115,0.7,6.792,0.5,0.0,0.5,0.0,3IXT,0.4376568
156,56,sample_51,79,88,87,51,0.953,0.55,0.883,2.369,0.667,0.0,0.667,0.0,3IXT,0.3644617
157,57,sample_17,44,47,46,62,0.361,7.996,0.689,7.554,0.774,0.0,0.774,0.0,3IXT,3.86734
158,58,sample_3,79,85,84,55,0.906,0.936,0.901,2.103,0.709,0.0,0.709,0.0,3IXT,0.35483882
159,59,sample_5,45,48,47,69,0.899,1.802,0.827,4.146,0.609,0.0,0.609,0.0,3IXT,0.39329395
160,60,sample_38,46,49,48,58,0.878,1.352,0.761,5.802,0.724,0.0,0.724,0.0,3IXT,0.5596142
161,61,sample_82,47,50,49,70,0.529,4.763,0.672,9.7,0.557,0.0,0.557,0.0,3IXT,0.69097364
162,62,sample_25,48,51,50,62,0.451,7.888,0.575,13.742,0.581,0.0,0.581,0.0,3IXT,0.43872756
163,63,sample_41,79,88,87,55,0.791,1.577,0.687,7.23,0.6,0.0,0.6,0.0,3IXT,0.60486895
164,64,sample_72,49,52,51,70,0.923,0.883,0.85,2.846,0.543,0.057,0.6,0.0,3IXT,0.6100958
165,65,sample_76,50,53,52,60,0.524,3.955,0.642,11.042,0.667,0.0,0.667,0.0,3IXT,0.50157696
166,66,sample_21,51,54,53,58,0.899,0.936,0.892,2.456,0.362,0.172,0.534,0.0,3IXT,0.6036978
167,67,sample_32,52,55,54,62,0.246,9.785,0.665,9.344,0.645,0.0,0.645,0.0,3IXT,0.45049396
168,68,sample_34,53,56,55,70,0.702,6.283,0.53,14.179,0.243,0.129,0.371,0.0,3IXT,0.96695125
169,69,sample_12,54,57,56,70,0.607,4.726,0.575,13.297,0.443,0.0,0.443,0.0,3IXT,0.5206793
170,70,sample_2,55,58,57,56,0.884,0.943,0.81,3.827,0.696,0.0,0.696,0.0,3IXT,0.47217795
171,71,sample_70,78,87,58,65,0.478,6.742,0.675,9.32,0.646,0.0,0.646,0.0,3IXT,0.38896528
172,72,sample_40,56,59,59,64,0.255,10.67,0.537,15.594,0.562,0.0,0.562,0.0,3IXT,2.9019167
173,73,sample_43,57,60,60,70,0.576,5.076,0.707,7.441,0.571,0.0,0.571,0.0,3IXT,1.2233956
174,74,sample_52,78,79,85,59,0.824,3.63,0.838,4.665,0.797,0.0,0.797,0.0,3IXT,0.44035724
175,75,sample_16,74,81,80,53,0.893,0.99,0.875,2.509,0.698,0.0,0.698,0.0,3IXT,0.41284207
176,76,sample_90,58,61,61,68,0.76,2.38,0.618,10.986,0.397,0.059,0.456,0.0,3IXT,0.43744463
177,77,sample_79,78,62,62,63,0.77,1.739,0.695,6.618,0.603,0.0,0.603,0.0,3IXT,0.36396578
178,78,sample_98,59,63,63,70,0.635,4.121,0.674,11.816,0.743,0.0,0.743,0.0,3IXT,0.5786023
179,79,sample_13,78,87,85,62,0.556,6.079,0.703,7.657,0.565,0.0,0.565,0.0,3IXT,0.43331215
180,80,sample_15,60,64,64,66,0.929,0.815,0.788,5.018,0.636,0.0,0.636,0.0,3IXT,0.62170273
181,81,sample_67,78,84,83,71,0.825,2.016,0.756,7.315,0.592,0.0,0.592,0.0,3IXT,0.46559352
182,82,sample_6,61,65,65,66,0.656,4.567,0.779,9.304,0.712,0.0,0.712,0.0,3IXT,0.5933135
183,83,sample_37,79,85,84,55,0.905,0.883,0.915,1.937,0.655,0.0,0.655,0.0,3IXT,0.44742957
184,84,sample_71,62,66,66,71,0.79,2.168,0.582,11.389,0.423,0.0,0.423,0.0,3IXT,0.33054298
185,85,sample_100,80,67,67,65,0.858,1.48,0.87,3.326,0.677,0.0,0.677,0.0,3IXT,0.59272665
186,86,sample_45,63,68,68,63,0.795,3.257,0.788,6.45,0.556,0.0,0.556,0.0,3IXT,0.47667974
187,87,sample_47,64,69,69,51,0.585,5.292,0.864,3.23,0.745,0.0,0.745,0.0,3IXT,0.45806527
188,88,sample_1,78,79,85,59,0.891,1.128,0.877,2.805,0.78,0.0,0.78,0.0,3IXT,0.42614546
189,89,sample_44,65,70,70,68,0.592,4.159,0.549,11.605,0.412,0.088,0.5,0.0,3IXT,4.3203387
190,90,sample_46,66,71,71,59,0.698,3.987,0.759,6.659,0.78,0.0,0.78,0.0,3IXT,0.68537074
191,91,sample_49,67,72,72,57,0.796,1.686,0.725,6.003,0.596,0.0,0.596,0.0,3IXT,0.4563526
192,92,sample_84,68,73,73,61,0.605,4.031,0.724,10.09,0.689,0.0,0.689,0.0,3IXT,0.45320126
193,93,sample_39,75,82,81,72,0.775,1.82,0.733,6.718,0.681,0.0,0.681,0.0,3IXT,0.48409936
194,94,sample_22,69,74,74,64,0.562,3.845,0.726,8.444,0.578,0.0,0.578,0.0,3IXT,0.46033323
195,95,sample_65,77,86,86,73,0.713,3.29,0.705,7.516,0.658,0.0,0.658,0.0,3IXT,0.43127897
196,96,sample_89,70,75,75,63,0.717,2.594,0.628,8.448,0.476,0.063,0.54,0.0,3IXT,0.43488768
197,97,sample_28,71,76,76,69,0.547,3.108,0.637,8.371,0.348,0.188,0.536,0.0,3IXT,2.1074145
198,98,sample_95,72,77,77,75,0.898,1.508,0.882,4.221,0.733,0.0,0.733,0.0,3IXT,0.3473656
199,99,sample_91,73,78,78,74,0.729,3.783,0.63,11.047,0.311,0.135,0.446,0.0,3IXT,0.4330117
200,0,sample_1,0,0,0,67,0.331,9.964,0.664,15.706,0.328,0.0,0.328,0.0,1YCR,0.62566864
201,1,sample_10,1,1,1,78,0.274,10.641,0.435,15.184,0.205,0.064,0.269,0.0,1YCR,1.2661167
202,2,sample_100,2,2,2,68,0.605,7.742,0.665,10.829,0.706,0.0,0.706,0.0,1YCR,0.5732582
203,3,sample_11,3,3,3,72,0.508,4.266,0.593,11.249,0.611,0.0,0.611,0.0,1YCR,1.1153843
204,4,sample_12,4,4,4,56,0.787,2.354,0.839,4.07,0.214,0.268,0.482,0.0,1YCR,1.293214
205,5,sample_13,5,5,5,68,0.698,2.58,0.698,8.723,0.706,0.0,0.706,0.0,1YCR,1.2492037
206,6,sample_14,6,6,6,81,0.707,2.47,0.613,11.26,0.605,0.0,0.605,0.0,1YCR,0.8367937
207,7,sample_15,7,7,7,68,0.688,3.794,0.637,11.187,0.221,0.191,0.412,0.0,1YCR,1.397153
208,8,sample_16,8,8,8,64,0.536,5.28,0.679,11.044,0.281,0.0,0.281,0.0,1YCR,0.3902289
209,9,sample_17,93,92,94,61,0.799,1.544,0.87,2.465,0.803,0.0,0.803,0.0,1YCR,1.2925876
210,10,sample_18,9,9,9,78,0.826,1.984,0.685,9.454,0.667,0.0,0.667,0.0,1YCR,1.2756939
211,11,sample_19,10,10,10,87,0.789,2.535,0.715,7.878,0.678,0.0,0.678,0.0,1YCR,1.4761196
212,12,sample_2,11,11,11,53,0.438,5.348,0.569,10.985,0.0,0.094,0.094,0.0,1YCR,3.7777357
213,13,sample_20,12,12,12,61,0.921,0.913,0.896,3.331,0.705,0.0,0.705,0.0,1YCR,0.47142684
214,14,sample_21,13,13,13,54,0.445,8.501,0.61,11.228,0.556,0.0,0.556,0.0,1YCR,1.2263079
215,15,sample_22,14,14,14,74,0.28,8.479,0.439,14.8,0.162,0.243,0.405,0.0,1YCR,3.4908783
216,16,sample_23,15,15,15,74,0.775,2.419,0.774,5.029,0.0,0.297,0.297,0.0,1YCR,1.4343715
217,17,sample_24,16,16,16,55,0.578,3.665,0.589,9.071,0.218,0.0,0.218,0.0,1YCR,1.2321181
218,18,sample_25,17,17,17,41,0.689,1.827,0.77,4.398,0.756,0.0,0.756,0.0,1YCR,1.8554759
219,19,sample_26,18,18,18,51,0.82,1.481,0.751,5.186,0.608,0.0,0.608,0.0,1YCR,0.58144253
220,20,sample_27,19,19,19,61,0.843,1.274,0.786,6.296,0.705,0.0,0.705,0.0,1YCR,1.3568774
221,21,sample_28,20,20,20,45,0.526,5.338,0.822,7.225,0.844,0.0,0.844,0.0,1YCR,1.3810788
222,22,sample_29,21,21,21,59,0.759,1.858,0.622,12.924,0.322,0.119,0.441,0.0,1YCR,1.1882255
223,23,sample_3,22,22,22,74,0.547,4.048,0.5,12.735,0.324,0.0,0.324,0.0,1YCR,2.0219753
224,24,sample_30,23,23,23,46,0.715,1.717,0.77,4.675,0.674,0.0,0.674,0.0,1YCR,1.3454492
225,25,sample_31,24,24,24,63,0.531,7.016,0.718,8.932,0.603,0.0,0.603,0.0,1YCR,1.3857309
226,26,sample_32,25,25,25,53,0.821,1.215,0.768,5.157,0.189,0.245,0.434,0.0,1YCR,1.3041673
227,27,sample_33,90,93,91,69,0.889,1.51,0.719,7.95,0.739,0.0,0.739,0.0,1YCR,1.3533627
228,28,sample_34,90,93,91,71,0.801,2.085,0.844,3.128,0.732,0.0,0.732,0.0,1YCR,1.2130752
229,29,sample_35,26,26,26,60,0.834,1.738,0.823,4.294,0.35,0.167,0.517,0.0,1YCR,0.93215805
230,30,sample_36,27,27,27,50,0.627,2.126,0.701,6.496,0.56,0.0,0.56,0.0,1YCR,1.3157864
231,31,sample_37,28,28,28,80,0.386,6.29,0.408,15.381,0.112,0.075,0.188,0.0,1YCR,1.2134523
232,32,sample_38,29,29,29,62,0.664,2.892,0.79,4.387,0.726,0.0,0.726,0.0,1YCR,1.014013
233,33,sample_39,30,30,30,59,0.87,1.375,0.816,3.308,0.644,0.0,0.644,0.0,1YCR,3.1599357
234,34,sample_4,31,31,31,80,0.763,3.634,0.801,6.279,0.762,0.0,0.762,0.0,1YCR,1.3040742
235,35,sample_40,32,32,32,54,0.698,2.116,0.67,8.07,0.574,0.0,0.574,0.0,1YCR,1.451567
236,36,sample_41,33,33,33,64,0.372,12.413,0.729,10.754,0.609,0.0,0.609,0.0,1YCR,1.3830665
237,37,sample_42,34,34,34,68,0.82,1.721,0.821,4.287,0.632,0.0,0.632,0.0,1YCR,1.2133565
238,38,sample_43,35,35,35,76,0.854,1.44,0.786,4.957,0.605,0.0,0.605,0.0,1YCR,0.54129124
239,39,sample_44,36,36,36,86,0.327,11.137,0.458,15.211,0.244,0.163,0.407,0.0,1YCR,0.53183407
240,40,sample_45,37,37,37,75,0.625,3.086,0.722,8.099,0.707,0.0,0.707,0.0,1YCR,1.316255
241,41,sample_46,93,38,94,66,0.802,1.602,0.812,6.046,0.742,0.0,0.742,0.0,1YCR,1.3184245
242,42,sample_47,38,39,38,76,0.467,7.011,0.61,10.468,0.711,0.0,0.711,0.0,1YCR,1.3733399
243,43,sample_48,39,40,39,42,0.751,1.246,0.765,4.194,0.714,0.0,0.714,0.0,1YCR,0.37621427
244,44,sample_49,40,41,40,59,0.601,4.479,0.76,8.055,0.797,0.0,0.797,0.0,1YCR,1.1249583
245,45,sample_5,41,42,41,57,0.743,1.718,0.704,6.879,0.632,0.0,0.632,0.0,1YCR,0.9036593
246,46,sample_50,42,43,42,54,0.456,5.166,0.601,9.414,0.407,0.0,0.407,0.0,1YCR,1.1982479
247,47,sample_51,43,44,43,44,0.339,7.087,0.824,5.884,0.841,0.0,0.841,0.0,1YCR,1.2040441
248,48,sample_52,44,45,44,47,0.885,0.91,0.845,3.268,0.851,0.0,0.851,0.0,1YCR,1.3108517
249,49,sample_53,45,46,45,47,0.461,6.077,0.742,7.159,0.702,0.0,0.702,0.0,1YCR,1.809392
250,50,sample_54,92,95,93,49,0.781,1.525,0.852,3.388,0.796,0.0,0.796,0.0,1YCR,1.3118249
251,51,sample_55,46,47,46,49,0.354,5.817,0.516,13.022,0.184,0.0,0.184,0.0,1YCR,2.1933818
252,52,sample_56,47,48,47,53,0.76,1.568,0.701,6.699,0.717,0.0,0.717,0.0,1YCR,1.3275173
253,53,sample_57,91,94,92,68,0.679,3.551,0.821,5.17,0.735,0.0,0.735,0.0,1YCR,1.3358079
254,54,sample_58,48,49,48,72,0.312,9.816,0.404,16.75,0.111,0.167,0.278,0.0,1YCR,1.0849445
255,55,sample_59,49,50,49,56,0.395,5.682,0.753,11.083,0.679,0.0,0.679,0.0,1YCR,1.1037786
256,56,sample_6,50,51,50,66,0.39,9.928,0.717,12.018,0.561,0.0,0.561,0.0,1YCR,3.4102182
257,57,sample_60,51,52,51,65,0.493,5.415,0.549,11.043,0.354,0.123,0.477,0.0,1YCR,0.65039074
258,58,sample_61,52,53,52,51,0.575,2.815,0.576,9.849,0.608,0.0,0.608,0.0,1YCR,1.1749619
259,59,sample_62,53,54,53,52,0.419,11.198,0.653,13.094,0.558,0.0,0.558,0.0,1YCR,1.2420654
260,60,sample_63,54,55,54,52,0.257,11.485,0.582,15.813,0.577,0.0,0.577,0.0,1YCR,1.5652505
261,61,sample_64,55,56,55,40,0.631,2.081,0.812,5.121,0.525,0.0,0.525,0.0,1YCR,1.2760605
262,62,sample_65,56,57,56,43,0.804,1.383,0.754,4.818,0.698,0.0,0.698,0.0,1YCR,1.2408872
263,63,sample_66,57,58,57,60,0.413,10.461,0.637,14.952,0.5,0.0,0.5,0.0,1YCR,1.3939846
264,64,sample_67,58,59,58,48,0.338,4.158,0.553,11.281,0.479,0.0,0.479,0.0,1YCR,1.3002065
265,65,sample_68,59,60,59,77,0.846,1.79,0.729,7.55,0.714,0.0,0.714,0.0,1YCR,1.5666825
266,66,sample_69,60,61,60,49,0.838,1.11,0.75,4.516,0.673,0.0,0.673,0.0,1YCR,0.5428982
267,67,sample_7,61,62,61,57,0.864,1.236,0.661,8.249,0.544,0.0,0.544,0.0,1YCR,1.1148702
268,68,sample_70,62,63,62,49,0.753,1.463,0.717,6.277,0.653,0.0,0.653,0.0,1YCR,1.2704453
269,69,sample_71,63,64,63,52,0.668,2.78,0.56,11.142,0.635,0.0,0.635,0.0,1YCR,1.2998451
270,70,sample_72,93,65,64,69,0.916,0.971,0.843,3.509,0.681,0.0,0.681,0.0,1YCR,0.89299875
271,71,sample_73,92,95,93,48,0.855,1.712,0.821,5.487,0.729,0.0,0.729,0.0,1YCR,3.4224489
272,72,sample_74,64,66,65,47,0.735,2.24,0.802,4.569,0.702,0.0,0.702,0.0,1YCR,1.2752038
273,73,sample_75,65,67,66,65,0.613,3.043,0.567,9.658,0.154,0.154,0.308,0.0,1YCR,1.2240195
274,74,sample_76,66,68,67,62,0.361,10.537,0.71,13.56,0.726,0.0,0.726,0.0,1YCR,1.3507347
275,75,sample_77,67,69,68,83,0.35,8.97,0.423,14.816,0.361,0.108,0.47,0.0,1YCR,1.6160187
276,76,sample_78,68,70,69,54,0.741,1.959,0.723,7.558,0.741,0.0,0.741,0.0,1YCR,0.858214
277,77,sample_79,69,71,70,45,0.528,4.018,0.697,9.41,0.667,0.0,0.667,0.0,1YCR,3.6293821
278,78,sample_8,70,72,71,69,0.438,4.879,0.566,13.701,0.565,0.0,0.565,0.0,1YCR,1.3146421
279,79,sample_80,71,73,72,63,0.319,8.259,0.535,17.651,0.254,0.0,0.254,0.0,1YCR,3.413985
280,80,sample_81,72,74,73,84,0.555,5.339,0.511,13.86,0.31,0.048,0.357,0.0,1YCR,2.9564877
281,81,sample_82,93,92,94,60,0.919,0.857,0.859,2.707,0.75,0.0,0.75,0.0,1YCR,1.2942798
282,82,sample_83,91,94,92,65,0.766,2.303,0.787,7.702,0.892,0.0,0.892,0.0,1YCR,0.80947024
283,83,sample_84,73,75,74,55,0.681,2.754,0.73,6.158,0.709,0.0,0.709,0.0,1YCR,1.439527
284,84,sample_85,74,76,75,68,0.879,1.231,0.811,3.699,0.75,0.0,0.75,0.0,1YCR,1.15033
285,85,sample_86,75,77,76,46,0.373,6.186,0.647,9.867,0.609,0.0,0.609,0.0,1YCR,1.1903983
286,86,sample_87,76,78,77,62,0.633,3.192,0.667,10.02,0.484,0.0,0.484,0.0,1YCR,1.3749015
287,87,sample_88,77,79,78,73,0.612,3.427,0.584,10.229,0.466,0.151,0.616,0.0,1YCR,1.5015148
288,88,sample_89,78,80,79,66,0.701,1.979,0.658,8.142,0.727,0.0,0.727,0.0,1YCR,1.3225367
289,89,sample_9,79,81,80,46,0.464,3.013,0.717,6.086,0.522,0.0,0.522,0.0,1YCR,0.7071536
290,90,sample_90,80,82,81,53,0.485,4.239,0.607,9.749,0.528,0.0,0.528,0.0,1YCR,1.3088902
291,91,sample_91,81,83,82,54,0.466,4.8,0.691,8.396,0.0,0.204,0.204,0.0,1YCR,3.5494053
292,92,sample_92,82,84,83,63,0.426,7.317,0.497,13.493,0.143,0.349,0.492,0.0,1YCR,4.2406163
293,93,sample_93,83,85,84,51,0.536,3.786,0.516,12.822,0.157,0.118,0.275,0.0,1YCR,3.3798423
294,94,sample_94,84,86,85,55,0.322,8.468,0.629,11.305,0.527,0.0,0.527,0.0,1YCR,1.1367359
295,95,sample_95,85,87,86,43,0.553,3.325,0.792,6.652,0.791,0.0,0.791,0.0,1YCR,0.79769987
296,96,sample_96,86,88,87,71,0.795,2.879,0.636,8.951,0.38,0.07,0.451,0.0,1YCR,1.2910017
297,97,sample_97,87,89,88,61,0.838,1.319,0.832,4.116,0.41,0.262,0.672,0.0,1YCR,1.3897079
298,98,sample_98,88,90,89,48,0.722,1.871,0.621,12.335,0.646,0.0,0.646,0.0,1YCR,0.6411167
299,99,sample_99,89,91,90,52,0.813,1.526,0.839,3.32,0.692,0.0,0.692,0.0,1YCR,1.1440942
300,0,sample_32,0,0,0,60,0.326,8.449,0.625,15.725,0.533,0.0,0.533,0.0,7MRX_60,3.6828642
301,1,sample_87,1,1,1,60,0.758,2.078,0.66,7.666,0.367,0.0,0.367,0.0,7MRX_60,0.90994465
302,2,sample_78,2,2,2,60,0.544,3.299,0.745,5.501,0.667,0.0,0.667,0.0,7MRX_60,2.2239466
303,3,sample_13,3,3,3,60,0.47,7.553,0.508,12.427,0.417,0.0,0.417,0.0,7MRX_60,5.2010703
304,4,sample_47,4,4,4,60,0.35,7.819,0.513,13.109,0.167,0.0,0.167,0.0,7MRX_60,3.0361936
305,5,sample_80,5,5,5,60,0.526,4.237,0.64,11.837,0.517,0.0,0.517,0.0,7MRX_60,2.7025065
306,6,sample_19,6,6,6,60,0.463,4.943,0.54,12.255,0.417,0.0,0.417,0.0,7MRX_60,4.4095297
307,7,sample_2,7,7,7,60,0.766,2.246,0.619,9.36,0.133,0.15,0.283,0.0,7MRX_60,1.1333088
308,8,sample_31,8,8,8,60,0.482,6.685,0.558,12.196,0.15,0.233,0.383,0.0,7MRX_60,2.3737633
309,9,sample_51,9,9,9,60,0.479,3.733,0.641,8.632,0.6,0.0,0.6,0.0,7MRX_60,1.3531649
310,10,sample_15,10,10,10,60,0.37,6.431,0.528,15.095,0.233,0.0,0.233,0.0,7MRX_60,3.47635
311,11,sample_24,11,11,11,60,0.736,2.075,0.823,4.53,0.733,0.0,0.733,0.0,7MRX_60,1.7961998
312,12,sample_6,12,12,12,60,0.388,5.278,0.487,14.417,0.417,0.0,0.417,0.0,7MRX_60,3.358216
313,13,sample_81,13,13,13,60,0.469,6.53,0.602,12.707,0.617,0.0,0.617,0.0,7MRX_60,3.20688
314,14,sample_33,14,14,14,60,0.624,3.85,0.59,10.591,0.483,0.0,0.483,0.0,7MRX_60,2.2781699
315,15,sample_63,15,15,15,60,0.679,2.579,0.741,5.543,0.333,0.133,0.467,0.0,7MRX_60,2.194544
316,16,sample_42,16,16,16,60,0.335,5.173,0.736,8.588,0.567,0.0,0.567,0.0,7MRX_60,3.8514984
317,17,sample_30,17,17,17,60,0.352,7.974,0.48,12.63,0.217,0.0,0.217,0.0,7MRX_60,3.1575127
318,18,sample_66,18,18,18,60,0.338,6.968,0.461,13.929,0.283,0.133,0.417,0.0,7MRX_60,2.4003112
319,19,sample_11,19,19,19,60,0.458,5.955,0.637,9.506,0.617,0.0,0.617,0.0,7MRX_60,2.111371
320,20,sample_39,20,20,20,60,0.331,7.479,0.529,14.054,0.3,0.0,0.3,0.0,7MRX_60,4.999726
321,21,sample_53,21,21,21,60,0.267,9.858,0.409,18.376,0.0,0.067,0.067,0.0,7MRX_60,5.786401
322,22,sample_28,22,22,22,60,0.332,9.599,0.625,11.646,0.55,0.0,0.55,0.0,7MRX_60,2.5407965
323,23,sample_71,23,23,23,60,0.821,1.544,0.73,6.486,0.417,0.0,0.417,0.0,7MRX_60,1.0280828
324,24,sample_37,24,24,24,60,0.541,5.179,0.63,11.417,0.5,0.0,0.5,0.0,7MRX_60,2.9353368
325,25,sample_4,25,25,25,60,0.81,1.656,0.69,6.653,0.6,0.0,0.6,0.0,7MRX_60,1.7455285
326,26,sample_62,26,26,26,60,0.769,1.771,0.714,6.129,0.583,0.0,0.583,0.0,7MRX_60,1.4880553
327,27,sample_84,98,98,98,60,0.382,4.948,0.75,9.107,0.717,0.0,0.717,0.0,7MRX_60,2.8964899
328,28,sample_88,27,27,27,60,0.458,6.655,0.614,13.295,0.783,0.0,0.783,0.0,7MRX_60,3.4077785
329,29,sample_82,28,28,28,60,0.31,10.186,0.44,16.487,0.333,0.0,0.333,0.0,7MRX_60,4.3823714
330,30,sample_83,29,29,29,60,0.643,4.24,0.62,11.494,0.4,0.0,0.4,0.0,7MRX_60,2.0436902
331,31,sample_85,30,30,30,60,0.58,4.178,0.622,11.965,0.65,0.0,0.65,0.0,7MRX_60,3.5278556
332,32,sample_16,31,31,31,60,0.418,8.461,0.687,9.211,0.6,0.0,0.6,0.0,7MRX_60,2.8506587
333,33,sample_72,32,32,32,60,0.575,3.534,0.582,11.083,0.55,0.0,0.55,0.0,7MRX_60,2.5308497
334,34,sample_86,33,33,33,60,0.419,6.532,0.58,10.936,0.2,0.15,0.35,0.0,7MRX_60,3.1938088
335,35,sample_41,34,34,34,60,0.493,4.125,0.571,12.128,0.617,0.0,0.617,0.0,7MRX_60,1.560726
336,36,sample_70,35,35,35,60,0.371,7.949,0.566,12.889,0.7,0.0,0.7,0.0,7MRX_60,2.4944503
337,37,sample_46,36,36,36,60,0.334,8.61,0.534,13.003,0.517,0.0,0.517,0.0,7MRX_60,2.2124045
338,38,sample_73,37,37,37,60,0.4,4.978,0.615,8.402,0.283,0.0,0.283,0.0,7MRX_60,3.0634754
339,39,sample_76,38,38,38,60,0.342,7.336,0.554,11.127,0.6,0.0,0.6,0.0,7MRX_60,2.2342465
340,40,sample_38,39,39,39,60,0.247,9.919,0.438,15.109,0.35,0.0,0.35,0.0,7MRX_60,3.2317188
341,41,sample_56,40,40,40,60,0.364,9.261,0.551,13.067,0.433,0.0,0.433,0.0,7MRX_60,1.600478
342,42,sample_44,41,41,41,60,0.309,9.851,0.572,18.091,0.35,0.0,0.35,0.0,7MRX_60,3.416092
343,43,sample_68,42,42,42,60,0.431,4.519,0.525,12.429,0.533,0.0,0.533,0.0,7MRX_60,3.8462212
344,44,sample_55,43,43,43,60,0.343,8.768,0.531,12.432,0.467,0.0,0.467,0.0,7MRX_60,2.339561
345,45,sample_43,44,44,44,60,0.608,4.51,0.626,10.362,0.467,0.0,0.467,0.0,7MRX_60,2.036104
346,46,sample_12,45,45,45,60,0.603,3.678,0.789,6.139,0.667,0.0,0.667,0.0,7MRX_60,1.7241322
347,47,sample_8,46,46,46,60,0.507,8.8,0.619,10.375,0.6,0.0,0.6,0.0,7MRX_60,2.5180843
348,48,sample_5,47,47,47,60,0.633,2.481,0.675,6.871,0.517,0.0,0.517,0.0,7MRX_60,1.8663204
349,49,sample_40,48,48,48,60,0.57,3.302,0.59,10.217,0.5,0.0,0.5,0.0,7MRX_60,2.7437096
350,50,sample_100,49,49,49,60,0.626,3.517,0.544,10.722,0.333,0.0,0.333,0.0,7MRX_60,2.3984172
351,51,sample_59,50,50,50,60,0.311,6.777,0.681,14.055,0.667,0.0,0.667,0.0,7MRX_60,2.673476
352,52,sample_58,51,51,51,60,0.834,1.302,0.735,5.218,0.567,0.0,0.567,0.0,7MRX_60,1.4030282
353,53,sample_29,52,52,52,60,0.661,2.751,0.672,7.902,0.55,0.0,0.55,0.0,7MRX_60,1.5673777
354,54,sample_23,53,53,53,60,0.55,3.455,0.543,10.802,0.667,0.0,0.667,0.0,7MRX_60,2.6203067
355,55,sample_93,54,54,54,60,0.771,1.622,0.808,3.673,0.467,0.0,0.467,0.0,7MRX_60,1.5736367
356,56,sample_90,55,55,55,60,0.432,4.324,0.589,13.393,0.467,0.0,0.467,0.0,7MRX_60,2.0877454
357,57,sample_65,56,56,56,60,0.369,7.83,0.502,14.111,0.417,0.0,0.417,0.0,7MRX_60,2.0004535
358,58,sample_98,57,57,57,60,0.395,5.178,0.611,11.444,0.6,0.0,0.6,0.0,7MRX_60,2.884775
359,59,sample_3,58,58,58,60,0.526,5.41,0.621,9.447,0.467,0.0,0.467,0.0,7MRX_60,1.6837566
360,60,sample_99,59,59,59,60,0.545,4.504,0.6,10.534,0.583,0.0,0.583,0.0,7MRX_60,3.0050004
361,61,sample_89,60,60,60,60,0.477,5.452,0.708,11.029,0.633,0.0,0.633,0.0,7MRX_60,2.1884382
362,62,sample_20,61,61,61,60,0.632,3.06,0.553,11.309,0.35,0.0,0.35,0.0,7MRX_60,2.8107986
363,63,sample_60,62,62,62,60,0.499,5.617,0.528,12.322,0.133,0.0,0.133,0.0,7MRX_60,1.7657652
364,64,sample_64,63,63,63,60,0.666,3.911,0.601,12.666,0.217,0.2,0.417,0.0,7MRX_60,2.1862698
365,65,sample_21,64,64,64,60,0.495,5.356,0.676,9.125,0.6,0.0,0.6,0.0,7MRX_60,2.1678846
366,66,sample_26,65,65,65,60,0.51,5.349,0.726,7.204,0.7,0.0,0.7,0.0,7MRX_60,2.4701838
367,67,sample_10,66,66,66,60,0.498,4.388,0.479,12.9,0.317,0.0,0.317,0.0,7MRX_60,2.3629048
368,68,sample_54,67,67,67,60,0.428,5.53,0.544,11.982,0.4,0.0,0.4,0.0,7MRX_60,1.6585542
369,69,sample_57,68,68,68,60,0.289,9.581,0.708,12.439,0.433,0.0,0.433,0.0,7MRX_60,3.10011
370,70,sample_17,69,69,69,60,0.476,5.291,0.546,13.107,0.433,0.0,0.433,0.0,7MRX_60,2.6693594
371,71,sample_36,70,70,70,60,0.522,5.511,0.725,8.529,0.617,0.0,0.617,0.0,7MRX_60,2.148447
372,72,sample_95,71,71,71,60,0.602,3.885,0.491,12.444,0.0,0.067,0.067,0.0,7MRX_60,5.2221007
373,73,sample_49,98,98,98,60,0.589,3.031,0.849,4.771,0.767,0.0,0.767,0.0,7MRX_60,2.4683385
374,74,sample_25,72,72,72,60,0.445,7.276,0.591,10.544,0.467,0.0,0.467,0.0,7MRX_60,3.0121412
375,75,sample_22,73,73,73,60,0.508,3.997,0.615,8.572,0.433,0.0,0.433,0.0,7MRX_60,3.9673345
376,76,sample_9,74,74,74,60,0.518,9.418,0.562,12.725,0.583,0.0,0.583,0.0,7MRX_60,4.060224
377,77,sample_77,75,75,75,60,0.554,2.902,0.685,7.992,0.283,0.217,0.5,0.0,7MRX_60,3.1465263
378,78,sample_7,76,76,76,60,0.476,8.358,0.728,9.548,0.667,0.0,0.667,0.0,7MRX_60,3.4288363
379,79,sample_35,77,77,77,60,0.751,1.681,0.703,6.35,0.15,0.183,0.333,0.0,7MRX_60,1.6617851
380,80,sample_94,78,78,78,60,0.538,8.861,0.53,10.515,0.55,0.0,0.55,0.0,7MRX_60,2.854109
381,81,sample_34,79,79,79,60,0.418,4.54,0.558,11.914,0.3,0.0,0.3,0.0,7MRX_60,2.8038273
382,82,sample_67,80,80,80,60,0.494,4.393,0.45,14.641,0.15,0.067,0.217,0.0,7MRX_60,2.6400084
383,83,sample_61,81,81,81,60,0.532,4.331,0.758,5.883,0.533,0.0,0.533,0.0,7MRX_60,2.5102
384,84,sample_14,82,82,82,60,0.374,10.369,0.563,13.631,0.5,0.0,0.5,0.0,7MRX_60,6.019475
385,85,sample_27,83,83,83,60,0.424,6.632,0.444,14.341,0.333,0.067,0.4,0.0,7MRX_60,3.8216028
386,86,sample_52,84,84,84,60,0.364,7.127,0.509,11.577,0.4,0.067,0.467,0.0,7MRX_60,3.4773998
387,87,sample_45,85,85,85,60,0.391,5.529,0.541,11.979,0.5,0.0,0.5,0.0,7MRX_60,3.0265877
388,88,sample_91,86,86,86,60,0.764,1.823,0.792,3.811,0.583,0.0,0.583,0.0,7MRX_60,2.2628295
389,89,sample_75,87,87,87,60,0.456,3.779,0.568,10.107,0.583,0.0,0.583,0.0,7MRX_60,2.725528
390,90,sample_1,88,88,88,60,0.861,1.327,0.764,4.781,0.5,0.0,0.5,0.0,7MRX_60,0.9381241
391,91,sample_92,89,89,89,60,0.784,1.93,0.659,9.986,0.633,0.0,0.633,0.0,7MRX_60,1.5360638
392,92,sample_48,90,90,90,60,0.532,3.258,0.788,5.829,0.533,0.0,0.533,0.0,7MRX_60,1.9002681
393,93,sample_96,91,91,91,60,0.804,1.666,0.699,6.893,0.433,0.0,0.433,0.0,7MRX_60,0.5253117
394,94,sample_50,92,92,92,60,0.603,4.881,0.775,6.021,0.65,0.0,0.65,0.0,7MRX_60,2.8287892
395,95,sample_74,93,93,93,60,0.838,1.723,0.773,4.833,0.283,0.15,0.433,0.0,7MRX_60,1.1767167
396,96,sample_69,94,94,94,60,0.483,4.965,0.626,8.557,0.533,0.0,0.533,0.0,7MRX_60,2.6225827
397,97,sample_97,95,95,95,60,0.342,7.915,0.54,17.429,0.233,0.283,0.517,0.0,7MRX_60,3.7603483
398,98,sample_18,96,96,96,60,0.691,3.427,0.764,5.867,0.567,0.0,0.567,0.0,7MRX_60,3.1412685
399,99,sample_79,97,97,97,60,0.325,7.705,0.585,9.627,0.35,0.0,0.35,0.0,7MRX_60,3.634266
400,0,sample_1,0,0,0,85,0.679,3.497,0.631,10.795,0.588,0.0,0.588,0.0,7MRX_85,1.7660341
401,1,sample_10,1,1,1,85,0.322,11.767,0.405,17.546,0.282,0.0,0.282,0.0,7MRX_85,4.2349296
402,2,sample_100,2,2,2,85,0.743,2.86,0.561,11.204,0.212,0.212,0.424,0.0,7MRX_85,3.9116726
403,3,sample_11,3,3,3,85,0.408,6.715,0.583,13.713,0.412,0.059,0.471,0.0,7MRX_85,3.172503
404,4,sample_12,4,4,4,85,0.474,4.925,0.49,15.817,0.376,0.0,0.376,0.0,7MRX_85,2.678151
405,5,sample_13,5,5,5,85,0.388,8.621,0.384,16.774,0.106,0.094,0.2,0.0,7MRX_85,5.9956684
406,6,sample_14,6,6,6,85,0.712,2.897,0.637,10.984,0.635,0.0,0.635,0.0,7MRX_85,2.6156714
407,7,sample_15,7,7,7,85,0.696,2.664,0.613,10.536,0.282,0.2,0.482,0.0,7MRX_85,2.1008606
408,8,sample_16,8,8,8,85,0.735,2.473,0.644,8.254,0.376,0.0,0.376,0.0,7MRX_85,3.1459613
409,9,sample_17,9,9,9,85,0.873,1.94,0.839,4.46,0.341,0.118,0.459,0.0,7MRX_85,1.0406224
410,10,sample_18,10,10,10,85,0.584,4.044,0.542,12.631,0.624,0.0,0.624,0.0,7MRX_85,4.0473495
411,11,sample_19,11,11,11,85,0.366,12.196,0.582,17.422,0.635,0.0,0.635,0.0,7MRX_85,3.7736096
412,12,sample_2,12,12,12,85,0.333,8.771,0.491,16.839,0.212,0.0,0.212,0.0,7MRX_85,3.4854198
413,13,sample_20,13,13,13,85,0.404,7.574,0.453,15.548,0.329,0.0,0.329,0.0,7MRX_85,3.290153
414,14,sample_21,14,14,14,85,0.648,3.517,0.55,11.498,0.624,0.047,0.671,0.0,7MRX_85,3.4417217
415,15,sample_22,15,15,15,85,0.532,6.004,0.564,11.678,0.471,0.0,0.471,0.0,7MRX_85,2.5356228
416,16,sample_23,16,16,16,85,0.296,8.956,0.453,14.097,0.176,0.2,0.376,0.0,7MRX_85,2.6088626
417,17,sample_24,17,17,17,85,0.304,11.611,0.536,19.985,0.471,0.0,0.471,0.0,7MRX_85,2.5532253
418,18,sample_25,18,18,18,85,0.385,8.401,0.513,13.402,0.376,0.0,0.376,0.0,7MRX_85,2.2093866
419,19,sample_26,19,19,19,85,0.384,8.673,0.452,15.278,0.365,0.0,0.365,0.0,7MRX_85,4.671758
420,20,sample_27,20,20,20,85,0.7,2.921,0.545,11.183,0.106,0.176,0.282,0.0,7MRX_85,1.9233633
421,21,sample_28,21,21,21,85,0.702,3.018,0.668,8.13,0.318,0.106,0.424,0.0,7MRX_85,2.473828
422,22,sample_29,22,22,22,85,0.725,4.083,0.802,5.31,0.6,0.0,0.6,0.0,7MRX_85,2.5807548
423,23,sample_3,23,23,23,85,0.606,3.596,0.53,12.534,0.365,0.094,0.459,0.0,7MRX_85,1.9103255
424,24,sample_30,24,24,24,85,0.693,3.499,0.594,10.583,0.576,0.0,0.576,0.0,7MRX_85,1.7009596
425,25,sample_31,25,25,25,85,0.389,7.681,0.771,13.34,0.694,0.0,0.694,0.0,7MRX_85,6.345536
426,26,sample_32,26,26,26,85,0.485,6.113,0.539,12.171,0.447,0.165,0.612,0.0,7MRX_85,2.7852123
427,27,sample_33,27,27,27,85,0.846,2.5,0.804,6.313,0.518,0.0,0.518,0.0,7MRX_85,0.976437
428,28,sample_34,28,28,28,85,0.747,2.383,0.618,12.046,0.694,0.0,0.694,0.0,7MRX_85,2.4599903
429,29,sample_35,29,29,29,85,0.486,5.198,0.479,15.428,0.2,0.118,0.318,0.0,7MRX_85,3.270112
430,30,sample_36,30,30,30,85,0.791,2.167,0.692,6.802,0.565,0.0,0.565,0.0,7MRX_85,1.763578
431,31,sample_37,31,31,31,85,0.774,3.043,0.692,10.902,0.647,0.0,0.647,0.0,7MRX_85,0.94487154
432,32,sample_38,32,32,32,85,0.434,5.97,0.531,14.744,0.553,0.0,0.553,0.0,7MRX_85,2.219969
433,33,sample_39,33,33,33,85,0.338,10.934,0.406,15.621,0.118,0.165,0.282,0.0,7MRX_85,4.403753
434,34,sample_4,34,34,34,85,0.778,2.474,0.65,8.43,0.635,0.0,0.635,0.0,7MRX_85,3.2642384
435,35,sample_40,35,35,35,85,0.505,7.923,0.518,12.651,0.259,0.165,0.424,0.0,7MRX_85,3.735762
436,36,sample_41,36,36,36,85,0.417,9.619,0.655,13.262,0.506,0.0,0.506,0.0,7MRX_85,2.8785107
437,37,sample_42,37,37,37,85,0.432,10.984,0.631,15.045,0.553,0.0,0.553,0.0,7MRX_85,2.6404436
438,38,sample_43,38,38,38,85,0.547,4.682,0.522,13.544,0.435,0.0,0.435,0.0,7MRX_85,2.376606
439,39,sample_44,39,39,39,85,0.198,13.292,0.378,16.113,0.341,0.0,0.341,0.0,7MRX_85,5.98475
440,40,sample_45,40,40,40,85,0.46,7.799,0.62,9.701,0.612,0.0,0.612,0.0,7MRX_85,3.4726422
441,41,sample_46,41,41,41,85,0.383,9.95,0.669,13.777,0.706,0.0,0.706,0.0,7MRX_85,3.3758352
442,42,sample_47,42,42,42,85,0.517,4.307,0.588,11.361,0.388,0.0,0.388,0.0,7MRX_85,2.221609
443,43,sample_48,43,43,43,85,0.401,8.128,0.469,13.948,0.447,0.0,0.447,0.0,7MRX_85,5.2590055
444,44,sample_49,44,44,44,85,0.495,4.801,0.713,13.358,0.659,0.0,0.659,0.0,7MRX_85,2.0899558
445,45,sample_5,45,45,45,85,0.545,7.842,0.557,12.093,0.259,0.188,0.447,0.0,7MRX_85,5.9945097
446,46,sample_50,46,46,46,85,0.51,8.578,0.538,12.241,0.471,0.0,0.471,0.0,7MRX_85,3.9037445
447,47,sample_51,47,47,47,85,0.616,4.186,0.495,13.209,0.388,0.0,0.388,0.0,7MRX_85,3.3882842
448,48,sample_52,48,48,48,85,0.605,6.869,0.508,13.094,0.118,0.118,0.235,0.0,7MRX_85,5.467383
449,49,sample_53,49,49,49,85,0.429,7.612,0.516,11.728,0.271,0.224,0.494,0.0,7MRX_85,5.352415
450,50,sample_54,50,50,50,85,0.438,6.378,0.696,8.638,0.647,0.0,0.647,0.0,7MRX_85,1.9102172
451,51,sample_55,51,51,51,85,0.532,6.286,0.566,14.446,0.706,0.0,0.706,0.0,7MRX_85,4.376651
452,52,sample_56,52,52,52,85,0.33,8.524,0.384,16.147,0.212,0.118,0.329,0.0,7MRX_85,4.501376
453,53,sample_57,53,53,53,85,0.538,7.761,0.421,15.162,0.118,0.212,0.329,0.0,7MRX_85,2.1928792
454,54,sample_58,54,54,54,85,0.513,6.022,0.517,15.52,0.412,0.0,0.412,0.0,7MRX_85,3.3532035
455,55,sample_59,55,55,55,85,0.808,2.898,0.664,9.783,0.482,0.0,0.482,0.0,7MRX_85,2.7593708
456,56,sample_6,56,56,56,85,0.729,2.818,0.6,9.8,0.118,0.235,0.353,0.0,7MRX_85,4.427988
457,57,sample_60,57,57,57,85,0.525,6.533,0.506,15.481,0.318,0.0,0.318,0.0,7MRX_85,1.7877083
458,58,sample_61,58,58,58,85,0.419,9.299,0.67,13.077,0.682,0.0,0.682,0.0,7MRX_85,2.55103
459,59,sample_62,59,59,59,85,0.54,4.954,0.502,15.753,0.447,0.071,0.518,0.0,7MRX_85,3.0413823
460,60,sample_63,60,60,60,85,0.507,5.698,0.471,16.025,0.2,0.165,0.365,0.0,7MRX_85,5.4362516
461,61,sample_64,61,61,61,85,0.734,2.833,0.589,11.765,0.635,0.0,0.635,0.0,7MRX_85,1.1835952
462,62,sample_65,62,62,62,85,0.186,16.683,0.482,22.368,0.118,0.0,0.118,0.0,7MRX_85,3.9129477
463,63,sample_66,63,63,63,85,0.258,11.953,0.418,16.914,0.224,0.0,0.224,0.0,7MRX_85,5.383808
464,64,sample_67,64,64,64,85,0.334,8.633,0.423,16.444,0.212,0.153,0.365,0.0,7MRX_85,2.8493812
465,65,sample_68,65,65,65,85,0.619,3.753,0.695,10.121,0.659,0.0,0.659,0.0,7MRX_85,2.8089004
466,66,sample_69,66,66,66,85,0.79,2.244,0.672,8.385,0.4,0.106,0.506,0.0,7MRX_85,1.8762197
467,67,sample_7,67,67,67,85,0.3,11.199,0.504,15.873,0.506,0.0,0.506,0.0,7MRX_85,3.7330036
468,68,sample_70,68,68,68,85,0.718,3.359,0.64,9.788,0.424,0.0,0.424,0.0,7MRX_85,1.8568951
469,69,sample_71,69,69,69,85,0.558,9.214,0.454,16.934,0.529,0.0,0.529,0.0,7MRX_85,2.3569481
470,70,sample_72,70,70,70,85,0.382,8.711,0.503,15.5,0.271,0.141,0.412,0.0,7MRX_85,3.5342984
471,71,sample_73,71,71,71,85,0.297,9.735,0.445,14.685,0.188,0.176,0.365,0.0,7MRX_85,3.412097
472,72,sample_74,72,72,72,85,0.293,10.589,0.446,16.704,0.459,0.0,0.459,0.0,7MRX_85,3.5387595
473,73,sample_75,73,73,73,85,0.408,10.098,0.466,16.288,0.471,0.0,0.471,0.0,7MRX_85,3.959147
474,74,sample_76,74,74,74,85,0.446,6.032,0.504,12.665,0.271,0.235,0.506,0.0,7MRX_85,2.46014
475,75,sample_77,75,75,75,85,0.2,10.576,0.358,16.9,0.071,0.0,0.071,0.0,7MRX_85,5.0366826
476,76,sample_78,76,76,76,85,0.477,9.804,0.658,9.077,0.624,0.0,0.624,0.0,7MRX_85,2.850812
477,77,sample_79,77,77,77,85,0.412,9.019,0.484,13.856,0.188,0.235,0.424,0.0,7MRX_85,4.9954014
478,78,sample_8,78,78,78,85,0.576,4.464,0.48,13.765,0.341,0.0,0.341,0.0,7MRX_85,2.400986
479,79,sample_80,79,79,79,85,0.486,4.852,0.448,16.508,0.471,0.0,0.471,0.0,7MRX_85,4.6752987
480,80,sample_81,80,80,80,85,0.577,6.316,0.608,11.68,0.741,0.0,0.741,0.0,7MRX_85,3.6520145
481,81,sample_82,81,81,81,85,0.237,10.387,0.402,15.731,0.224,0.059,0.282,0.0,7MRX_85,4.939382
482,82,sample_83,82,82,82,85,0.409,5.891,0.495,15.301,0.271,0.059,0.329,0.0,7MRX_85,5.065536
483,83,sample_84,83,83,83,85,0.395,6.858,0.658,11.263,0.753,0.0,0.753,0.0,7MRX_85,3.4307296
484,84,sample_85,84,84,84,85,0.318,11.982,0.397,16.944,0.235,0.0,0.235,0.0,7MRX_85,3.5096064
485,85,sample_86,85,85,85,85,0.502,7.094,0.508,13.497,0.224,0.153,0.376,0.0,7MRX_85,2.6074953
486,86,sample_87,86,86,86,85,0.482,5.368,0.513,12.999,0.482,0.0,0.482,0.0,7MRX_85,2.3969104
487,87,sample_88,87,87,87,85,0.888,1.453,0.778,6.034,0.647,0.0,0.647,0.0,7MRX_85,2.0257618
488,88,sample_89,88,88,88,85,0.219,13.859,0.447,19.918,0.2,0.0,0.2,0.0,7MRX_85,3.3941917
489,89,sample_9,89,89,89,85,0.733,3.036,0.57,11.313,0.388,0.0,0.388,0.0,7MRX_85,2.5791173
490,90,sample_90,90,90,90,85,0.528,4.404,0.736,7.768,0.753,0.0,0.753,0.0,7MRX_85,1.9792248
491,91,sample_91,91,91,91,85,0.467,7.189,0.521,15.861,0.612,0.0,0.612,0.0,7MRX_85,6.2773695
492,92,sample_92,92,92,92,85,0.476,6.089,0.611,11.469,0.624,0.0,0.624,0.0,7MRX_85,2.7598455
493,93,sample_93,93,93,93,85,0.35,9.006,0.449,15.57,0.153,0.212,0.365,0.0,7MRX_85,7.366253
494,94,sample_94,94,94,94,85,0.784,2.66,0.568,11.035,0.553,0.0,0.553,0.0,7MRX_85,2.293743
495,95,sample_95,95,95,95,85,0.556,6.127,0.527,13.008,0.624,0.0,0.624,0.0,7MRX_85,2.8338823
496,96,sample_96,96,96,96,85,0.26,11.648,0.462,13.987,0.447,0.0,0.447,0.0,7MRX_85,4.778103
497,97,sample_97,97,97,97,85,0.393,5.694,0.506,15.211,0.341,0.2,0.541,0.0,7MRX_85,2.247345
498,98,sample_98,98,98,98,85,0.378,6.812,0.542,17.733,0.459,0.0,0.459,0.0,7MRX_85,1.1681201
499,99,sample_99,99,99,99,85,0.538,4.993,0.491,13.904,0.247,0.047,0.294,0.0,7MRX_85,3.6212907
500,0,sample_56,0,0,0,40,0.293,8.064,0.614,10.355,0.525,0.0,0.525,0.0,4ZYP,3.819409
501,1,sample_31,1,1,1,37,0.258,6.015,0.521,10.385,0.0,0.0,0.0,0.0,4ZYP,2.364883
502,2,sample_50,2,2,2,43,0.308,5.535,0.602,9.869,0.465,0.0,0.465,0.0,4ZYP,5.298155
503,3,sample_27,3,3,3,46,0.302,8.303,0.534,12.566,0.587,0.087,0.674,0.0,4ZYP,5.2624984
504,4,sample_92,4,4,4,41,0.353,4.593,0.605,10.472,0.463,0.0,0.463,0.0,4ZYP,2.873024
505,5,sample_57,5,5,5,44,0.471,3.477,0.615,10.299,0.705,0.0,0.705,0.0,4ZYP,4.813042
506,6,sample_53,6,6,6,46,0.536,3.06,0.644,9.828,0.565,0.0,0.565,0.0,4ZYP,2.9004962
507,7,sample_62,7,7,7,44,0.553,3.541,0.613,9.582,0.591,0.0,0.591,0.0,4ZYP,4.6875787
508,8,sample_93,8,8,8,42,0.307,13.371,0.737,9.403,0.524,0.0,0.524,0.0,4ZYP,7.560796
509,9,sample_64,9,9,9,38,0.265,5.409,0.633,10.596,0.658,0.0,0.658,0.0,4ZYP,4.9073787
510,10,sample_86,10,10,10,43,0.427,4.241,0.703,6.965,0.419,0.093,0.512,0.0,4ZYP,1.6003996
511,11,sample_63,11,11,11,38,0.594,1.993,0.638,8.486,0.421,0.105,0.526,0.0,4ZYP,1.6720484
512,12,sample_85,12,12,12,48,0.539,3.799,0.548,10.793,0.354,0.0,0.354,0.0,4ZYP,2.4748998
513,13,sample_58,13,13,13,38,0.351,12.033,0.592,14.387,0.553,0.0,0.553,0.0,4ZYP,5.761886
514,14,sample_7,14,14,14,46,0.541,2.567,0.765,5.469,0.37,0.109,0.478,0.0,4ZYP,1.8233769
515,15,sample_75,15,15,15,43,0.318,6.718,0.578,10.747,0.163,0.093,0.256,0.0,4ZYP,1.9826021
516,16,sample_61,16,16,16,44,0.494,3.639,0.568,12.413,0.227,0.0,0.227,0.0,4ZYP,1.2941955
517,17,sample_10,17,17,17,43,0.356,6.938,0.604,11.166,0.488,0.0,0.488,0.0,4ZYP,5.9349904
518,18,sample_94,18,18,18,45,0.236,10.468,0.56,16.683,0.0,0.0,0.0,0.0,4ZYP,2.31195
519,19,sample_26,19,19,19,47,0.39,5.713,0.572,9.95,0.362,0.085,0.447,0.0,4ZYP,1.8599523
520,20,sample_87,20,20,20,40,0.313,4.475,0.464,13.286,0.0,0.1,0.1,0.0,4ZYP,2.1723833
521,21,sample_66,21,21,21,44,0.409,3.558,0.575,13.073,0.477,0.0,0.477,0.0,4ZYP,3.4720123
522,22,sample_68,22,22,22,50,0.34,6.65,0.55,12.757,0.42,0.0,0.42,0.0,4ZYP,4.5431557
523,23,sample_18,23,23,23,45,0.701,2.356,0.649,8.333,0.2,0.0,0.2,0.0,4ZYP,0.6116064
524,24,sample_55,24,24,24,44,0.443,4.488,0.566,9.856,0.5,0.0,0.5,0.0,4ZYP,2.1695976
525,25,sample_11,25,25,25,39,0.332,7.453,0.691,7.909,0.0,0.282,0.282,0.0,4ZYP,1.9457939
526,26,sample_33,26,26,26,42,0.341,5.997,0.616,10.383,0.667,0.0,0.667,0.0,4ZYP,5.0968723
527,27,sample_42,27,27,27,40,0.467,3.061,0.532,12.676,0.0,0.0,0.0,0.0,4ZYP,1.7537603
528,28,sample_19,28,28,28,42,0.539,3.152,0.639,9.412,0.595,0.0,0.595,0.0,4ZYP,3.7510662
529,29,sample_73,29,29,29,42,0.344,8.918,0.565,12.215,0.452,0.0,0.452,0.0,4ZYP,2.3248477
530,30,sample_77,30,30,30,49,0.408,10.446,0.584,11.774,0.429,0.082,0.51,0.0,4ZYP,1.8262902
531,31,sample_9,31,31,31,40,0.385,4.212,0.608,11.655,0.3,0.0,0.3,0.0,4ZYP,3.4428782
532,32,sample_74,32,32,32,40,0.315,9.164,0.526,13.202,0.225,0.1,0.325,0.0,4ZYP,1.6372963
533,33,sample_81,33,33,33,49,0.243,8.82,0.513,12.741,0.327,0.0,0.327,0.0,4ZYP,2.7095487
534,34,sample_80,34,34,34,44,0.693,1.874,0.724,6.882,0.5,0.0,0.5,0.0,4ZYP,2.514769
535,35,sample_59,35,35,35,48,0.308,7.408,0.504,12.996,0.146,0.083,0.229,0.0,4ZYP,2.345398
536,36,sample_78,36,36,36,45,0.477,5.004,0.502,11.693,0.4,0.0,0.4,0.0,4ZYP,2.4410448
537,37,sample_48,37,37,37,41,0.274,6.965,0.634,15.244,0.268,0.0,0.268,0.0,4ZYP,7.364504
538,38,sample_83,38,38,38,42,0.351,7.295,0.614,11.099,0.595,0.0,0.595,0.0,4ZYP,5.161596
539,39,sample_30,39,39,39,40,0.321,5.985,0.575,14.408,0.325,0.0,0.325,0.0,4ZYP,2.282824
540,40,sample_36,40,40,40,43,0.254,6.314,0.542,16.499,0.256,0.0,0.256,0.0,4ZYP,2.9174907
541,41,sample_14,41,41,41,41,0.402,5.915,0.767,10.401,0.732,0.0,0.732,0.0,4ZYP,7.305888
542,42,sample_96,42,42,42,40,0.296,6.766,0.797,7.658,0.425,0.0,0.425,0.0,4ZYP,6.960079
543,43,sample_69,43,43,43,38,0.331,4.364,0.503,14.217,0.395,0.0,0.395,0.0,4ZYP,2.5742736
544,44,sample_8,44,44,44,40,0.386,4.492,0.464,14.591,0.45,0.0,0.45,0.0,4ZYP,3.136789
545,45,sample_88,45,45,45,40,0.429,4.472,0.694,8.625,0.375,0.1,0.475,0.0,4ZYP,0.94131446
546,46,sample_24,46,46,46,38,0.263,5.25,0.497,13.955,0.184,0.0,0.184,0.0,4ZYP,2.3043003
547,47,sample_54,47,47,47,37,0.63,3.726,0.668,9.827,0.0,0.27,0.27,0.0,4ZYP,0.8197338
548,48,sample_20,48,48,48,43,0.528,2.315,0.539,11.278,0.442,0.0,0.442,0.0,4ZYP,2.0213027
549,49,sample_23,49,49,49,46,0.625,2.107,0.757,5.201,0.391,0.0,0.391,0.0,4ZYP,0.94030744
550,50,sample_60,50,50,50,48,0.579,3.454,0.641,13.165,0.229,0.125,0.354,0.0,4ZYP,0.8886884
551,51,sample_97,51,51,51,48,0.498,4.289,0.677,8.575,0.458,0.0,0.458,0.0,4ZYP,2.091725
552,52,sample_4,52,52,52,44,0.387,6.957,0.619,11.078,0.5,0.0,0.5,0.0,4ZYP,3.4362307
553,53,sample_99,53,53,53,46,0.549,2.425,0.61,9.471,0.0,0.109,0.109,0.0,4ZYP,1.6978222
554,54,sample_35,54,54,54,44,0.431,3.726,0.44,13.2,0.0,0.091,0.091,0.0,4ZYP,1.9524666
555,55,sample_29,55,55,55,40,0.381,5.762,0.593,10.127,0.475,0.0,0.475,0.0,4ZYP,2.4696589
556,56,sample_51,56,56,56,46,0.497,4.741,0.69,9.633,0.543,0.087,0.63,0.0,4ZYP,1.697619
557,57,sample_17,57,57,57,50,0.424,4.496,0.642,8.298,0.46,0.08,0.54,0.0,4ZYP,1.844322
558,58,sample_3,58,58,58,48,0.229,6.72,0.519,12.467,0.0,0.208,0.208,0.0,4ZYP,2.959634
559,59,sample_5,59,59,59,42,0.598,2.895,0.885,2.716,0.571,0.095,0.667,0.0,4ZYP,1.7460607
560,60,sample_38,60,60,60,49,0.683,2.407,0.611,8.372,0.469,0.0,0.469,0.0,4ZYP,2.967505
561,61,sample_82,61,61,61,44,0.735,1.929,0.639,8.31,0.0,0.159,0.159,0.0,4ZYP,0.9894069
562,62,sample_25,62,62,62,40,0.365,6.034,0.524,12.28,0.25,0.0,0.25,0.0,4ZYP,2.4609053
563,63,sample_41,63,63,63,50,0.375,4.481,0.576,10.08,0.42,0.1,0.52,0.0,4ZYP,1.5853591
564,64,sample_72,64,64,64,45,0.337,4.209,0.614,10.987,0.444,0.0,0.444,0.0,4ZYP,1.8417251
565,65,sample_76,65,65,65,39,0.591,3.355,0.572,9.469,0.0,0.359,0.359,0.0,4ZYP,1.4840246
566,66,sample_21,66,66,66,46,0.47,8.129,0.616,10.778,0.283,0.217,0.5,0.0,4ZYP,1.7329525
567,67,sample_32,67,67,67,43,0.339,7.526,0.477,14.847,0.0,0.186,0.186,0.0,4ZYP,2.283278
568,68,sample_34,68,68,68,44,0.326,8.385,0.58,11.277,0.0,0.25,0.25,0.0,4ZYP,1.7893382
569,69,sample_12,69,69,69,41,0.34,3.827,0.573,14.842,0.39,0.0,0.39,0.0,4ZYP,4.7178097
570,70,sample_2,70,70,70,45,0.612,3.304,0.621,8.401,0.378,0.0,0.378,0.0,4ZYP,3.2693594
571,71,sample_70,71,71,71,40,0.28,5.69,0.512,11.361,0.0,0.25,0.25,0.0,4ZYP,1.846342
572,72,sample_40,72,72,72,45,0.642,2.217,0.659,8.885,0.556,0.0,0.556,0.0,4ZYP,3.0230236
573,73,sample_43,73,73,73,35,0.307,5.51,0.588,11.298,0.171,0.0,0.171,0.0,4ZYP,2.1434784
574,74,sample_52,74,74,74,46,0.398,4.824,0.655,13.396,0.543,0.0,0.543,0.0,4ZYP,2.6093793
575,75,sample_16,75,75,75,44,0.409,8.122,0.6,10.793,0.364,0.114,0.477,0.0,4ZYP,2.0431023
576,76,sample_90,76,76,76,43,0.261,8.238,0.51,14.599,0.163,0.0,0.163,0.0,4ZYP,6.0321236
577,77,sample_79,77,77,77,39,0.265,5.158,0.517,13.918,0.41,0.0,0.41,0.0,4ZYP,4.8423033
578,78,sample_98,78,78,78,41,0.605,2.983,0.637,9.384,0.537,0.0,0.537,0.0,4ZYP,4.0348096
579,79,sample_13,79,79,79,42,0.447,3.487,0.606,8.964,0.429,0.0,0.429,0.0,4ZYP,2.1528451
580,80,sample_15,80,80,80,47,0.318,6.392,0.557,14.191,0.532,0.0,0.532,0.0,4ZYP,1.8925537
581,81,sample_67,81,81,81,47,0.35,5.538,0.463,16.289,0.128,0.0,0.128,0.0,4ZYP,1.8896996
582,82,sample_6,82,82,82,36,0.321,6.473,0.528,15.032,0.0,0.0,0.0,0.0,4ZYP,1.8748754
583,83,sample_37,83,83,83,39,0.412,4.048,0.519,11.644,0.128,0.0,0.128,0.0,4ZYP,2.0046735
584,84,sample_71,84,84,84,38,0.423,4.084,0.486,11.875,0.0,0.105,0.105,0.0,4ZYP,1.8258917
585,85,sample_100,85,85,85,48,0.406,3.617,0.509,11.764,0.0,0.271,0.271,0.0,4ZYP,1.5163893
586,86,sample_45,86,86,86,46,0.4,8.292,0.728,7.371,0.478,0.0,0.478,0.0,4ZYP,2.308532
587,87,sample_47,87,87,87,44,0.377,3.977,0.653,9.298,0.5,0.091,0.591,0.0,4ZYP,1.9196756
588,88,sample_1,88,88,88,37,0.348,5.696,0.673,7.707,0.486,0.0,0.486,0.0,4ZYP,2.1944187
589,89,sample_44,89,89,89,48,0.363,6.521,0.685,10.655,0.292,0.208,0.5,0.0,4ZYP,2.3807127
590,90,sample_46,90,90,90,47,0.362,3.841,0.503,14.194,0.191,0.0,0.191,0.0,4ZYP,1.8888096
591,91,sample_49,91,91,91,41,0.665,1.712,0.77,5.08,0.463,0.0,0.463,0.0,4ZYP,0.8408105
592,92,sample_84,92,92,92,37,0.346,4.131,0.575,9.957,0.486,0.0,0.486,0.0,4ZYP,1.9998614
593,93,sample_39,93,93,93,50,0.471,5.809,0.559,10.625,0.0,0.28,0.28,0.0,4ZYP,1.9353031
594,94,sample_22,94,94,94,46,0.697,1.968,0.782,3.844,0.457,0.0,0.457,0.0,4ZYP,1.850891
595,95,sample_65,95,95,95,41,0.396,4.928,0.59,10.117,0.0,0.366,0.366,0.0,4ZYP,0.7364684
596,96,sample_89,96,96,96,46,0.474,3.898,0.753,7.184,0.565,0.109,0.674,0.0,4ZYP,1.8139306
597,97,sample_28,97,97,97,40,0.415,3.613,0.606,10.239,0.4,0.0,0.4,0.0,4ZYP,1.9975883
598,98,sample_95,98,98,98,48,0.358,3.759,0.588,10.672,0.479,0.0,0.479,0.0,4ZYP,2.1952276
599,99,sample_91,99,99,99,44,0.508,2.81,0.695,6.606,0.205,0.114,0.318,0.0,4ZYP,2.4529576
600,0,sample_1,0,0,0,56,0.618,2.614,0.712,7.727,0.696,0.0,0.696,0.0,5TRV_short,2.4503262
601,1,sample_10,1,1,1,56,0.478,7.03,0.765,8.825,0.661,0.0,0.661,0.0,5TRV_short,3.608326
602,2,sample_100,2,2,2,56,0.395,5.125,0.667,11.45,0.5,0.196,0.696,0.0,5TRV_short,2.1228526
603,3,sample_11,87,90,87,56,0.539,6.104,0.798,8.09,0.821,0.0,0.821,0.0,5TRV_short,5.2602057
604,4,sample_12,3,3,3,56,0.432,7.737,0.659,9.949,0.643,0.0,0.643,0.0,5TRV_short,3.4595122
605,5,sample_13,4,4,4,56,0.653,2.605,0.764,5.873,0.554,0.0,0.554,0.0,5TRV_short,2.5848722
606,6,sample_14,5,5,5,56,0.454,7.464,0.626,10.457,0.661,0.0,0.661,0.0,5TRV_short,3.2557366
607,7,sample_15,6,6,6,56,0.397,6.321,0.606,13.382,0.196,0.071,0.268,0.0,5TRV_short,1.2057394
608,8,sample_16,7,7,7,56,0.423,7.036,0.758,11.257,0.714,0.0,0.714,0.0,5TRV_short,5.4980164
609,9,sample_17,8,8,8,56,0.562,3.085,0.675,8.832,0.554,0.0,0.554,0.0,5TRV_short,2.87409
610,10,sample_18,9,9,9,56,0.319,11.758,0.616,15.149,0.196,0.0,0.196,0.0,5TRV_short,3.679166
611,11,sample_19,87,92,90,56,0.727,2.939,0.737,7.291,0.625,0.0,0.625,0.0,5TRV_short,2.1881597
612,12,sample_2,10,10,10,56,0.536,5.115,0.733,9.593,0.768,0.0,0.768,0.0,5TRV_short,2.8238823
613,13,sample_20,87,11,11,56,0.518,3.653,0.842,5.838,0.696,0.0,0.696,0.0,5TRV_short,3.2591639
614,14,sample_21,11,12,12,56,0.542,4.487,0.809,6.993,0.768,0.0,0.768,0.0,5TRV_short,5.147711
615,15,sample_22,87,13,91,56,0.31,11.622,0.654,9.751,0.518,0.0,0.518,0.0,5TRV_short,5.51162
616,16,sample_23,12,14,13,56,0.336,8.408,0.702,9.697,0.679,0.0,0.679,0.0,5TRV_short,4.9136734
617,17,sample_24,13,15,14,56,0.781,1.83,0.758,8.765,0.714,0.0,0.714,0.0,5TRV_short,2.1696537
618,18,sample_25,14,16,15,56,0.63,3.216,0.751,8.064,0.732,0.0,0.732,0.0,5TRV_short,2.0045648
619,19,sample_26,15,17,16,56,0.42,5.528,0.654,11.1,0.536,0.0,0.536,0.0,5TRV_short,3.6860554
620,20,sample_27,16,18,17,56,0.473,8.943,0.537,11.016,0.196,0.179,0.375,0.0,5TRV_short,3.431242
621,21,sample_28,17,19,18,56,0.782,1.684,0.661,7.932,0.536,0.0,0.536,0.0,5TRV_short,1.740125
622,22,sample_29,18,20,19,56,0.662,2.421,0.615,10.38,0.482,0.0,0.482,0.0,5TRV_short,1.5747133
623,23,sample_3,87,21,20,56,0.431,6.003,0.736,8.93,0.839,0.0,0.839,0.0,5TRV_short,3.884306
624,24,sample_30,19,22,21,56,0.656,2.096,0.77,5.275,0.5,0.0,0.5,0.0,5TRV_short,1.7242407
625,25,sample_31,20,23,22,56,0.657,2.559,0.781,4.385,0.429,0.0,0.429,0.0,5TRV_short,2.6114984
626,26,sample_32,21,24,23,56,0.687,2.582,0.732,5.966,0.536,0.0,0.536,0.0,5TRV_short,1.8519174
627,27,sample_33,22,25,24,56,0.65,4.708,0.772,6.969,0.661,0.0,0.661,0.0,5TRV_short,2.6337898
628,28,sample_34,23,26,25,56,0.596,3.094,0.545,11.471,0.25,0.214,0.464,0.0,5TRV_short,1.5258915
629,29,sample_35,24,27,26,56,0.495,5.393,0.59,10.626,0.214,0.25,0.464,0.0,5TRV_short,1.8755265
630,30,sample_36,85,89,88,56,0.411,4.518,0.65,8.525,0.589,0.0,0.589,0.0,5TRV_short,2.8910298
631,31,sample_37,25,28,27,56,0.318,8.095,0.722,11.092,0.643,0.0,0.643,0.0,5TRV_short,3.1571991
632,32,sample_38,26,29,28,56,0.559,4.839,0.772,11.616,0.714,0.0,0.714,0.0,5TRV_short,2.7937713
633,33,sample_39,27,30,29,56,0.617,2.667,0.526,12.262,0.196,0.143,0.339,0.0,5TRV_short,1.9045805
634,34,sample_4,28,31,30,56,0.603,7.075,0.678,9.068,0.536,0.0,0.536,0.0,5TRV_short,2.5967956
635,35,sample_40,29,32,31,56,0.386,6.386,0.622,9.384,0.661,0.0,0.661,0.0,5TRV_short,3.357832
636,36,sample_41,30,33,32,56,0.702,3.859,0.642,9.0,0.607,0.0,0.607,0.0,5TRV_short,2.6603093
637,37,sample_42,86,91,89,56,0.59,3.21,0.751,6.84,0.714,0.0,0.714,0.0,5TRV_short,3.140859
638,38,sample_43,31,34,33,56,0.606,2.898,0.706,6.721,0.571,0.0,0.571,0.0,5TRV_short,2.4285624
639,39,sample_44,32,35,34,56,0.654,2.419,0.736,6.472,0.375,0.071,0.446,0.0,5TRV_short,1.9618655
640,40,sample_45,87,88,91,56,0.333,6.897,0.721,9.875,0.857,0.0,0.857,0.0,5TRV_short,3.9206986
641,41,sample_46,33,36,35,56,0.45,4.183,0.72,8.062,0.696,0.0,0.696,0.0,5TRV_short,2.3246038
642,42,sample_47,34,37,36,56,0.486,8.378,0.773,7.81,0.411,0.0,0.411,0.0,5TRV_short,4.163889
643,43,sample_48,86,91,89,56,0.549,3.249,0.67,8.968,0.643,0.0,0.643,0.0,5TRV_short,3.0978644
644,44,sample_49,35,38,37,56,0.517,5.113,0.617,10.344,0.536,0.0,0.536,0.0,5TRV_short,5.192148
645,45,sample_5,36,39,38,56,0.585,3.755,0.8,6.083,0.75,0.0,0.75,0.0,5TRV_short,2.4440978
646,46,sample_50,37,40,39,56,0.335,8.968,0.495,12.638,0.196,0.179,0.375,0.0,5TRV_short,2.377419
647,47,sample_51,38,41,40,56,0.443,4.505,0.66,8.683,0.625,0.0,0.625,0.0,5TRV_short,2.8479903
648,48,sample_52,39,42,41,56,0.698,3.639,0.679,11.398,0.625,0.0,0.625,0.0,5TRV_short,3.155193
649,49,sample_53,40,43,42,56,0.638,2.685,0.666,10.464,0.321,0.232,0.554,0.0,5TRV_short,1.3434464
650,50,sample_54,41,44,43,56,0.463,7.235,0.65,9.852,0.518,0.0,0.518,0.0,5TRV_short,3.6322007
651,51,sample_55,42,45,44,56,0.423,5.878,0.641,11.562,0.482,0.0,0.482,0.0,5TRV_short,2.3771646
652,52,sample_56,43,46,45,56,0.696,3.651,0.847,3.574,0.196,0.179,0.375,0.0,5TRV_short,3.4705396
653,53,sample_57,44,47,46,56,0.366,7.131,0.696,11.297,0.696,0.0,0.696,0.0,5TRV_short,3.578922
654,54,sample_58,45,48,47,56,0.44,7.783,0.606,11.834,0.393,0.0,0.393,0.0,5TRV_short,4.053585
655,55,sample_59,46,49,48,56,0.556,3.595,0.546,10.977,0.286,0.0,0.286,0.0,5TRV_short,3.3511147
656,56,sample_6,47,50,49,56,0.606,2.777,0.689,8.323,0.643,0.0,0.643,0.0,5TRV_short,3.3052847
657,57,sample_60,48,51,50,56,0.341,7.406,0.549,12.693,0.518,0.0,0.518,0.0,5TRV_short,2.8777637
658,58,sample_61,49,52,51,56,0.604,5.457,0.714,8.661,0.643,0.0,0.643,0.0,5TRV_short,1.7639173
659,59,sample_62,50,53,52,56,0.693,2.304,0.731,6.637,0.75,0.0,0.75,0.0,5TRV_short,2.1081557
660,60,sample_63,51,54,53,56,0.648,2.189,0.625,9.246,0.196,0.357,0.554,0.0,5TRV_short,1.9317517
661,61,sample_64,52,55,54,56,0.57,3.403,0.631,9.68,0.714,0.0,0.714,0.0,5TRV_short,3.4330504
662,62,sample_65,53,56,55,56,0.41,7.577,0.796,10.153,0.768,0.0,0.768,0.0,5TRV_short,5.0654354
663,63,sample_66,54,57,56,56,0.734,1.611,0.793,7.956,0.625,0.0,0.625,0.0,5TRV_short,1.3049773
664,64,sample_67,87,90,87,56,0.415,9.745,0.91,3.231,0.929,0.0,0.929,0.0,5TRV_short,5.120327
665,65,sample_68,55,58,57,56,0.348,8.765,0.614,9.941,0.696,0.0,0.696,0.0,5TRV_short,2.5733347
666,66,sample_69,56,59,58,56,0.495,10.533,0.65,11.694,0.607,0.0,0.607,0.0,5TRV_short,1.3262557
667,67,sample_7,57,60,59,56,0.384,9.456,0.556,12.78,0.429,0.0,0.429,0.0,5TRV_short,3.449164
668,68,sample_70,58,61,60,56,0.526,5.011,0.769,10.463,0.786,0.0,0.786,0.0,5TRV_short,3.4671838
669,69,sample_71,87,90,87,56,0.299,10.151,0.809,9.197,0.839,0.0,0.839,0.0,5TRV_short,5.161366
670,70,sample_72,59,62,61,56,0.429,7.736,0.753,11.509,0.679,0.0,0.679,0.0,5TRV_short,3.1263056
671,71,sample_73,60,63,62,56,0.515,7.981,0.665,9.179,0.464,0.0,0.464,0.0,5TRV_short,3.2741675
672,72,sample_74,61,64,63,56,0.668,2.874,0.747,4.813,0.643,0.0,0.643,0.0,5TRV_short,3.1246173
673,73,sample_75,62,65,64,56,0.639,4.519,0.692,7.847,0.571,0.0,0.571,0.0,5TRV_short,4.274624
674,74,sample_76,63,66,65,56,0.254,10.428,0.49,15.504,0.196,0.0,0.196,0.0,5TRV_short,2.5352802
675,75,sample_77,64,67,66,56,0.859,1.157,0.767,4.861,0.625,0.0,0.625,0.0,5TRV_short,0.947808
676,76,sample_78,65,68,67,56,0.333,10.615,0.429,15.776,0.196,0.0,0.196,0.0,5TRV_short,1.5557742
677,77,sample_79,66,69,68,56,0.773,1.726,0.812,4.312,0.643,0.0,0.643,0.0,5TRV_short,0.8983714
678,78,sample_8,67,70,69,56,0.624,2.576,0.776,5.467,0.161,0.268,0.429,0.0,5TRV_short,3.2269816
679,79,sample_80,85,89,88,56,0.446,4.323,0.658,9.119,0.75,0.0,0.75,0.0,5TRV_short,3.983897
680,80,sample_81,68,71,70,56,0.748,2.287,0.794,8.336,0.625,0.0,0.625,0.0,5TRV_short,1.6739143
681,81,sample_82,69,72,71,56,0.479,4.266,0.633,11.705,0.5,0.0,0.5,0.0,5TRV_short,4.161504
682,82,sample_83,87,92,90,56,0.521,4.243,0.808,5.122,0.804,0.0,0.804,0.0,5TRV_short,5.147427
683,83,sample_84,70,73,72,56,0.611,2.822,0.777,5.093,0.554,0.0,0.554,0.0,5TRV_short,1.6476103
684,84,sample_85,71,74,73,56,0.723,1.741,0.728,6.636,0.429,0.0,0.429,0.0,5TRV_short,1.0242447
685,85,sample_86,72,75,74,56,0.737,1.854,0.654,7.751,0.679,0.0,0.679,0.0,5TRV_short,1.5994741
686,86,sample_87,73,76,75,56,0.668,4.425,0.688,7.339,0.536,0.0,0.536,0.0,5TRV_short,2.177977
687,87,sample_88,74,77,76,56,0.787,2.122,0.632,10.506,0.643,0.0,0.643,0.0,5TRV_short,2.5696018
688,88,sample_89,75,78,77,56,0.49,3.211,0.485,13.387,0.304,0.071,0.375,0.0,5TRV_short,1.9718939
689,89,sample_9,76,79,78,56,0.739,2.574,0.692,7.957,0.554,0.0,0.554,0.0,5TRV_short,1.801685
690,90,sample_90,77,80,79,56,0.594,3.799,0.629,10.397,0.518,0.0,0.518,0.0,5TRV_short,3.0370562
691,91,sample_91,78,81,80,56,0.545,4.151,0.661,11.493,0.179,0.25,0.429,0.0,5TRV_short,2.2994657
692,92,sample_92,87,92,90,56,0.568,5.473,0.724,7.373,0.679,0.0,0.679,0.0,5TRV_short,3.8476827
693,93,sample_93,79,82,81,56,0.503,5.976,0.791,5.319,0.607,0.0,0.607,0.0,5TRV_short,5.014033
694,94,sample_94,80,83,82,56,0.278,9.885,0.667,13.618,0.589,0.0,0.589,0.0,5TRV_short,3.3236713
695,95,sample_95,87,88,91,56,0.316,9.667,0.867,3.465,0.857,0.0,0.857,0.0,5TRV_short,4.988541
696,96,sample_96,81,84,83,56,0.544,5.304,0.653,12.113,0.411,0.071,0.482,0.0,5TRV_short,1.7691469
697,97,sample_97,82,85,84,56,0.414,3.844,0.731,6.326,0.464,0.0,0.464,0.0,5TRV_short,3.0405543
698,98,sample_98,83,86,85,56,0.46,7.833,0.686,10.65,0.446,0.143,0.589,0.0,5TRV_short,5.1987557
699,99,sample_99,84,87,86,56,0.637,2.701,0.59,9.989,0.214,0.179,0.393,0.0,5TRV_short,1.9267482
700,0,sample_1,0,0,0,86,0.39,8.732,0.473,15.299,0.372,0.0,0.372,0.0,5TRV_med,2.1877396
701,1,sample_10,1,1,1,86,0.791,3.379,0.831,5.676,0.802,0.0,0.802,0.0,5TRV_med,1.6261623
702,2,sample_100,2,2,2,86,0.897,2.351,0.803,4.203,0.674,0.0,0.674,0.0,5TRV_med,2.800869
703,3,sample_11,3,3,3,86,0.788,2.734,0.71,9.583,0.616,0.0,0.616,0.0,5TRV_med,2.3646333
704,4,sample_12,4,4,4,86,0.714,3.173,0.591,10.8,0.5,0.14,0.64,0.0,5TRV_med,2.254501
705,5,sample_13,5,5,5,86,0.643,2.99,0.548,11.401,0.302,0.221,0.523,0.0,5TRV_med,1.2787797
706,6,sample_14,6,6,6,86,0.577,5.125,0.667,10.031,0.616,0.0,0.616,0.0,5TRV_med,3.0358672
707,7,sample_15,7,7,7,86,0.468,11.384,0.613,11.741,0.558,0.0,0.558,0.0,5TRV_med,3.429129
708,8,sample_16,8,8,8,86,0.705,2.948,0.68,8.97,0.733,0.0,0.733,0.0,5TRV_med,3.2463021
709,9,sample_17,9,9,9,86,0.423,6.475,0.518,16.789,0.198,0.081,0.279,0.0,5TRV_med,1.8907323
710,10,sample_18,10,10,10,86,0.795,2.029,0.674,9.459,0.314,0.221,0.535,0.0,5TRV_med,1.1862409
711,11,sample_19,11,11,11,86,0.468,6.894,0.602,12.886,0.523,0.0,0.523,0.0,5TRV_med,4.773334
712,12,sample_2,12,12,12,86,0.485,7.886,0.523,13.291,0.279,0.058,0.337,0.0,5TRV_med,3.9520721
713,13,sample_20,13,13,13,86,0.427,9.754,0.507,16.419,0.477,0.0,0.477,0.0,5TRV_med,3.1802988
714,14,sample_21,14,14,14,86,0.54,5.87,0.654,13.302,0.779,0.0,0.779,0.0,5TRV_med,4.1712503
715,15,sample_22,15,15,15,86,0.377,10.797,0.501,16.78,0.547,0.0,0.547,0.0,5TRV_med,3.0630956
716,16,sample_23,16,16,16,86,0.467,5.846,0.523,12.853,0.64,0.0,0.64,0.0,5TRV_med,3.2949586
717,17,sample_24,17,17,17,86,0.755,3.032,0.67,7.542,0.302,0.058,0.36,0.0,5TRV_med,1.9198929
718,18,sample_25,18,18,18,86,0.722,2.572,0.57,9.944,0.151,0.233,0.384,0.0,5TRV_med,2.141422
719,19,sample_26,19,19,19,86,0.558,5.293,0.581,11.636,0.547,0.047,0.593,0.0,5TRV_med,2.7680638
720,20,sample_27,20,20,20,86,0.836,2.022,0.542,12.435,0.384,0.128,0.512,0.0,5TRV_med,2.442141
721,21,sample_28,21,21,21,86,0.681,3.271,0.582,12.265,0.058,0.198,0.256,0.0,5TRV_med,4.3334556
722,22,sample_29,22,22,22,86,0.297,10.21,0.421,15.61,0.0,0.105,0.105,0.0,5TRV_med,7.11949
723,23,sample_3,23,23,23,86,0.445,9.267,0.665,10.533,0.488,0.151,0.64,0.0,5TRV_med,3.5913105
724,24,sample_30,24,24,24,86,0.502,5.145,0.57,14.503,0.651,0.0,0.651,0.0,5TRV_med,3.156813
725,25,sample_31,25,25,25,86,0.624,4.673,0.454,15.095,0.302,0.058,0.36,0.0,5TRV_med,1.7073567
726,26,sample_32,26,26,26,86,0.758,3.924,0.753,5.959,0.698,0.0,0.698,0.0,5TRV_med,2.9492204
727,27,sample_33,27,27,27,86,0.69,3.111,0.691,8.178,0.128,0.349,0.477,0.0,5TRV_med,3.223705
728,28,sample_34,28,28,28,86,0.549,3.933,0.599,9.569,0.477,0.116,0.593,0.0,5TRV_med,3.4353924
729,29,sample_35,29,29,29,86,0.455,5.873,0.603,11.185,0.523,0.163,0.686,0.0,5TRV_med,5.1520824
730,30,sample_36,30,30,30,86,0.823,1.864,0.696,8.735,0.744,0.0,0.744,0.0,5TRV_med,2.1724665
731,31,sample_37,31,31,31,86,0.8,2.161,0.619,9.394,0.698,0.0,0.698,0.0,5TRV_med,1.818778
732,32,sample_38,32,32,32,86,0.677,4.537,0.58,10.867,0.14,0.291,0.43,0.0,5TRV_med,3.6655335
733,33,sample_39,33,33,33,86,0.407,5.889,0.576,10.858,0.43,0.0,0.43,0.0,5TRV_med,4.938654
734,34,sample_4,34,34,34,86,0.394,5.751,0.432,15.44,0.349,0.0,0.349,0.0,5TRV_med,4.034709
735,35,sample_40,35,35,35,86,0.213,10.836,0.494,20.146,0.465,0.0,0.465,0.0,5TRV_med,3.931894
736,36,sample_41,36,36,36,86,0.695,2.592,0.472,12.587,0.128,0.384,0.512,0.0,5TRV_med,2.684173
737,37,sample_42,37,37,37,86,0.47,4.988,0.516,15.695,0.477,0.0,0.477,0.0,5TRV_med,2.4643986
738,38,sample_43,38,38,38,86,0.495,6.016,0.445,16.386,0.128,0.151,0.279,0.0,5TRV_med,1.824477
739,39,sample_44,39,39,39,86,0.485,5.746,0.548,12.698,0.488,0.047,0.535,0.0,5TRV_med,2.4826448
740,40,sample_45,40,40,40,86,0.755,2.838,0.774,5.209,0.14,0.221,0.36,0.0,5TRV_med,2.5810547
741,41,sample_46,41,41,41,86,0.605,5.933,0.785,10.091,0.547,0.0,0.547,0.0,5TRV_med,5.122008
742,42,sample_47,42,42,42,86,0.739,2.814,0.705,7.481,0.326,0.186,0.512,0.0,5TRV_med,2.7169228
743,43,sample_48,43,43,43,86,0.696,3.271,0.603,12.849,0.616,0.0,0.616,0.0,5TRV_med,1.3258829
744,44,sample_49,44,44,44,86,0.735,2.625,0.635,8.454,0.395,0.116,0.512,0.0,5TRV_med,2.9224033
745,45,sample_5,45,45,45,86,0.822,2.908,0.699,8.33,0.291,0.209,0.5,0.0,5TRV_med,1.3137174
746,46,sample_50,46,46,46,86,0.405,6.359,0.479,15.194,0.36,0.0,0.36,0.0,5TRV_med,2.6733296
747,47,sample_51,47,47,47,86,0.519,4.215,0.61,9.686,0.407,0.047,0.453,0.0,5TRV_med,4.281506
748,48,sample_52,48,48,48,86,0.711,3.707,0.75,7.69,0.802,0.0,0.802,0.0,5TRV_med,3.4130888
749,49,sample_53,49,49,49,86,0.348,7.84,0.411,14.674,0.186,0.058,0.244,0.0,5TRV_med,2.308372
750,50,sample_54,50,50,50,86,0.454,6.992,0.499,13.874,0.314,0.174,0.488,0.0,5TRV_med,2.3527668
751,51,sample_55,51,51,51,86,0.62,4.388,0.652,11.31,0.523,0.058,0.581,0.0,5TRV_med,1.7011405
752,52,sample_56,52,52,52,86,0.786,2.383,0.632,10.027,0.5,0.0,0.5,0.0,5TRV_med,1.096071
753,53,sample_57,53,53,53,86,0.497,6.882,0.502,12.8,0.349,0.0,0.349,0.0,5TRV_med,4.6385403
754,54,sample_58,54,54,54,86,0.884,1.437,0.828,4.976,0.279,0.221,0.5,0.0,5TRV_med,1.6349059
755,55,sample_59,55,55,55,86,0.443,5.886,0.48,14.289,0.651,0.0,0.651,0.0,5TRV_med,5.793164
756,56,sample_6,56,56,56,86,0.835,2.01,0.676,7.453,0.151,0.407,0.558,0.0,5TRV_med,1.3594118
757,57,sample_60,57,57,57,86,0.809,5.78,0.865,4.176,0.756,0.0,0.756,0.0,5TRV_med,5.1958966
758,58,sample_61,58,58,58,86,0.621,4.299,0.697,8.519,0.686,0.0,0.686,0.0,5TRV_med,4.786483
759,59,sample_62,59,59,59,86,0.367,7.607,0.411,15.574,0.198,0.047,0.244,0.0,5TRV_med,5.618983
760,60,sample_63,60,60,60,86,0.859,1.569,0.781,5.198,0.628,0.0,0.628,0.0,5TRV_med,1.6059642
761,61,sample_64,61,61,61,86,0.421,6.303,0.637,12.496,0.733,0.0,0.733,0.0,5TRV_med,2.6123016
762,62,sample_65,62,62,62,86,0.447,5.889,0.505,13.87,0.314,0.163,0.477,0.0,5TRV_med,3.7680128
763,63,sample_66,63,63,63,86,0.274,8.843,0.377,17.357,0.314,0.0,0.314,0.0,5TRV_med,3.927488
764,64,sample_67,64,64,64,86,0.748,2.23,0.676,7.961,0.698,0.0,0.698,0.0,5TRV_med,2.308194
765,65,sample_68,65,65,65,86,0.261,12.476,0.561,14.964,0.791,0.0,0.791,0.0,5TRV_med,2.7715242
766,66,sample_69,66,66,66,86,0.488,6.187,0.438,15.171,0.174,0.209,0.384,0.0,5TRV_med,2.368348
767,67,sample_7,67,67,67,86,0.442,9.496,0.499,15.39,0.523,0.0,0.523,0.0,5TRV_med,2.9326148
768,68,sample_70,68,68,68,86,0.341,8.736,0.614,10.644,0.477,0.0,0.477,0.0,5TRV_med,4.114791
769,69,sample_71,69,69,69,86,0.757,2.182,0.69,7.071,0.372,0.081,0.453,0.0,5TRV_med,1.3994739
770,70,sample_72,70,70,70,86,0.905,1.679,0.771,6.497,0.674,0.0,0.674,0.0,5TRV_med,2.2291553
771,71,sample_73,71,71,71,86,0.329,10.246,0.522,15.781,0.419,0.0,0.419,0.0,5TRV_med,2.7584407
772,72,sample_74,72,72,72,86,0.742,3.636,0.723,8.184,0.651,0.0,0.651,0.0,5TRV_med,3.83526
773,73,sample_75,73,73,73,86,0.643,3.365,0.605,9.315,0.151,0.267,0.419,0.0,5TRV_med,3.7944586
774,74,sample_76,74,74,74,86,0.478,7.946,0.567,16.999,0.64,0.0,0.64,0.0,5TRV_med,4.9366693
775,75,sample_77,75,75,75,86,0.776,2.325,0.633,9.388,0.302,0.163,0.465,0.0,5TRV_med,0.9667802
776,76,sample_78,76,76,76,86,0.555,5.557,0.565,14.873,0.174,0.163,0.337,0.0,5TRV_med,2.0118608
777,77,sample_79,77,77,77,86,0.429,9.137,0.551,12.491,0.523,0.128,0.651,0.0,5TRV_med,5.0283885
778,78,sample_8,78,78,78,86,0.428,6.856,0.559,11.224,0.314,0.105,0.419,0.0,5TRV_med,2.9703639
779,79,sample_80,79,79,79,86,0.635,5.268,0.508,13.299,0.384,0.0,0.384,0.0,5TRV_med,3.2430623
780,80,sample_81,80,80,80,86,0.661,3.634,0.493,13.414,0.256,0.058,0.314,0.0,5TRV_med,3.5424263
781,81,sample_82,81,81,81,86,0.281,11.085,0.557,11.432,0.349,0.093,0.442,0.0,5TRV_med,4.9339995
782,82,sample_83,82,82,82,86,0.266,10.937,0.516,18.094,0.244,0.0,0.244,0.0,5TRV_med,4.507874
783,83,sample_84,83,83,83,86,0.474,5.6,0.625,10.697,0.628,0.0,0.628,0.0,5TRV_med,4.428518
784,84,sample_85,84,84,84,86,0.358,6.586,0.432,15.066,0.291,0.047,0.337,0.0,5TRV_med,2.4928017
785,85,sample_86,85,85,85,86,0.618,3.759,0.562,11.728,0.442,0.233,0.674,0.0,5TRV_med,3.0128086
786,86,sample_87,86,86,86,86,0.354,9.654,0.455,16.877,0.349,0.0,0.349,0.0,5TRV_med,3.6032705
787,87,sample_88,87,87,87,86,0.514,8.303,0.495,14.155,0.326,0.081,0.407,0.0,5TRV_med,3.420734
788,88,sample_89,88,88,88,86,0.612,3.764,0.724,9.752,0.256,0.291,0.547,0.0,5TRV_med,1.9396503
789,89,sample_9,89,89,89,86,0.272,14.869,0.642,20.555,0.558,0.0,0.558,0.0,5TRV_med,4.454877
790,90,sample_90,90,90,90,86,0.768,2.453,0.69,7.363,0.477,0.0,0.477,0.0,5TRV_med,2.1751413
791,91,sample_91,91,91,91,86,0.716,2.703,0.501,12.355,0.128,0.209,0.337,0.0,5TRV_med,1.552971
792,92,sample_92,92,92,92,86,0.876,1.395,0.721,6.777,0.593,0.058,0.651,0.0,5TRV_med,1.662495
793,93,sample_93,93,93,93,86,0.826,1.804,0.727,11.228,0.663,0.0,0.663,0.0,5TRV_med,1.4947602
794,94,sample_94,94,94,94,86,0.345,7.595,0.452,15.145,0.14,0.279,0.419,0.0,5TRV_med,2.52533
795,95,sample_95,95,95,95,86,0.347,10.707,0.496,14.411,0.593,0.0,0.593,0.0,5TRV_med,2.330907
796,96,sample_96,96,96,96,86,0.746,2.535,0.705,6.691,0.291,0.256,0.547,0.0,5TRV_med,2.613218
797,97,sample_97,97,97,97,86,0.768,2.107,0.689,6.763,0.64,0.0,0.64,0.0,5TRV_med,1.4655395
798,98,sample_98,98,98,98,86,0.345,8.399,0.53,15.561,0.209,0.047,0.256,0.0,5TRV_med,5.272112
799,99,sample_99,99,99,99,86,0.48,5.631,0.524,13.302,0.488,0.0,0.488,0.0,5TRV_med,4.2423277
800,0,sample_1,0,0,0,48,0.347,7.267,0.471,13.524,0.292,0.0,0.292,0.0,6E6R_short,3.6391027
801,1,sample_10,1,1,1,48,0.286,9.267,0.698,14.856,0.646,0.0,0.646,0.0,6E6R_short,1.2162913
802,2,sample_100,2,2,2,48,0.686,2.076,0.641,7.789,0.646,0.0,0.646,0.0,6E6R_short,1.2526869
803,3,sample_11,3,3,3,48,0.69,3.245,0.672,6.895,0.562,0.0,0.562,0.0,6E6R_short,1.5700991
804,4,sample_12,4,4,4,48,0.808,1.193,0.723,5.576,0.521,0.0,0.521,0.0,6E6R_short,1.4270172
805,5,sample_13,5,5,5,48,0.647,4.055,0.662,8.739,0.562,0.0,0.562,0.0,6E6R_short,1.4734707
806,6,sample_14,6,6,6,48,0.724,1.767,0.648,8.294,0.438,0.0,0.438,0.0,6E6R_short,0.9191582
807,7,sample_15,7,7,7,48,0.614,7.346,0.641,8.132,0.542,0.0,0.542,0.0,6E6R_short,1.460816
808,8,sample_16,8,8,8,48,0.804,1.413,0.906,2.294,0.646,0.0,0.646,0.0,6E6R_short,0.5313893
809,9,sample_17,9,9,9,48,0.286,6.223,0.535,13.167,0.417,0.0,0.417,0.0,6E6R_short,2.8262928
810,10,sample_18,10,10,10,48,0.703,2.209,0.765,6.299,0.688,0.0,0.688,0.0,6E6R_short,1.6794422
811,11,sample_19,91,92,91,48,0.459,5.017,0.892,4.454,0.729,0.0,0.729,0.0,6E6R_short,3.6779578
812,12,sample_2,11,11,11,48,0.811,1.323,0.736,6.374,0.604,0.0,0.604,0.0,6E6R_short,1.4606026
813,13,sample_20,12,12,12,48,0.461,5.081,0.63,12.184,0.646,0.0,0.646,0.0,6E6R_short,1.5748211
814,14,sample_21,13,13,13,48,0.483,4.273,0.591,10.491,0.583,0.0,0.583,0.0,6E6R_short,1.5020783
815,15,sample_22,14,14,14,48,0.62,3.872,0.761,4.52,0.604,0.0,0.604,0.0,6E6R_short,1.5034581
816,16,sample_23,90,15,15,48,0.873,1.018,0.781,4.422,0.146,0.438,0.583,0.0,6E6R_short,0.8815077
817,17,sample_24,15,16,16,48,0.349,9.627,0.603,12.252,0.417,0.0,0.417,0.0,6E6R_short,3.892679
818,18,sample_25,16,17,17,48,0.819,1.146,0.725,5.593,0.583,0.0,0.583,0.0,6E6R_short,0.5504216
819,19,sample_26,17,18,18,48,0.347,5.251,0.472,12.02,0.104,0.0,0.104,0.0,6E6R_short,1.9882036
820,20,sample_27,18,19,19,48,0.304,9.355,0.724,10.243,0.646,0.0,0.646,0.0,6E6R_short,2.1387637
821,21,sample_28,19,20,20,48,0.244,6.1,0.411,15.274,0.0,0.0,0.0,0.0,6E6R_short,5.3933554
822,22,sample_29,20,21,21,48,0.634,2.2,0.584,10.392,0.521,0.0,0.521,0.0,6E6R_short,0.8147591
823,23,sample_3,21,22,22,48,0.441,4.251,0.682,6.581,0.146,0.188,0.333,0.0,6E6R_short,0.9905427
824,24,sample_30,22,23,23,48,0.514,4.527,0.601,9.556,0.125,0.25,0.375,0.0,6E6R_short,5.0920305
825,25,sample_31,23,24,24,48,0.376,7.777,0.745,7.489,0.438,0.167,0.604,0.0,6E6R_short,1.4855169
826,26,sample_32,91,93,93,48,0.819,1.503,0.785,4.354,0.708,0.0,0.708,0.0,6E6R_short,1.4175438
827,27,sample_33,24,25,25,48,0.553,6.237,0.745,9.927,0.708,0.0,0.708,0.0,6E6R_short,1.4318906
828,28,sample_34,25,26,26,48,0.456,3.346,0.771,6.595,0.771,0.0,0.771,0.0,6E6R_short,1.237761
829,29,sample_35,26,27,27,48,0.789,1.222,0.706,7.692,0.583,0.0,0.583,0.0,6E6R_short,0.5706573
830,30,sample_36,91,92,91,48,0.601,3.727,0.829,6.991,0.833,0.0,0.833,0.0,6E6R_short,1.5427412
831,31,sample_37,27,28,28,48,0.6,3.626,0.755,9.015,0.708,0.0,0.708,0.0,6E6R_short,1.8300232
832,32,sample_38,91,94,94,48,0.739,1.81,0.638,10.691,0.479,0.0,0.479,0.0,6E6R_short,1.4879392
833,33,sample_39,28,29,29,48,0.297,8.118,0.732,7.327,0.75,0.0,0.75,0.0,6E6R_short,3.4736562
834,34,sample_4,91,93,93,48,0.824,1.643,0.704,6.504,0.729,0.0,0.729,0.0,6E6R_short,0.6188457
835,35,sample_40,29,30,30,48,0.442,4.4,0.464,13.883,0.167,0.0,0.167,0.0,6E6R_short,2.065089
836,36,sample_41,30,31,31,48,0.542,2.982,0.747,7.353,0.688,0.0,0.688,0.0,6E6R_short,0.8810129
837,37,sample_42,91,94,94,48,0.679,2.282,0.684,7.38,0.667,0.0,0.667,0.0,6E6R_short,1.5201496
838,38,sample_43,31,32,32,48,0.487,3.766,0.533,10.117,0.125,0.0,0.125,0.0,6E6R_short,1.6481564
839,39,sample_44,32,33,33,48,0.89,0.805,0.75,4.657,0.521,0.0,0.521,0.0,6E6R_short,0.44608343
840,40,sample_45,33,34,34,48,0.819,3.425,0.732,5.361,0.625,0.0,0.625,0.0,6E6R_short,1.3615124
841,41,sample_46,34,35,35,48,0.908,0.77,0.83,2.951,0.688,0.0,0.688,0.0,6E6R_short,0.9725839
842,42,sample_47,35,36,36,48,0.629,2.151,0.68,7.026,0.208,0.312,0.521,0.0,6E6R_short,1.4509363
843,43,sample_48,36,37,37,48,0.562,2.774,0.686,7.544,0.625,0.0,0.625,0.0,6E6R_short,1.5796125
844,44,sample_49,37,38,38,48,0.756,1.821,0.87,2.345,0.729,0.0,0.729,0.0,6E6R_short,1.4333467
845,45,sample_5,38,39,39,48,0.313,8.359,0.73,6.432,0.604,0.0,0.604,0.0,6E6R_short,1.3419529
846,46,sample_50,39,40,40,48,0.876,0.907,0.756,4.75,0.271,0.083,0.354,0.0,6E6R_short,0.77165776
847,47,sample_51,90,91,92,48,0.79,1.45,0.745,6.174,0.125,0.375,0.5,0.0,6E6R_short,0.92987263
848,48,sample_52,40,41,41,48,0.481,3.166,0.684,8.435,0.708,0.0,0.708,0.0,6E6R_short,1.6436458
849,49,sample_53,41,42,42,48,0.316,5.396,0.641,10.772,0.333,0.0,0.333,0.0,6E6R_short,1.1945649
850,50,sample_54,42,43,43,48,0.399,7.451,0.572,14.94,0.708,0.0,0.708,0.0,6E6R_short,2.4507844
851,51,sample_55,43,44,44,48,0.564,2.702,0.611,9.563,0.521,0.0,0.521,0.0,6E6R_short,3.2398086
852,52,sample_56,44,45,45,48,0.446,6.004,0.649,7.384,0.458,0.0,0.458,0.0,6E6R_short,1.7095561
853,53,sample_57,45,46,46,48,0.396,4.547,0.633,9.963,0.646,0.0,0.646,0.0,6E6R_short,1.3373613
854,54,sample_58,46,47,47,48,0.351,4.87,0.494,14.641,0.125,0.208,0.333,0.0,6E6R_short,1.5876924
855,55,sample_59,47,48,48,48,0.52,4.974,0.743,7.859,0.521,0.0,0.521,0.0,6E6R_short,1.8609887
856,56,sample_6,48,49,49,48,0.341,5.44,0.455,12.394,0.0,0.104,0.104,0.0,6E6R_short,3.5369227
857,57,sample_60,49,50,50,48,0.619,2.814,0.684,9.457,0.417,0.083,0.5,0.0,6E6R_short,1.8297424
858,58,sample_61,50,51,51,48,0.522,3.404,0.669,7.324,0.583,0.0,0.583,0.0,6E6R_short,1.7783871
859,59,sample_62,51,52,52,48,0.408,5.384,0.646,9.676,0.562,0.0,0.562,0.0,6E6R_short,2.5074165
860,60,sample_63,52,53,53,48,0.448,4.199,0.744,6.846,0.583,0.0,0.583,0.0,6E6R_short,2.0404682
861,61,sample_64,53,54,54,48,0.443,3.372,0.511,11.228,0.625,0.0,0.625,0.0,6E6R_short,3.2052145
862,62,sample_65,54,55,55,48,0.451,5.258,0.472,14.71,0.167,0.0,0.167,0.0,6E6R_short,1.5454476
863,63,sample_66,90,91,92,48,0.807,1.397,0.813,4.1,0.125,0.333,0.458,0.0,6E6R_short,0.77358735
864,64,sample_67,55,56,56,48,0.638,3.16,0.673,7.817,0.625,0.0,0.625,0.0,6E6R_short,1.4258147
865,65,sample_68,56,57,57,48,0.83,1.081,0.793,3.748,0.625,0.0,0.625,0.0,6E6R_short,0.45683807
866,66,sample_69,57,58,58,48,0.513,2.684,0.671,9.84,0.604,0.0,0.604,0.0,6E6R_short,1.046014
867,67,sample_7,58,59,59,48,0.533,3.542,0.826,3.701,0.771,0.0,0.771,0.0,6E6R_short,1.945132
868,68,sample_70,59,60,60,48,0.425,5.342,0.497,10.939,0.25,0.0,0.25,0.0,6E6R_short,1.4132293
869,69,sample_71,60,61,61,48,0.475,3.434,0.654,8.0,0.5,0.0,0.5,0.0,6E6R_short,1.4286172
870,70,sample_72,61,62,62,48,0.593,3.821,0.52,12.708,0.333,0.0,0.333,0.0,6E6R_short,1.88388
871,71,sample_73,62,63,63,48,0.572,2.831,0.663,8.251,0.542,0.0,0.542,0.0,6E6R_short,1.4399835
872,72,sample_74,63,64,64,48,0.523,3.172,0.741,5.641,0.667,0.0,0.667,0.0,6E6R_short,1.4930344
873,73,sample_75,64,65,65,48,0.782,1.33,0.655,7.721,0.625,0.0,0.625,0.0,6E6R_short,1.2374874
874,74,sample_76,65,66,66,48,0.834,1.202,0.586,9.5,0.604,0.0,0.604,0.0,6E6R_short,1.1863965
875,75,sample_77,66,67,67,48,0.807,1.362,0.72,5.799,0.625,0.0,0.625,0.0,6E6R_short,2.0645885
876,76,sample_78,67,68,68,48,0.4,4.67,0.612,16.322,0.521,0.0,0.521,0.0,6E6R_short,2.3286188
877,77,sample_79,68,69,69,48,0.711,1.794,0.744,4.841,0.604,0.0,0.604,0.0,6E6R_short,1.5200052
878,78,sample_8,69,70,70,48,0.255,7.294,0.481,14.344,0.583,0.0,0.583,0.0,6E6R_short,2.2016523
879,79,sample_80,70,71,71,48,0.599,2.131,0.636,11.896,0.708,0.0,0.708,0.0,6E6R_short,0.8012616
880,80,sample_81,71,72,72,48,0.563,4.221,0.898,2.195,0.708,0.0,0.708,0.0,6E6R_short,1.6645342
881,81,sample_82,72,73,73,48,0.442,3.405,0.494,11.358,0.208,0.0,0.208,0.0,6E6R_short,1.7952496
882,82,sample_83,73,74,74,48,0.412,4.63,0.572,11.282,0.542,0.0,0.542,0.0,6E6R_short,1.6252161
883,83,sample_84,74,75,75,48,0.543,2.545,0.596,8.918,0.521,0.0,0.521,0.0,6E6R_short,1.465703
884,84,sample_85,75,76,76,48,0.506,5.465,0.602,9.823,0.417,0.0,0.417,0.0,6E6R_short,1.2274424
885,85,sample_86,76,77,77,48,0.332,10.585,0.756,12.429,0.646,0.0,0.646,0.0,6E6R_short,1.999083
886,86,sample_87,91,92,91,48,0.571,5.408,0.891,3.796,0.875,0.0,0.875,0.0,6E6R_short,2.0555272
887,87,sample_88,77,78,78,48,0.77,1.298,0.673,7.701,0.646,0.0,0.646,0.0,6E6R_short,0.5182967
888,88,sample_89,78,79,79,48,0.414,5.43,0.546,10.938,0.25,0.0,0.25,0.0,6E6R_short,2.3749247
889,89,sample_9,79,80,80,48,0.529,4.632,0.655,9.975,0.667,0.0,0.667,0.0,6E6R_short,0.9729981
890,90,sample_90,80,81,81,48,0.253,5.779,0.53,14.571,0.146,0.104,0.25,0.0,6E6R_short,1.6516677
891,91,sample_91,81,82,82,48,0.318,7.517,0.655,13.415,0.688,0.0,0.688,0.0,6E6R_short,3.3762612
892,92,sample_92,82,83,83,48,0.399,5.618,0.671,12.266,0.542,0.0,0.542,0.0,6E6R_short,1.8156248
893,93,sample_93,83,84,84,48,0.362,4.788,0.503,11.729,0.25,0.0,0.25,0.0,6E6R_short,1.9623544
894,94,sample_94,84,85,85,48,0.766,1.488,0.658,8.051,0.604,0.0,0.604,0.0,6E6R_short,1.0982641
895,95,sample_95,85,86,86,48,0.27,5.553,0.457,12.916,0.0,0.0,0.0,0.0,6E6R_short,5.6043296
896,96,sample_96,86,87,87,48,0.754,2.065,0.588,9.848,0.125,0.375,0.5,0.0,6E6R_short,0.6914966
897,97,sample_97,87,88,88,48,0.314,5.956,0.665,10.574,0.312,0.0,0.312,0.0,6E6R_short,0.7228725
898,98,sample_98,88,89,89,48,0.389,4.19,0.552,12.486,0.312,0.0,0.312,0.0,6E6R_short,2.7025442
899,99,sample_99,89,90,90,48,0.848,1.441,0.861,2.328,0.667,0.0,0.667,0.0,6E6R_short,1.2978547
900,0,sample_1,0,0,0,78,0.7,2.395,0.774,8.07,0.769,0.0,0.769,0.0,6E6R_med,1.4536641
901,1,sample_10,1,1,1,78,0.894,1.234,0.835,3.839,0.628,0.0,0.628,0.0,6E6R_med,0.7724521
902,2,sample_100,2,2,2,78,0.286,10.24,0.488,14.699,0.333,0.0,0.333,0.0,6E6R_med,1.8862813
903,3,sample_11,3,3,3,78,0.53,5.273,0.488,13.942,0.321,0.115,0.436,0.0,6E6R_med,5.764917
904,4,sample_12,4,4,4,78,0.338,11.199,0.59,15.483,0.641,0.0,0.641,0.0,6E6R_med,1.7275856
905,5,sample_13,5,5,5,78,0.552,5.021,0.497,13.938,0.487,0.0,0.487,0.0,6E6R_med,1.932355
906,6,sample_14,6,6,6,78,0.491,4.404,0.528,13.155,0.231,0.256,0.487,0.0,6E6R_med,1.3715664
907,7,sample_15,7,7,7,78,0.896,1.175,0.824,3.836,0.692,0.0,0.692,0.0,6E6R_med,0.63090783
908,8,sample_16,8,8,8,78,0.413,5.996,0.569,14.191,0.551,0.0,0.551,0.0,6E6R_med,1.5995116
909,9,sample_17,9,9,9,78,0.676,2.605,0.568,11.699,0.731,0.0,0.731,0.0,6E6R_med,1.6276932
910,10,sample_18,10,10,10,78,0.337,9.167,0.499,16.962,0.308,0.0,0.308,0.0,6E6R_med,1.085706
911,11,sample_19,11,11,11,78,0.809,1.794,0.629,9.401,0.474,0.0,0.474,0.0,6E6R_med,0.8890744
912,12,sample_2,12,12,12,78,0.807,2.089,0.719,7.114,0.628,0.0,0.628,0.0,6E6R_med,2.087372
913,13,sample_20,13,13,13,78,0.34,8.012,0.457,14.358,0.167,0.192,0.359,0.0,6E6R_med,3.152246
914,14,sample_21,14,14,14,78,0.517,6.837,0.624,17.05,0.5,0.103,0.603,0.0,6E6R_med,3.7145092
915,15,sample_22,15,15,15,78,0.775,3.575,0.599,11.436,0.077,0.295,0.372,0.0,6E6R_med,0.5408872
916,16,sample_23,16,16,16,78,0.589,3.06,0.616,9.647,0.692,0.0,0.692,0.0,6E6R_med,1.5538594
917,17,sample_24,17,17,17,78,0.683,2.862,0.683,14.352,0.628,0.0,0.628,0.0,6E6R_med,1.6943289
918,18,sample_25,18,18,18,78,0.653,3.027,0.576,10.828,0.705,0.0,0.705,0.0,6E6R_med,0.7155715
919,19,sample_26,19,19,19,78,0.406,6.879,0.405,17.421,0.218,0.0,0.218,0.0,6E6R_med,1.3671027
920,20,sample_27,20,20,20,78,0.851,1.423,0.764,4.626,0.205,0.256,0.462,0.0,6E6R_med,1.4903047
921,21,sample_28,21,21,21,78,0.767,2.433,0.753,6.652,0.256,0.269,0.526,0.0,6E6R_med,0.9728831
922,22,sample_29,22,22,22,78,0.49,5.676,0.521,12.782,0.385,0.0,0.385,0.0,6E6R_med,0.8307132
923,23,sample_3,23,23,23,78,0.883,1.341,0.742,8.786,0.718,0.0,0.718,0.0,6E6R_med,1.5993919
924,24,sample_30,24,24,24,78,0.449,6.852,0.615,11.52,0.615,0.0,0.615,0.0,6E6R_med,1.6449167
925,25,sample_31,25,25,25,78,0.772,2.105,0.689,7.55,0.641,0.0,0.641,0.0,6E6R_med,2.0551546
926,26,sample_32,26,26,26,78,0.519,5.082,0.598,12.538,0.603,0.0,0.603,0.0,6E6R_med,1.5865765
927,27,sample_33,27,27,27,78,0.407,7.273,0.482,14.383,0.167,0.051,0.218,0.0,6E6R_med,1.7582644
928,28,sample_34,28,28,28,78,0.758,2.477,0.7,8.595,0.731,0.0,0.731,0.0,6E6R_med,1.8471291
929,29,sample_35,29,29,29,78,0.392,8.46,0.467,15.25,0.231,0.0,0.231,0.0,6E6R_med,1.50059
930,30,sample_36,30,30,30,78,0.559,5.253,0.798,6.484,0.679,0.0,0.679,0.0,6E6R_med,2.4820917
931,31,sample_37,31,31,31,78,0.729,3.605,0.652,9.234,0.128,0.231,0.359,0.0,6E6R_med,3.9786847
932,32,sample_38,32,32,32,78,0.39,5.987,0.465,13.816,0.218,0.0,0.218,0.0,6E6R_med,3.699945
933,33,sample_39,33,33,33,78,0.73,3.329,0.757,5.808,0.359,0.244,0.603,0.0,6E6R_med,1.7740831
934,34,sample_4,34,34,34,78,0.844,1.676,0.734,6.671,0.256,0.167,0.423,0.0,6E6R_med,1.4866369
935,35,sample_40,35,35,35,78,0.742,2.573,0.774,4.993,0.551,0.0,0.551,0.0,6E6R_med,0.8552599
936,36,sample_41,36,36,36,78,0.762,2.273,0.721,6.455,0.628,0.0,0.628,0.0,6E6R_med,0.5507752
937,37,sample_42,37,37,37,78,0.542,5.29,0.494,13.416,0.462,0.0,0.462,0.0,6E6R_med,1.2617774
938,38,sample_43,38,38,38,78,0.294,10.112,0.429,18.038,0.205,0.0,0.205,0.0,6E6R_med,0.8763738
939,39,sample_44,39,39,39,78,0.413,4.806,0.463,13.435,0.09,0.205,0.295,0.0,6E6R_med,0.7292736
940,40,sample_45,40,40,40,78,0.791,2.26,0.714,9.219,0.333,0.218,0.551,0.0,6E6R_med,1.1532166
941,41,sample_46,41,41,41,78,0.553,4.5,0.59,12.14,0.628,0.0,0.628,0.0,6E6R_med,0.9971089
942,42,sample_47,42,42,42,78,0.363,9.386,0.648,8.87,0.538,0.0,0.538,0.0,6E6R_med,0.665158
943,43,sample_48,43,43,43,78,0.916,1.017,0.797,6.629,0.769,0.0,0.769,0.0,6E6R_med,0.87791103
944,44,sample_49,44,44,44,78,0.845,1.577,0.669,7.56,0.41,0.141,0.551,0.0,6E6R_med,1.4066591
945,45,sample_5,45,45,45,78,0.537,5.074,0.534,11.954,0.154,0.205,0.359,0.0,6E6R_med,1.6839552
946,46,sample_50,46,46,46,78,0.52,5.312,0.485,15.397,0.308,0.051,0.359,0.0,6E6R_med,1.2586437
947,47,sample_51,47,47,47,78,0.621,3.335,0.612,11.717,0.628,0.0,0.628,0.0,6E6R_med,1.4686631
948,48,sample_52,48,48,48,78,0.597,7.417,0.702,13.123,0.654,0.0,0.654,0.0,6E6R_med,2.1455176
949,49,sample_53,49,49,49,78,0.495,7.818,0.531,12.434,0.154,0.231,0.385,0.0,6E6R_med,2.0323405
950,50,sample_54,50,50,50,78,0.822,1.92,0.776,6.463,0.09,0.282,0.372,0.0,6E6R_med,1.4446954
951,51,sample_55,51,51,51,78,0.37,9.398,0.475,15.818,0.321,0.0,0.321,0.0,6E6R_med,0.8010503
952,52,sample_56,52,52,52,78,0.693,3.165,0.618,12.741,0.449,0.0,0.449,0.0,6E6R_med,3.3887167
953,53,sample_57,53,53,53,78,0.819,2.075,0.677,9.475,0.526,0.0,0.526,0.0,6E6R_med,0.7570356
954,54,sample_58,54,54,54,78,0.786,2.104,0.746,5.691,0.59,0.0,0.59,0.0,6E6R_med,1.9094111
955,55,sample_59,55,55,55,78,0.532,3.898,0.474,14.414,0.397,0.064,0.462,0.0,6E6R_med,3.562321
956,56,sample_6,56,56,56,78,0.498,9.313,0.543,11.745,0.308,0.064,0.372,0.0,6E6R_med,6.0425324
957,57,sample_60,57,57,57,78,0.75,4.062,0.634,9.7,0.679,0.0,0.679,0.0,6E6R_med,1.5666468
958,58,sample_61,58,58,58,78,0.896,1.163,0.806,3.87,0.526,0.0,0.526,0.0,6E6R_med,1.3663689
959,59,sample_62,59,59,59,78,0.817,1.893,0.723,6.457,0.333,0.167,0.5,0.0,6E6R_med,2.7568996
960,60,sample_63,60,60,60,78,0.607,3.832,0.587,11.46,0.5,0.0,0.5,0.0,6E6R_med,3.214539
961,61,sample_64,61,61,61,78,0.404,8.138,0.623,13.17,0.808,0.0,0.808,0.0,6E6R_med,1.7797453
962,62,sample_65,62,62,62,78,0.596,4.403,0.527,12.915,0.192,0.218,0.41,0.0,6E6R_med,3.5481179
963,63,sample_66,63,63,63,78,0.609,4.636,0.512,14.45,0.526,0.0,0.526,0.0,6E6R_med,2.7297356
964,64,sample_67,64,64,64,78,0.611,3.728,0.569,11.731,0.282,0.064,0.346,0.0,6E6R_med,3.8121212
965,65,sample_68,96,96,96,78,0.756,3.856,0.761,7.889,0.897,0.0,0.897,0.0,6E6R_med,3.6061459
966,66,sample_69,65,65,65,78,0.283,11.623,0.437,14.871,0.385,0.0,0.385,0.0,6E6R_med,2.21606
967,67,sample_7,66,66,66,78,0.944,0.782,0.853,3.436,0.41,0.051,0.462,0.0,6E6R_med,0.50090533
968,68,sample_70,67,67,67,78,0.819,1.893,0.704,11.932,0.679,0.0,0.679,0.0,6E6R_med,3.0674005
969,69,sample_71,68,68,68,78,0.739,2.593,0.675,8.051,0.615,0.0,0.615,0.0,6E6R_med,0.4335669
970,70,sample_72,69,69,69,78,0.884,1.199,0.796,5.815,0.359,0.269,0.628,0.0,6E6R_med,0.7579589
971,71,sample_73,70,70,70,78,0.431,7.869,0.422,14.728,0.295,0.064,0.359,0.0,6E6R_med,1.962165
972,72,sample_74,71,71,71,78,0.583,10.943,0.697,8.774,0.692,0.0,0.692,0.0,6E6R_med,2.2690487
973,73,sample_75,72,72,72,78,0.8,1.978,0.806,5.781,0.628,0.0,0.628,0.0,6E6R_med,1.4854441
974,74,sample_76,73,73,73,78,0.831,1.861,0.725,6.241,0.59,0.0,0.59,0.0,6E6R_med,2.6944036
975,75,sample_77,74,74,74,78,0.914,1.651,0.717,6.949,0.667,0.0,0.667,0.0,6E6R_med,0.5657976
976,76,sample_78,75,75,75,78,0.502,4.384,0.509,15.946,0.333,0.051,0.385,0.0,6E6R_med,4.0708027
977,77,sample_79,96,96,96,78,0.679,2.931,0.771,7.045,0.795,0.0,0.795,0.0,6E6R_med,3.5881827
978,78,sample_8,76,76,76,78,0.649,3.217,0.558,9.85,0.372,0.103,0.474,0.0,6E6R_med,1.8934929
979,79,sample_80,77,77,77,78,0.869,1.606,0.783,9.952,0.385,0.167,0.551,0.0,6E6R_med,2.0214732
980,80,sample_81,78,78,78,78,0.865,1.425,0.747,6.41,0.679,0.0,0.679,0.0,6E6R_med,1.7221833
981,81,sample_82,79,79,79,78,0.66,4.528,0.632,8.648,0.372,0.179,0.551,0.0,6E6R_med,1.7188417
982,82,sample_83,80,80,80,78,0.518,5.526,0.518,12.489,0.397,0.0,0.397,0.0,6E6R_med,3.1148295
983,83,sample_84,81,81,81,78,0.487,4.104,0.628,10.592,0.679,0.0,0.679,0.0,6E6R_med,2.144111
984,84,sample_85,97,97,97,78,0.742,2.597,0.614,9.47,0.628,0.0,0.628,0.0,6E6R_med,2.0534644
985,85,sample_86,82,82,82,78,0.408,8.918,0.414,15.728,0.077,0.115,0.192,0.0,6E6R_med,2.5549903
986,86,sample_87,83,83,83,78,0.794,1.856,0.613,13.387,0.667,0.0,0.667,0.0,6E6R_med,1.7092931
987,87,sample_88,84,84,84,78,0.585,4.221,0.579,10.481,0.308,0.205,0.513,0.0,6E6R_med,0.74575156
988,88,sample_89,85,85,85,78,0.687,2.961,0.651,7.66,0.064,0.397,0.462,0.0,6E6R_med,2.3576093
989,89,sample_9,86,86,86,78,0.886,1.389,0.614,9.99,0.154,0.256,0.41,0.0,6E6R_med,0.6853336
990,90,sample_90,87,87,87,78,0.535,6.684,0.752,8.994,0.731,0.0,0.731,0.0,6E6R_med,3.429795
991,91,sample_91,88,88,88,78,0.806,3.125,0.722,6.985,0.359,0.218,0.577,0.0,6E6R_med,0.85743725
992,92,sample_92,89,89,89,78,0.761,2.38,0.624,9.149,0.436,0.051,0.487,0.0,6E6R_med,3.759898
993,93,sample_93,90,90,90,78,0.329,9.87,0.494,14.004,0.577,0.0,0.577,0.0,6E6R_med,1.361443
994,94,sample_94,91,91,91,78,0.63,4.377,0.582,10.317,0.436,0.051,0.487,0.0,6E6R_med,2.6899614
995,95,sample_95,92,92,92,78,0.587,6.741,0.816,6.541,0.667,0.0,0.667,0.0,6E6R_med,0.8103308
996,96,sample_96,93,93,93,78,0.755,2.363,0.686,6.55,0.654,0.0,0.654,0.0,6E6R_med,1.1133676
997,97,sample_97,97,97,97,78,0.89,1.81,0.817,4.153,0.744,0.0,0.744,0.0,6E6R_med,1.4096556
998,98,sample_98,94,94,94,78,0.706,3.378,0.682,8.686,0.692,0.0,0.692,0.0,6E6R_med,1.4248741
999,99,sample_99,95,95,95,78,0.554,3.685,0.453,13.697,0.321,0.0,0.321,0.0,6E6R_med,1.6777664
1000,0,sample_1,0,0,0,50,0.703,2.344,0.718,6.232,0.64,0.0,0.64,0.0,6EXZ_short,0.32068843
1001,1,sample_10,1,1,1,50,0.824,1.815,0.907,2.023,0.72,0.0,0.72,0.0,6EXZ_short,2.1925416
1002,2,sample_100,2,2,2,50,0.763,1.466,0.77,4.569,0.62,0.0,0.62,0.0,6EXZ_short,0.35048056
1003,3,sample_11,87,91,89,50,0.52,4.006,0.867,4.446,0.68,0.0,0.68,0.0,6EXZ_short,0.78351635
1004,4,sample_12,3,3,3,50,0.573,2.911,0.624,9.813,0.58,0.0,0.58,0.0,6EXZ_short,0.6763516
1005,5,sample_13,4,4,4,50,0.441,5.774,0.673,10.997,0.76,0.0,0.76,0.0,6EXZ_short,4.6487327
1006,6,sample_14,5,5,5,50,0.361,7.669,0.524,14.341,0.42,0.0,0.42,0.0,6EXZ_short,3.6807494
1007,7,sample_15,6,6,6,50,0.361,6.528,0.446,14.939,0.14,0.0,0.14,0.0,6EXZ_short,3.1928315
1008,8,sample_16,7,7,7,50,0.455,3.362,0.588,9.171,0.34,0.0,0.34,0.0,6EXZ_short,3.1740468
1009,9,sample_17,8,8,8,50,0.841,1.527,0.835,3.902,0.62,0.0,0.62,0.0,6EXZ_short,0.4934473
1010,10,sample_18,89,92,91,50,0.922,0.849,0.762,4.444,0.6,0.0,0.6,0.0,6EXZ_short,0.69508654
1011,11,sample_19,9,9,9,50,0.367,6.475,0.62,14.76,0.66,0.0,0.66,0.0,6EXZ_short,2.7888534
1012,12,sample_2,10,10,10,50,0.541,5.494,0.788,5.571,0.58,0.0,0.58,0.0,6EXZ_short,0.66756845
1013,13,sample_20,11,11,11,50,0.722,1.885,0.626,10.412,0.46,0.0,0.46,0.0,6EXZ_short,1.5907316
1014,14,sample_21,87,91,89,50,0.626,5.079,0.837,3.44,0.76,0.0,0.76,0.0,6EXZ_short,0.51399475
1015,15,sample_22,12,12,12,50,0.321,6.932,0.632,17.019,0.46,0.0,0.46,0.0,6EXZ_short,1.64369
1016,16,sample_23,13,13,13,50,0.857,0.943,0.903,1.958,0.8,0.0,0.8,0.0,6EXZ_short,0.8331208
1017,17,sample_24,14,14,14,50,0.359,5.519,0.634,10.792,0.52,0.0,0.52,0.0,6EXZ_short,2.0346582
1018,18,sample_25,15,15,15,50,0.569,2.704,0.68,8.11,0.62,0.0,0.62,0.0,6EXZ_short,1.6842401
1019,19,sample_26,16,16,16,50,0.676,3.855,0.592,10.003,0.4,0.0,0.4,0.0,6EXZ_short,1.6638272
1020,20,sample_27,85,88,90,50,0.74,1.568,0.88,2.805,0.82,0.0,0.82,0.0,6EXZ_short,1.7637666
1021,21,sample_28,17,17,17,50,0.806,1.18,0.714,8.38,0.58,0.0,0.58,0.0,6EXZ_short,0.7921151
1022,22,sample_29,18,18,18,50,0.74,1.574,0.829,3.486,0.7,0.0,0.7,0.0,6EXZ_short,1.0718682
1023,23,sample_3,19,19,19,50,0.431,4.459,0.744,7.582,0.72,0.0,0.72,0.0,6EXZ_short,2.364272
1024,24,sample_30,20,20,20,50,0.563,2.947,0.74,11.701,0.68,0.0,0.68,0.0,6EXZ_short,1.1262449
1025,25,sample_31,89,92,91,50,0.916,0.739,0.805,3.61,0.66,0.0,0.66,0.0,6EXZ_short,0.7876571
1026,26,sample_32,21,21,21,50,0.639,3.734,0.788,4.881,0.62,0.0,0.62,0.0,6EXZ_short,1.1395932
1027,27,sample_33,22,22,22,50,0.33,6.524,0.658,10.955,0.48,0.0,0.48,0.0,6EXZ_short,2.7721152
1028,28,sample_34,23,23,23,50,0.535,2.637,0.631,9.847,0.6,0.0,0.6,0.0,6EXZ_short,0.4404877
1029,29,sample_35,24,24,24,50,0.564,9.501,0.719,9.064,0.8,0.0,0.8,0.0,6EXZ_short,4.312331
1030,30,sample_36,25,25,25,50,0.654,3.85,0.709,10.574,0.72,0.0,0.72,0.0,6EXZ_short,2.4186513
1031,31,sample_37,86,89,87,50,0.82,2.266,0.759,5.792,0.58,0.0,0.58,0.0,6EXZ_short,0.3308534
1032,32,sample_38,26,26,26,50,0.599,4.598,0.621,9.542,0.68,0.0,0.68,0.0,6EXZ_short,2.0667386
1033,33,sample_39,27,27,27,50,0.789,2.93,0.809,5.208,0.58,0.0,0.58,0.0,6EXZ_short,1.0261784
1034,34,sample_4,28,28,28,50,0.542,10.521,0.775,10.084,0.34,0.0,0.34,0.0,6EXZ_short,0.58374614
1035,35,sample_40,29,29,29,50,0.49,5.055,0.545,11.029,0.14,0.1,0.24,0.0,6EXZ_short,1.6093494
1036,36,sample_41,30,30,30,50,0.762,1.508,0.744,5.325,0.56,0.0,0.56,0.0,6EXZ_short,1.122593
1037,37,sample_42,84,87,86,50,0.304,10.182,0.764,9.246,0.84,0.0,0.84,0.0,6EXZ_short,2.1838365
1038,38,sample_43,88,90,88,50,0.872,0.976,0.833,2.855,0.76,0.0,0.76,0.0,6EXZ_short,1.0433065
1039,39,sample_44,31,31,31,50,0.393,5.335,0.521,15.731,0.16,0.0,0.16,0.0,6EXZ_short,0.57048315
1040,40,sample_45,32,32,32,50,0.905,0.748,0.802,3.855,0.5,0.0,0.5,0.0,6EXZ_short,0.5944368
1041,41,sample_46,33,33,33,50,0.862,1.211,0.908,2.321,0.62,0.0,0.62,0.0,6EXZ_short,0.33143744
1042,42,sample_47,34,34,34,50,0.802,1.275,0.712,8.274,0.52,0.0,0.52,0.0,6EXZ_short,0.98671365
1043,43,sample_48,35,35,35,50,0.565,4.007,0.72,5.559,0.56,0.0,0.56,0.0,6EXZ_short,2.0179536
1044,44,sample_49,36,36,36,50,0.444,4.889,0.628,10.456,0.4,0.0,0.4,0.0,6EXZ_short,0.8057665
1045,45,sample_5,37,37,37,50,0.851,1.123,0.676,8.764,0.3,0.18,0.48,0.0,6EXZ_short,1.4833559
1046,46,sample_50,38,38,38,50,0.266,8.673,0.572,13.133,0.5,0.0,0.5,0.0,6EXZ_short,2.3811843
1047,47,sample_51,39,39,39,50,0.662,2.138,0.702,6.303,0.3,0.18,0.48,0.0,6EXZ_short,0.40875885
1048,48,sample_52,40,40,40,50,0.388,4.019,0.618,11.487,0.54,0.0,0.54,0.0,6EXZ_short,1.2399507
1049,49,sample_53,41,41,41,50,0.662,2.867,0.74,9.043,0.54,0.0,0.54,0.0,6EXZ_short,1.3427619
1050,50,sample_54,42,42,42,50,0.33,7.141,0.794,9.914,0.7,0.0,0.7,0.0,6EXZ_short,2.857313
1051,51,sample_55,43,43,43,50,0.672,2.861,0.563,10.86,0.44,0.0,0.44,0.0,6EXZ_short,0.97209674
1052,52,sample_56,44,44,44,50,0.862,1.026,0.829,4.644,0.64,0.0,0.64,0.0,6EXZ_short,1.0864538
1053,53,sample_57,45,45,45,50,0.863,1.567,0.837,4.518,0.6,0.0,0.6,0.0,6EXZ_short,1.6158445
1054,54,sample_58,46,46,46,50,0.645,3.288,0.562,10.137,0.6,0.0,0.6,0.0,6EXZ_short,1.3139199
1055,55,sample_59,47,47,47,50,0.399,6.301,0.507,11.737,0.34,0.0,0.34,0.0,6EXZ_short,2.4043105
1056,56,sample_6,48,48,48,50,0.423,8.564,0.766,11.988,0.52,0.0,0.52,0.0,6EXZ_short,2.850201
1057,57,sample_60,49,49,49,50,0.549,3.495,0.72,6.723,0.54,0.0,0.54,0.0,6EXZ_short,3.0337405
1058,58,sample_61,85,88,90,50,0.374,7.133,0.879,4.666,0.86,0.0,0.86,0.0,6EXZ_short,4.323623
1059,59,sample_62,85,50,90,50,0.422,9.784,0.719,10.362,0.7,0.0,0.7,0.0,6EXZ_short,1.1345704
1060,60,sample_63,50,51,50,50,0.705,1.965,0.721,6.262,0.64,0.0,0.64,0.0,6EXZ_short,1.73612
1061,61,sample_64,51,52,51,50,0.28,9.703,0.532,12.065,0.42,0.0,0.42,0.0,6EXZ_short,2.6930578
1062,62,sample_65,52,53,52,50,0.404,8.099,0.461,13.686,0.18,0.08,0.26,0.0,6EXZ_short,1.6061332
1063,63,sample_66,84,87,86,50,0.34,8.899,0.758,7.526,0.76,0.0,0.76,0.0,6EXZ_short,0.94408107
1064,64,sample_67,53,54,53,50,0.305,6.298,0.595,10.75,0.68,0.0,0.68,0.0,6EXZ_short,1.529718
1065,65,sample_68,54,55,54,50,0.354,6.591,0.571,13.078,0.38,0.0,0.38,0.0,6EXZ_short,1.3623394
1066,66,sample_69,55,56,55,50,0.656,2.691,0.661,8.586,0.3,0.16,0.46,0.0,6EXZ_short,0.9308065
1067,67,sample_7,88,57,56,50,0.733,3.82,0.737,6.795,0.64,0.0,0.64,0.0,6EXZ_short,0.79245025
1068,68,sample_70,56,58,57,50,0.859,1.248,0.739,5.053,0.48,0.0,0.48,0.0,6EXZ_short,1.4497992
1069,69,sample_71,57,59,58,50,0.819,1.502,0.801,4.834,0.56,0.0,0.56,0.0,6EXZ_short,0.40921822
1070,70,sample_72,58,60,59,50,0.821,1.726,0.654,8.878,0.66,0.0,0.66,0.0,6EXZ_short,0.42727688
1071,71,sample_73,59,61,60,50,0.413,9.617,0.515,10.981,0.2,0.0,0.2,0.0,6EXZ_short,0.58776003
1072,72,sample_74,60,62,61,50,0.752,1.914,0.695,6.551,0.62,0.0,0.62,0.0,6EXZ_short,0.3807627
1073,73,sample_75,61,63,62,50,0.599,4.541,0.643,11.728,0.54,0.0,0.54,0.0,6EXZ_short,0.8953449
1074,74,sample_76,86,89,87,50,0.96,0.469,0.861,2.413,0.66,0.0,0.66,0.0,6EXZ_short,0.236273
1075,75,sample_77,62,64,63,50,0.825,1.261,0.761,4.746,0.48,0.0,0.48,0.0,6EXZ_short,0.49951583
1076,76,sample_78,63,65,64,50,0.351,6.643,0.521,11.207,0.32,0.0,0.32,0.0,6EXZ_short,1.0762225
1077,77,sample_79,64,66,65,50,0.806,1.826,0.825,4.169,0.26,0.0,0.26,0.0,6EXZ_short,1.9051293
1078,78,sample_8,65,67,66,50,0.717,2.1,0.837,3.551,0.58,0.0,0.58,0.0,6EXZ_short,1.3204335
1079,79,sample_80,66,68,67,50,0.452,6.226,0.531,11.207,0.42,0.0,0.42,0.0,6EXZ_short,0.5026235
1080,80,sample_81,88,69,68,50,0.813,1.768,0.836,4.046,0.48,0.0,0.48,0.0,6EXZ_short,1.1977077
1081,81,sample_82,67,70,69,50,0.56,2.878,0.571,9.892,0.56,0.0,0.56,0.0,6EXZ_short,2.9223804
1082,82,sample_83,68,71,70,50,0.659,3.023,0.854,3.733,0.66,0.0,0.66,0.0,6EXZ_short,0.3785644
1083,83,sample_84,69,72,71,50,0.826,1.184,0.786,5.389,0.68,0.0,0.68,0.0,6EXZ_short,0.26288298
1084,84,sample_85,85,88,90,50,0.481,10.598,0.766,7.118,0.82,0.0,0.82,0.0,6EXZ_short,1.7868543
1085,85,sample_86,70,73,72,50,0.331,7.501,0.543,16.093,0.3,0.0,0.3,0.0,6EXZ_short,2.1742277
1086,86,sample_87,71,74,73,50,0.575,2.507,0.659,9.95,0.56,0.0,0.56,0.0,6EXZ_short,0.78014404
1087,87,sample_88,72,75,74,50,0.611,4.522,0.879,3.847,0.7,0.0,0.7,0.0,6EXZ_short,0.34226546
1088,88,sample_89,73,76,75,50,0.273,12.496,0.628,15.825,0.58,0.0,0.58,0.0,6EXZ_short,2.5536768
1089,89,sample_9,74,77,76,50,0.677,3.648,0.637,9.556,0.24,0.28,0.52,0.0,6EXZ_short,3.5268438
1090,90,sample_90,75,78,77,50,0.882,1.465,0.884,3.192,0.66,0.0,0.66,0.0,6EXZ_short,0.3666522
1091,91,sample_91,76,79,78,50,0.88,1.031,0.878,2.47,0.74,0.0,0.74,0.0,6EXZ_short,0.39398527
1092,92,sample_92,77,80,79,50,0.818,1.364,0.778,4.639,0.56,0.0,0.56,0.0,6EXZ_short,1.0769092
1093,93,sample_93,78,81,80,50,0.43,7.666,0.596,14.822,0.38,0.0,0.38,0.0,6EXZ_short,1.472206
1094,94,sample_94,79,82,81,50,0.866,1.098,0.625,9.256,0.42,0.0,0.42,0.0,6EXZ_short,0.62091005
1095,95,sample_95,88,90,88,50,0.785,1.778,0.827,3.98,0.66,0.0,0.66,0.0,6EXZ_short,1.020027
1096,96,sample_96,80,83,82,50,0.754,1.489,0.73,6.907,0.6,0.0,0.6,0.0,6EXZ_short,0.9182496
1097,97,sample_97,81,84,83,50,0.455,4.638,0.676,10.016,0.62,0.0,0.62,0.0,6EXZ_short,2.6360776
1098,98,sample_98,82,85,84,50,0.429,5.722,0.607,10.014,0.48,0.0,0.48,0.0,6EXZ_short,2.4773517
1099,99,sample_99,83,86,85,50,0.525,3.404,0.726,10.46,0.72,0.0,0.72,0.0,6EXZ_short,2.3838425
1100,0,sample_1,0,0,0,80,0.749,2.477,0.72,7.339,0.375,0.0,0.375,0.0,6EXZ_med,1.8651359
1101,1,sample_10,1,1,1,80,0.515,5.401,0.482,14.318,0.312,0.0,0.312,0.0,6EXZ_med,0.8154955
1102,2,sample_100,2,2,2,80,0.413,5.809,0.457,13.767,0.438,0.0,0.438,0.0,6EXZ_med,2.053452
1103,3,sample_11,3,3,3,80,0.351,7.948,0.563,17.16,0.55,0.0,0.55,0.0,6EXZ_med,1.212607
1104,4,sample_12,4,4,4,80,0.832,2.256,0.779,5.247,0.725,0.0,0.725,0.0,6EXZ_med,2.182521
1105,5,sample_13,5,5,5,80,0.382,5.978,0.632,9.844,0.463,0.138,0.6,0.0,6EXZ_med,1.8744268
1106,6,sample_14,6,6,6,80,0.348,6.914,0.576,16.655,0.575,0.0,0.575,0.0,6EXZ_med,1.15476
1107,7,sample_15,7,7,7,80,0.903,1.147,0.788,4.734,0.512,0.0,0.512,0.0,6EXZ_med,1.0017858
1108,8,sample_16,8,8,8,80,0.938,0.88,0.879,2.644,0.575,0.0,0.575,0.0,6EXZ_med,0.8669113
1109,9,sample_17,9,9,9,80,0.5,7.678,0.485,15.929,0.275,0.05,0.325,0.0,6EXZ_med,1.3506513
1110,10,sample_18,10,10,10,80,0.787,2.926,0.742,8.131,0.663,0.0,0.663,0.0,6EXZ_med,1.1517483
1111,11,sample_19,11,11,11,80,0.509,5.001,0.491,14.183,0.2,0.0,0.2,0.0,6EXZ_med,0.81153995
1112,12,sample_2,12,12,12,80,0.478,4.741,0.474,13.483,0.188,0.188,0.375,0.0,6EXZ_med,1.5877815
1113,13,sample_20,13,13,13,80,0.496,4.328,0.634,9.307,0.587,0.0,0.587,0.0,6EXZ_med,4.7616
1114,14,sample_21,14,14,14,80,0.605,5.222,0.496,13.67,0.225,0.05,0.275,0.0,6EXZ_med,0.6763435
1115,15,sample_22,15,15,15,80,0.474,5.289,0.454,13.788,0.1,0.0,0.1,0.0,6EXZ_med,2.5726833
1116,16,sample_23,16,16,16,80,0.654,3.227,0.606,9.999,0.075,0.262,0.337,0.0,6EXZ_med,1.929789
1117,17,sample_24,17,17,17,80,0.286,10.897,0.436,15.843,0.237,0.05,0.287,0.0,6EXZ_med,1.6821914
1118,18,sample_25,18,18,18,80,0.777,1.957,0.714,8.622,0.587,0.0,0.587,0.0,6EXZ_med,0.52628005
1119,19,sample_26,19,19,19,80,0.687,3.406,0.672,8.263,0.613,0.05,0.663,0.0,6EXZ_med,1.8073748
1120,20,sample_27,20,20,20,80,0.549,4.651,0.469,13.13,0.112,0.225,0.337,0.0,6EXZ_med,2.0176985
1121,21,sample_28,21,21,21,80,0.413,8.181,0.46,15.969,0.112,0.062,0.175,0.0,6EXZ_med,1.7385974
1122,22,sample_29,22,22,22,80,0.903,1.165,0.745,5.624,0.7,0.0,0.7,0.0,6EXZ_med,0.55785245
1123,23,sample_3,23,23,23,80,0.596,4.532,0.726,9.34,0.575,0.0,0.575,0.0,6EXZ_med,2.3631303
1124,24,sample_30,24,24,24,80,0.551,4.52,0.709,8.44,0.65,0.0,0.65,0.0,6EXZ_med,1.6385436
1125,25,sample_31,25,25,25,80,0.435,5.742,0.497,13.685,0.375,0.0,0.375,0.0,6EXZ_med,0.99281615
1126,26,sample_32,26,26,26,80,0.695,2.598,0.685,10.355,0.512,0.0,0.512,0.0,6EXZ_med,1.0290194
1127,27,sample_33,27,27,27,80,0.586,4.729,0.578,11.251,0.363,0.188,0.55,0.0,6EXZ_med,1.4535203
1128,28,sample_34,28,28,28,80,0.288,9.97,0.555,18.206,0.338,0.0,0.338,0.0,6EXZ_med,1.8661572
1129,29,sample_35,29,29,29,80,0.47,6.84,0.428,15.256,0.25,0.1,0.35,0.0,6EXZ_med,1.299999
1130,30,sample_36,30,30,30,80,0.634,4.596,0.612,11.3,0.375,0.075,0.45,0.0,6EXZ_med,0.28344187
1131,31,sample_37,31,31,31,80,0.406,7.366,0.57,14.144,0.488,0.0,0.488,0.0,6EXZ_med,2.637548
1132,32,sample_38,32,32,32,80,0.832,1.65,0.658,8.713,0.438,0.062,0.5,0.0,6EXZ_med,1.1136347
1133,33,sample_39,33,33,33,80,0.431,5.325,0.503,11.935,0.087,0.363,0.45,0.0,6EXZ_med,4.858233
1134,34,sample_4,34,34,34,80,0.695,4.808,0.696,9.793,0.762,0.0,0.762,0.0,6EXZ_med,1.0648799
1135,35,sample_40,35,35,35,80,0.579,3.989,0.581,13.269,0.825,0.0,0.825,0.0,6EXZ_med,2.3780026
1136,36,sample_41,36,36,36,80,0.77,2.193,0.602,11.016,0.387,0.0,0.387,0.0,6EXZ_med,0.5558981
1137,37,sample_42,37,37,37,80,0.471,6.616,0.736,8.643,0.663,0.0,0.663,0.0,6EXZ_med,0.9784457
1138,38,sample_43,38,38,38,80,0.603,3.37,0.731,6.525,0.087,0.338,0.425,0.0,6EXZ_med,1.5490788
1139,39,sample_44,39,39,39,80,0.855,2.188,0.655,8.96,0.312,0.138,0.45,0.0,6EXZ_med,2.981315
1140,40,sample_45,40,40,40,80,0.525,4.641,0.585,10.282,0.538,0.0,0.538,0.0,6EXZ_med,3.191316
1141,41,sample_46,41,41,41,80,0.861,1.487,0.843,3.597,0.575,0.0,0.575,0.0,6EXZ_med,0.627072
1142,42,sample_47,42,42,42,80,0.617,6.143,0.747,11.821,0.675,0.0,0.675,0.0,6EXZ_med,1.0602823
1143,43,sample_48,43,43,43,80,0.758,2.398,0.696,9.423,0.712,0.0,0.712,0.0,6EXZ_med,1.0998553
1144,44,sample_49,44,44,44,80,0.895,1.224,0.741,6.152,0.175,0.175,0.35,0.0,6EXZ_med,1.2975637
1145,45,sample_5,45,45,45,80,0.537,7.398,0.546,12.409,0.538,0.0,0.538,0.0,6EXZ_med,0.54786634
1146,46,sample_50,46,46,46,80,0.72,5.089,0.526,11.89,0.25,0.062,0.312,0.0,6EXZ_med,1.8834056
1147,47,sample_51,47,47,47,80,0.823,1.791,0.817,5.026,0.712,0.0,0.712,0.0,6EXZ_med,1.5244979
1148,48,sample_52,48,48,48,80,0.547,4.278,0.499,13.626,0.1,0.188,0.287,0.0,6EXZ_med,4.322575
1149,49,sample_53,49,49,49,80,0.811,2.148,0.791,5.877,0.65,0.0,0.65,0.0,6EXZ_med,0.84515744
1150,50,sample_54,50,50,50,80,0.826,1.636,0.755,5.865,0.325,0.15,0.475,0.0,6EXZ_med,0.9490121
1151,51,sample_55,51,51,51,80,0.608,7.261,0.526,12.414,0.188,0.05,0.237,0.0,6EXZ_med,2.85738
1152,52,sample_56,52,52,52,80,0.38,8.354,0.579,11.314,0.425,0.0,0.425,0.0,6EXZ_med,2.1290843
1153,53,sample_57,53,53,53,80,0.775,2.324,0.712,7.546,0.463,0.175,0.637,0.0,6EXZ_med,0.6243752
1154,54,sample_58,54,54,54,80,0.804,3.027,0.702,7.571,0.225,0.3,0.525,0.0,6EXZ_med,2.4492733
1155,55,sample_59,55,55,55,80,0.938,0.848,0.828,3.855,0.663,0.0,0.663,0.0,6EXZ_med,0.7428091
1156,56,sample_6,56,56,56,80,0.374,11.881,0.615,12.564,0.562,0.0,0.562,0.0,6EXZ_med,4.0716505
1157,57,sample_60,57,57,57,80,0.698,4.861,0.463,12.703,0.0,0.213,0.213,0.0,6EXZ_med,3.2236457
1158,58,sample_61,58,58,58,80,0.714,4.677,0.672,9.513,0.312,0.125,0.438,0.0,6EXZ_med,1.9345944
1159,59,sample_62,59,59,59,80,0.572,4.783,0.775,6.705,0.863,0.0,0.863,0.0,6EXZ_med,4.3908253
1160,60,sample_63,60,60,60,80,0.446,6.532,0.703,11.331,0.637,0.0,0.637,0.0,6EXZ_med,0.95304364
1161,61,sample_64,61,61,61,80,0.705,2.956,0.618,10.26,0.3,0.162,0.463,0.0,6EXZ_med,0.47193834
1162,62,sample_65,62,62,62,80,0.821,1.807,0.625,9.233,0.075,0.45,0.525,0.0,6EXZ_med,1.9661525
1163,63,sample_66,63,63,63,80,0.677,3.034,0.533,11.279,0.562,0.125,0.688,0.0,6EXZ_med,3.429765
1164,64,sample_67,64,64,64,80,0.251,10.711,0.376,19.047,0.138,0.0,0.138,0.0,6EXZ_med,3.4992945
1165,65,sample_68,65,65,65,80,0.719,3.101,0.703,6.406,0.738,0.0,0.738,0.0,6EXZ_med,1.7717639
1166,66,sample_69,66,66,66,80,0.779,3.845,0.835,5.747,0.213,0.225,0.438,0.0,6EXZ_med,0.5400937
1167,67,sample_7,67,67,67,80,0.653,2.588,0.59,10.276,0.613,0.0,0.613,0.0,6EXZ_med,1.0618281
1168,68,sample_70,68,68,68,80,0.382,7.579,0.468,13.57,0.3,0.1,0.4,0.0,6EXZ_med,3.5607307
1169,69,sample_71,69,69,69,80,0.866,1.562,0.822,4.768,0.225,0.338,0.562,0.0,6EXZ_med,1.2193409
1170,70,sample_72,70,70,70,80,0.825,1.899,0.714,10.876,0.775,0.0,0.775,0.0,6EXZ_med,2.495523
1171,71,sample_73,71,71,71,80,0.431,6.82,0.51,12.297,0.525,0.0,0.525,0.0,6EXZ_med,3.5227451
1172,72,sample_74,72,72,72,80,0.652,6.351,0.768,11.756,0.663,0.0,0.663,0.0,6EXZ_med,0.7103729
1173,73,sample_75,73,73,73,80,0.905,1.332,0.776,7.232,0.675,0.0,0.675,0.0,6EXZ_med,2.290037
1174,74,sample_76,74,74,74,80,0.668,3.488,0.565,10.204,0.35,0.05,0.4,0.0,6EXZ_med,0.93882835
1175,75,sample_77,75,75,75,80,0.812,1.895,0.772,5.459,0.75,0.0,0.75,0.0,6EXZ_med,2.231303
1176,76,sample_78,76,76,76,80,0.407,7.032,0.454,13.962,0.525,0.0,0.525,0.0,6EXZ_med,0.8975433
1177,77,sample_79,77,77,77,80,0.77,2.118,0.777,6.141,0.625,0.0,0.625,0.0,6EXZ_med,0.4090322
1178,78,sample_8,78,78,78,80,0.851,2.271,0.78,5.648,0.325,0.213,0.538,0.0,6EXZ_med,2.8334126
1179,79,sample_80,79,79,79,80,0.917,1.341,0.845,3.181,0.7,0.0,0.7,0.0,6EXZ_med,0.78157216
1180,80,sample_81,80,80,80,80,0.428,6.07,0.53,12.524,0.287,0.287,0.575,0.0,6EXZ_med,1.986003
1181,81,sample_82,81,81,81,80,0.561,3.946,0.622,10.695,0.45,0.0,0.45,0.0,6EXZ_med,0.8587069
1182,82,sample_83,82,82,82,80,0.293,8.224,0.427,14.171,0.312,0.138,0.45,0.0,6EXZ_med,1.3809212
1183,83,sample_84,83,83,83,80,0.536,7.567,0.682,8.852,0.45,0.0,0.45,0.0,6EXZ_med,3.3835614
1184,84,sample_85,84,84,84,80,0.656,3.034,0.623,9.255,0.4,0.175,0.575,0.0,6EXZ_med,2.8029602
1185,85,sample_86,85,85,85,80,0.77,3.015,0.663,8.397,0.637,0.0,0.637,0.0,6EXZ_med,1.5581753
1186,86,sample_87,86,86,86,80,0.471,5.061,0.613,9.915,0.575,0.05,0.625,0.0,6EXZ_med,2.688844
1187,87,sample_88,87,87,87,80,0.792,3.447,0.685,8.04,0.575,0.0,0.575,0.0,6EXZ_med,0.32587093
1188,88,sample_89,88,88,88,80,0.764,4.083,0.726,7.059,0.45,0.0,0.45,0.0,6EXZ_med,0.7992942
1189,89,sample_9,89,89,89,80,0.26,10.487,0.627,12.368,0.512,0.0,0.512,0.0,6EXZ_med,2.0357409
1190,90,sample_90,90,90,90,80,0.615,3.907,0.477,14.078,0.15,0.175,0.325,0.0,6EXZ_med,2.3892481
1191,91,sample_91,91,91,91,80,0.467,7.348,0.487,13.854,0.45,0.05,0.5,0.0,6EXZ_med,2.0006754
1192,92,sample_92,92,92,92,80,0.485,9.907,0.72,11.12,0.512,0.0,0.512,0.0,6EXZ_med,1.1636407
1193,93,sample_93,93,93,93,80,0.73,4.342,0.679,8.664,0.162,0.213,0.375,0.0,6EXZ_med,2.3265388
1194,94,sample_94,94,94,94,80,0.827,2.302,0.763,6.474,0.438,0.075,0.512,0.0,6EXZ_med,2.0089111
1195,95,sample_95,95,95,95,80,0.806,1.846,0.625,9.924,0.587,0.0,0.587,0.0,6EXZ_med,1.9261395
1196,96,sample_96,96,96,96,80,0.886,1.215,0.762,6.701,0.338,0.25,0.587,0.0,6EXZ_med,0.5479299
1197,97,sample_97,97,97,97,80,0.847,1.841,0.717,6.942,0.575,0.0,0.575,0.0,6EXZ_med,1.3982791
1198,98,sample_98,98,98,98,80,0.689,4.649,0.691,11.56,0.6,0.0,0.6,0.0,6EXZ_med,3.1170611
1199,99,sample_99,99,99,99,80,0.275,8.933,0.368,18.785,0.112,0.05,0.162,0.0,6EXZ_med,1.1346895
