,index,domain,single_cluster_idx,complete_cluster_idx,average_cluster_idx,seqlen,scTM,scRMSD,pLDDT,pAE,pct_helix,pct_strand,pct_ss,pct_left_helix,task,motifRMSD
0,0,sample_1,0,0,0,72,0.453,5.85,0.501,12.182,0.5,0.0,0.5,0.0,5TPN,4.026568
1,1,sample_10,1,1,1,59,0.687,2.467,0.794,5.417,0.525,0.186,0.712,0.0,5TPN,1.2762289
2,2,sample_100,2,2,2,68,0.305,7.797,0.502,14.289,0.265,0.0,0.265,0.0,5TPN,3.458441
3,3,sample_11,3,3,3,51,0.322,6.737,0.537,13.071,0.725,0.0,0.725,0.0,5TPN,4.1941586
4,4,sample_12,4,4,4,58,0.723,2.042,0.775,4.557,0.534,0.0,0.534,0.0,5TPN,1.5473187
5,5,sample_13,5,5,5,63,0.514,4.338,0.573,10.582,0.46,0.0,0.46,0.0,5TPN,4.7411623
6,6,sample_14,6,6,6,74,0.282,8.675,0.525,18.202,0.311,0.0,0.311,0.0,5TPN,4.34457
7,7,sample_15,7,7,7,60,0.433,12.096,0.707,11.755,0.683,0.0,0.683,0.0,5TPN,4.3034573
8,8,sample_16,8,8,8,70,0.339,9.326,0.498,15.516,0.457,0.0,0.457,0.0,5TPN,3.0311322
9,9,sample_17,9,9,9,58,0.723,3.206,0.805,4.226,0.69,0.0,0.69,0.0,5TPN,1.4340568
10,10,sample_18,10,10,10,63,0.331,8.779,0.507,14.477,0.46,0.0,0.46,0.0,5TPN,4.8127637
11,11,sample_19,11,11,11,66,0.726,2.921,0.789,4.705,0.394,0.061,0.455,0.0,5TPN,1.617778
12,12,sample_2,12,12,12,62,0.425,6.021,0.645,12.973,0.468,0.0,0.468,0.0,5TPN,3.8517947
13,13,sample_20,13,13,13,61,0.524,4.518,0.541,12.471,0.328,0.082,0.41,0.0,5TPN,4.452962
14,14,sample_21,14,14,14,64,0.482,5.188,0.599,10.414,0.531,0.0,0.531,0.0,5TPN,3.2728624
15,15,sample_22,15,15,15,61,0.368,4.865,0.489,13.414,0.197,0.098,0.295,0.0,5TPN,4.213713
16,16,sample_23,16,16,16,67,0.738,2.14,0.667,8.739,0.254,0.209,0.463,0.0,5TPN,1.5750284
17,17,sample_24,17,17,17,72,0.528,6.909,0.592,12.395,0.653,0.0,0.653,0.0,5TPN,3.1692069
18,18,sample_25,18,18,18,62,0.523,5.127,0.621,13.818,0.694,0.0,0.694,0.0,5TPN,5.5804453
19,19,sample_26,19,19,19,60,0.387,6.774,0.509,13.465,0.15,0.183,0.333,0.0,5TPN,1.7089378
20,20,sample_27,20,20,20,72,0.559,3.41,0.535,13.615,0.528,0.0,0.528,0.0,5TPN,2.8938017
21,21,sample_28,21,21,21,68,0.733,2.191,0.648,8.573,0.5,0.0,0.5,0.0,5TPN,2.081298
22,22,sample_29,22,22,22,71,0.432,5.666,0.481,13.853,0.197,0.155,0.352,0.0,5TPN,3.731205
23,23,sample_3,23,23,23,74,0.855,1.491,0.821,3.978,0.284,0.243,0.527,0.0,5TPN,1.07785
24,24,sample_30,24,24,24,75,0.648,4.529,0.513,13.912,0.227,0.227,0.453,0.0,5TPN,1.2382703
25,25,sample_31,25,25,25,69,0.438,6.372,0.569,12.089,0.623,0.0,0.623,0.0,5TPN,2.889017
26,26,sample_32,26,26,26,62,0.699,2.168,0.641,8.586,0.242,0.29,0.532,0.0,5TPN,1.5826651
27,27,sample_33,27,27,27,74,0.32,8.853,0.506,12.168,0.297,0.068,0.365,0.0,5TPN,2.3566735
28,28,sample_34,28,28,28,53,0.461,3.908,0.576,11.19,0.585,0.0,0.585,0.0,5TPN,5.635256
29,29,sample_35,29,29,29,59,0.671,3.096,0.636,7.737,0.458,0.0,0.458,0.0,5TPN,1.4709641
30,30,sample_36,30,30,30,71,0.505,7.339,0.639,11.097,0.732,0.0,0.732,0.0,5TPN,3.5463498
31,31,sample_37,31,31,31,66,0.64,3.62,0.815,5.85,0.621,0.061,0.682,0.0,5TPN,1.7284628
32,32,sample_38,32,32,32,75,0.344,11.278,0.627,13.895,0.68,0.0,0.68,0.0,5TPN,4.6427326
33,33,sample_39,33,33,33,67,0.31,8.27,0.575,18.394,0.507,0.0,0.507,0.0,5TPN,3.7499537
34,34,sample_4,34,34,34,66,0.309,9.159,0.515,15.0,0.455,0.0,0.455,0.0,5TPN,4.387128
35,35,sample_40,35,35,35,53,0.409,10.856,0.634,12.618,0.642,0.0,0.642,0.0,5TPN,4.9406424
36,36,sample_41,36,36,36,72,0.447,4.244,0.561,14.229,0.625,0.0,0.625,0.0,5TPN,1.6088916
37,37,sample_42,37,37,37,68,0.466,5.918,0.704,11.336,0.75,0.0,0.75,0.0,5TPN,3.41415
38,38,sample_43,38,38,38,65,0.675,2.778,0.608,9.829,0.477,0.0,0.477,0.0,5TPN,3.0248377
39,39,sample_44,39,39,39,61,0.445,6.274,0.752,7.18,0.787,0.0,0.787,0.0,5TPN,2.338681
40,40,sample_45,40,40,40,73,0.379,8.194,0.465,14.691,0.247,0.0,0.247,0.0,5TPN,1.4963015
41,41,sample_46,41,41,41,69,0.524,5.547,0.674,11.216,0.812,0.0,0.812,0.0,5TPN,5.348859
42,42,sample_47,42,42,42,72,0.436,4.6,0.59,11.2,0.514,0.0,0.514,0.0,5TPN,2.5453184
43,43,sample_48,43,43,43,60,0.413,9.798,0.752,10.505,0.467,0.0,0.467,0.0,5TPN,4.3032446
44,44,sample_49,44,44,44,71,0.365,6.498,0.59,13.901,0.507,0.0,0.507,0.0,5TPN,2.9516418
45,45,sample_5,45,45,45,72,0.61,3.04,0.655,8.944,0.403,0.208,0.611,0.0,5TPN,2.115167
46,46,sample_50,46,46,46,67,0.691,3.639,0.756,7.733,0.642,0.075,0.716,0.0,5TPN,2.340398
47,47,sample_51,47,47,47,54,0.376,8.18,0.584,13.773,0.463,0.0,0.463,0.0,5TPN,5.5840807
48,48,sample_52,48,48,48,66,0.391,4.496,0.601,10.295,0.182,0.227,0.409,0.0,5TPN,1.7937056
49,49,sample_53,49,49,49,60,0.553,2.829,0.63,10.011,0.4,0.083,0.483,0.0,5TPN,1.3545642
50,50,sample_54,50,50,50,67,0.637,4.533,0.648,9.065,0.433,0.194,0.627,0.0,5TPN,2.6740527
51,51,sample_55,51,51,51,63,0.646,2.598,0.593,9.953,0.667,0.0,0.667,0.0,5TPN,2.508494
52,52,sample_56,52,52,52,53,0.503,3.812,0.625,9.325,0.396,0.075,0.472,0.0,5TPN,1.8332291
53,53,sample_57,53,53,53,69,0.425,6.174,0.618,15.883,0.478,0.0,0.478,0.0,5TPN,1.9800721
54,54,sample_58,54,54,54,72,0.285,10.785,0.409,16.282,0.125,0.0,0.125,0.0,5TPN,4.6495876
55,55,sample_59,55,55,55,66,0.493,3.99,0.53,12.342,0.288,0.076,0.364,0.0,5TPN,2.0311155
56,56,sample_6,97,98,98,57,0.269,12.92,0.795,9.914,0.807,0.0,0.807,0.0,5TPN,7.510735
57,57,sample_60,56,56,56,73,0.438,7.368,0.461,14.58,0.137,0.192,0.329,0.0,5TPN,4.8331766
58,58,sample_61,57,57,57,58,0.351,7.973,0.639,12.014,0.603,0.0,0.603,0.0,5TPN,3.523104
59,59,sample_62,58,58,58,62,0.602,3.242,0.615,11.439,0.371,0.0,0.371,0.0,5TPN,1.5805546
60,60,sample_63,59,59,59,73,0.473,6.98,0.567,11.829,0.507,0.0,0.507,0.0,5TPN,4.2326145
61,61,sample_64,60,60,60,61,0.4,7.189,0.703,10.944,0.525,0.0,0.525,0.0,5TPN,2.397727
62,62,sample_65,61,61,61,67,0.191,9.855,0.373,19.745,0.0,0.0,0.0,0.0,5TPN,7.0942817
63,63,sample_66,62,62,62,73,0.374,8.249,0.479,14.533,0.616,0.0,0.616,0.0,5TPN,3.2236838
64,64,sample_67,63,63,63,56,0.339,7.134,0.541,13.008,0.393,0.0,0.393,0.0,5TPN,1.9209335
65,65,sample_68,64,64,64,60,0.452,5.891,0.797,5.238,0.217,0.35,0.567,0.0,5TPN,3.0356677
66,66,sample_69,65,65,65,65,0.498,5.371,0.59,15.58,0.554,0.0,0.554,0.0,5TPN,4.0437355
67,67,sample_7,66,66,66,51,0.283,8.341,0.525,15.426,0.196,0.0,0.196,0.0,5TPN,3.6186147
68,68,sample_70,97,67,67,59,0.622,2.556,0.779,8.224,0.746,0.0,0.746,0.0,5TPN,1.1729991
69,69,sample_71,67,68,68,67,0.5,4.422,0.498,14.491,0.522,0.0,0.522,0.0,5TPN,3.4481535
70,70,sample_72,68,69,69,64,0.716,2.264,0.637,10.232,0.375,0.0,0.375,0.0,5TPN,2.1620872
71,71,sample_73,69,70,70,68,0.794,2.236,0.701,6.89,0.324,0.294,0.618,0.0,5TPN,1.2912222
72,72,sample_74,70,71,71,55,0.373,6.96,0.536,14.007,0.527,0.0,0.527,0.0,5TPN,2.076709
73,73,sample_75,71,72,72,53,0.402,4.355,0.568,12.506,0.566,0.0,0.566,0.0,5TPN,2.3450193
74,74,sample_76,72,73,73,65,0.73,2.289,0.55,11.891,0.108,0.2,0.308,0.0,5TPN,1.7013139
75,75,sample_77,73,74,74,65,0.855,1.473,0.807,3.665,0.585,0.0,0.585,0.0,5TPN,1.1842062
76,76,sample_78,74,75,75,60,0.378,7.059,0.58,11.462,0.433,0.0,0.433,0.0,5TPN,3.961191
77,77,sample_79,75,76,76,60,0.422,6.36,0.564,12.324,0.467,0.067,0.533,0.0,5TPN,5.377481
78,78,sample_8,76,77,77,72,0.364,11.156,0.504,13.648,0.236,0.139,0.375,0.0,5TPN,2.1151483
79,79,sample_80,77,78,78,67,0.517,6.897,0.595,11.862,0.612,0.0,0.612,0.0,5TPN,4.739243
80,80,sample_81,78,79,79,56,0.484,3.545,0.567,10.389,0.589,0.0,0.589,0.0,5TPN,4.71467
81,81,sample_82,79,80,80,73,0.672,2.579,0.813,3.642,0.822,0.0,0.822,0.0,5TPN,2.629865
82,82,sample_83,80,81,81,73,0.225,11.285,0.584,20.935,0.507,0.0,0.507,0.0,5TPN,7.009203
83,83,sample_84,81,82,82,64,0.364,9.869,0.39,15.17,0.0,0.141,0.141,0.0,5TPN,5.3066664
84,84,sample_85,82,83,83,73,0.467,5.637,0.418,14.569,0.137,0.274,0.411,0.0,5TPN,2.1740592
85,85,sample_86,83,84,84,71,0.451,5.201,0.64,11.545,0.479,0.127,0.606,0.0,5TPN,2.2911522
86,86,sample_87,84,85,85,53,0.56,2.928,0.833,3.051,0.604,0.0,0.604,0.0,5TPN,1.6668342
87,87,sample_88,85,86,86,62,0.247,8.934,0.491,13.615,0.29,0.0,0.29,0.0,5TPN,5.1040163
88,88,sample_89,86,87,87,73,0.52,3.983,0.699,8.157,0.164,0.178,0.342,0.0,5TPN,1.7776983
89,89,sample_9,87,88,88,65,0.502,3.808,0.522,11.906,0.231,0.215,0.446,0.0,5TPN,1.8762044
90,90,sample_90,88,89,89,73,0.873,1.368,0.887,2.538,0.603,0.055,0.658,0.0,5TPN,1.6011981
91,91,sample_91,89,90,90,65,0.581,3.459,0.646,9.388,0.4,0.0,0.4,0.0,5TPN,1.6975045
92,92,sample_92,90,91,91,55,0.445,4.297,0.729,7.252,0.691,0.0,0.691,0.0,5TPN,2.035623
93,93,sample_93,91,92,92,54,0.469,4.262,0.632,13.63,0.63,0.0,0.63,0.0,5TPN,3.0008981
94,94,sample_94,92,93,93,56,0.278,11.236,0.642,17.44,0.768,0.0,0.768,0.0,5TPN,4.219238
95,95,sample_95,97,98,98,68,0.313,7.984,0.769,12.372,0.824,0.0,0.824,0.0,5TPN,7.175206
96,96,sample_96,93,94,94,65,0.421,5.488,0.635,9.058,0.292,0.2,0.492,0.0,5TPN,1.7264462
97,97,sample_97,94,95,95,61,0.374,9.732,0.578,13.127,0.574,0.0,0.574,0.0,5TPN,2.8498557
98,98,sample_98,95,96,96,70,0.719,2.252,0.559,10.895,0.4,0.0,0.4,0.0,5TPN,1.320874
99,99,sample_99,96,97,97,64,0.353,5.87,0.483,13.065,0.234,0.078,0.312,0.0,5TPN,1.9994997
100,0,sample_17,0,0,0,62,0.535,4.565,0.876,3.923,0.742,0.0,0.742,0.0,3IXT,0.44863844
101,1,sample_96,1,1,1,64,0.76,2.819,0.666,8.805,0.422,0.078,0.5,0.0,3IXT,0.4316951
102,2,sample_18,72,78,2,60,0.839,1.432,0.818,4.115,0.65,0.0,0.65,0.0,3IXT,0.73537344
103,3,sample_1,70,2,80,59,0.451,11.086,0.707,10.219,0.576,0.0,0.576,0.0,3IXT,0.43983766
104,4,sample_26,2,3,3,72,0.785,2.856,0.637,9.2,0.306,0.069,0.375,0.0,3IXT,0.6153702
105,5,sample_32,3,4,4,62,0.762,2.972,0.779,5.784,0.339,0.145,0.484,0.0,3IXT,0.42186958
106,6,sample_59,4,5,5,67,0.435,9.824,0.699,12.853,0.433,0.0,0.433,0.0,3IXT,0.36643013
107,7,sample_7,5,6,6,68,0.678,3.191,0.733,6.36,0.25,0.059,0.309,0.0,3IXT,0.4635563
108,8,sample_11,6,7,7,63,0.631,4.402,0.623,11.019,0.286,0.206,0.492,0.0,3IXT,0.7169646
109,9,sample_100,7,8,8,65,0.432,9.991,0.599,13.905,0.262,0.0,0.262,0.0,3IXT,2.8627076
110,10,sample_91,8,9,9,74,0.605,3.391,0.776,7.421,0.703,0.0,0.703,0.0,3IXT,0.43481863
111,11,sample_75,9,10,10,60,0.461,5.727,0.591,11.026,0.333,0.083,0.417,0.0,3IXT,0.43872613
112,12,sample_97,10,11,11,55,0.559,6.098,0.707,8.972,0.745,0.0,0.745,0.0,3IXT,0.4471276
113,13,sample_51,11,12,12,51,0.885,0.906,0.811,4.904,0.647,0.0,0.647,0.0,3IXT,0.58569586
114,14,sample_77,12,13,13,59,0.434,4.786,0.559,10.976,0.542,0.0,0.542,0.0,3IXT,0.78163356
115,15,sample_71,13,14,14,71,0.734,2.111,0.798,5.663,0.775,0.0,0.775,0.0,3IXT,0.4979735
116,16,sample_60,14,15,15,73,0.896,1.092,0.877,2.699,0.575,0.0,0.575,0.0,3IXT,0.6513761
117,17,sample_63,15,16,16,58,0.637,5.53,0.659,11.861,0.603,0.0,0.603,0.0,3IXT,1.227273
118,18,sample_78,16,17,17,63,0.737,2.125,0.693,12.212,0.333,0.175,0.508,0.0,3IXT,0.4206762
119,19,sample_83,17,18,18,75,0.828,1.829,0.709,7.707,0.427,0.147,0.573,0.0,3IXT,0.47204942
120,20,sample_19,72,19,19,50,0.793,1.564,0.786,5.54,0.6,0.0,0.6,0.0,3IXT,0.48365825
121,21,sample_43,18,20,20,70,0.907,0.97,0.77,4.383,0.357,0.143,0.5,0.0,3IXT,0.483084
122,22,sample_81,19,21,21,59,0.727,3.18,0.796,5.326,0.288,0.0,0.288,0.0,3IXT,0.9240879
123,23,sample_93,20,22,22,54,0.501,5.943,0.553,12.255,0.296,0.0,0.296,0.0,3IXT,0.3675105
124,24,sample_36,21,23,23,59,0.915,0.829,0.733,10.185,0.746,0.0,0.746,0.0,3IXT,0.57895404
125,25,sample_45,22,24,24,63,0.786,1.644,0.643,8.637,0.587,0.0,0.587,0.0,3IXT,1.1027415
126,26,sample_72,23,25,25,70,0.89,1.233,0.829,3.724,0.514,0.0,0.514,0.0,3IXT,0.359885
127,27,sample_44,24,26,26,68,0.922,0.899,0.898,2.161,0.735,0.0,0.735,0.0,3IXT,0.36411917
128,28,sample_28,72,27,27,69,0.915,0.955,0.854,3.138,0.623,0.0,0.623,0.0,3IXT,0.51292145
129,29,sample_46,72,76,73,59,0.819,1.326,0.903,1.964,0.695,0.0,0.695,0.0,3IXT,0.64806265
130,30,sample_50,72,80,77,59,0.781,4.674,0.696,7.241,0.678,0.0,0.678,0.0,3IXT,0.49019626
131,31,sample_40,25,28,28,64,0.571,6.049,0.724,8.659,0.344,0.156,0.5,0.0,3IXT,0.32718197
132,32,sample_49,66,74,81,57,0.707,3.157,0.616,10.94,0.474,0.0,0.474,0.0,3IXT,0.46686575
133,33,sample_15,26,29,29,66,0.834,2.721,0.779,6.197,0.561,0.0,0.561,0.0,3IXT,0.3837166
134,34,sample_42,27,30,30,71,0.346,6.713,0.698,10.019,0.704,0.0,0.704,0.0,3IXT,2.7457001
135,35,sample_39,28,31,31,72,0.91,1.009,0.87,3.293,0.542,0.0,0.542,0.0,3IXT,0.47568125
136,36,sample_2,29,32,32,56,0.825,2.197,0.747,6.593,0.375,0.0,0.375,0.0,3IXT,0.38835642
137,37,sample_99,68,77,74,60,0.904,0.919,0.901,2.273,0.567,0.0,0.567,0.0,3IXT,0.41030076
138,38,sample_64,30,33,33,67,0.353,13.453,0.79,7.321,0.701,0.0,0.701,0.0,3IXT,0.6975154
139,39,sample_90,31,34,34,68,0.947,0.696,0.922,1.708,0.735,0.0,0.735,0.0,3IXT,0.5330924
140,40,sample_33,72,82,79,58,0.849,1.213,0.766,5.79,0.638,0.0,0.638,0.0,3IXT,0.70503366
141,41,sample_9,72,82,79,54,0.718,4.511,0.826,3.515,0.722,0.0,0.722,0.0,3IXT,0.71923333
142,42,sample_29,72,83,76,52,0.704,4.463,0.876,2.887,0.75,0.0,0.75,0.0,3IXT,0.5887122
143,43,sample_86,72,76,73,53,0.668,2.485,0.662,9.197,0.717,0.0,0.717,0.0,3IXT,0.47440937
144,44,sample_61,32,35,35,74,0.698,2.507,0.632,11.375,0.297,0.189,0.486,0.0,3IXT,0.33261746
145,45,sample_14,33,36,36,75,0.78,2.523,0.656,9.627,0.56,0.0,0.56,0.0,3IXT,0.31895432
146,46,sample_22,34,37,37,64,0.849,1.278,0.777,6.773,0.641,0.0,0.641,0.0,3IXT,0.53366417
147,47,sample_87,72,80,77,71,0.769,2.352,0.827,3.903,0.479,0.113,0.592,0.0,3IXT,0.55556417
148,48,sample_57,72,38,38,67,0.804,1.887,0.857,4.618,0.672,0.0,0.672,0.0,3IXT,0.4504785
149,49,sample_10,35,39,39,73,0.816,1.685,0.593,12.428,0.658,0.0,0.658,0.0,3IXT,0.29242754
150,50,sample_35,72,72,72,60,0.69,2.726,0.736,6.715,0.583,0.0,0.583,0.0,3IXT,0.4004684
151,51,sample_70,36,40,40,65,0.416,8.37,0.457,16.206,0.369,0.0,0.369,0.0,3IXT,1.6819417
152,52,sample_55,37,41,41,61,0.819,1.339,0.876,2.563,0.656,0.0,0.656,0.0,3IXT,0.50879353
153,53,sample_65,38,42,42,73,0.961,0.616,0.828,4.362,0.74,0.0,0.74,0.0,3IXT,0.59470266
154,54,sample_68,70,70,80,66,0.597,3.72,0.868,3.645,0.803,0.0,0.803,0.0,3IXT,0.3222233
155,55,sample_89,39,43,43,63,0.656,5.718,0.554,11.988,0.143,0.27,0.413,0.0,3IXT,2.2466989
156,56,sample_37,66,71,81,55,0.763,3.687,0.739,9.981,0.727,0.0,0.727,0.0,3IXT,0.2904941
157,57,sample_62,40,44,44,71,0.846,1.521,0.748,6.411,0.662,0.0,0.662,0.0,3IXT,0.6410313
158,58,sample_54,68,77,74,62,0.837,1.442,0.818,6.009,0.661,0.0,0.661,0.0,3IXT,0.5693177
159,59,sample_12,67,75,71,70,0.897,1.093,0.861,3.986,0.671,0.0,0.671,0.0,3IXT,0.40011618
160,60,sample_20,41,45,45,68,0.678,3.913,0.576,12.39,0.235,0.132,0.368,0.0,3IXT,0.45238212
161,61,sample_74,67,75,71,68,0.904,1.193,0.871,3.232,0.574,0.0,0.574,0.0,3IXT,0.4451066
162,62,sample_66,42,46,46,72,0.719,2.24,0.538,12.37,0.417,0.069,0.486,0.0,3IXT,1.334838
163,63,sample_98,43,47,47,70,0.605,4.886,0.654,9.037,0.414,0.0,0.414,0.0,3IXT,0.51203376
164,64,sample_4,72,73,70,72,0.941,0.785,0.865,2.691,0.806,0.0,0.806,0.0,3IXT,0.41399089
165,65,sample_23,44,48,48,65,0.751,3.41,0.695,8.729,0.554,0.0,0.554,0.0,3IXT,0.5302387
166,66,sample_53,72,72,72,62,0.92,1.057,0.84,3.698,0.694,0.0,0.694,0.0,3IXT,0.36597472
167,67,sample_79,45,49,49,63,0.413,7.827,0.55,11.231,0.302,0.143,0.444,0.0,3IXT,1.5690252
168,68,sample_76,46,50,50,60,0.845,1.352,0.683,8.542,0.367,0.067,0.433,0.0,3IXT,0.39688683
169,69,sample_3,47,51,51,55,0.338,11.563,0.706,11.32,0.545,0.0,0.545,0.0,3IXT,8.225964
170,70,sample_47,72,83,76,51,0.891,0.85,0.848,3.425,0.686,0.0,0.686,0.0,3IXT,0.40844893
171,71,sample_80,48,52,52,73,0.589,3.222,0.605,14.185,0.603,0.0,0.603,0.0,3IXT,0.60156566
172,72,sample_82,49,53,53,70,0.737,3.508,0.847,5.455,0.771,0.0,0.771,0.0,3IXT,0.33979318
173,73,sample_5,69,79,75,69,0.956,0.654,0.867,2.745,0.594,0.0,0.594,0.0,3IXT,0.39172593
174,74,sample_69,70,70,80,68,0.458,6.897,0.893,3.101,0.868,0.0,0.868,0.0,3IXT,0.49205
175,75,sample_88,50,54,54,68,0.795,1.847,0.716,7.367,0.588,0.0,0.588,0.0,3IXT,0.3826023
176,76,sample_41,66,74,81,55,0.893,1.505,0.862,2.583,0.745,0.0,0.745,0.0,3IXT,0.54472363
177,77,sample_38,51,55,55,58,0.608,2.461,0.741,5.39,0.379,0.155,0.534,0.0,3IXT,0.41518784
178,78,sample_58,71,81,78,72,0.778,1.95,0.839,4.727,0.806,0.0,0.806,0.0,3IXT,0.48087758
179,79,sample_30,52,56,56,68,0.867,1.424,0.841,3.242,0.588,0.0,0.588,0.0,3IXT,0.41090325
180,80,sample_92,53,57,57,72,0.865,1.606,0.823,5.406,0.403,0.181,0.583,0.0,3IXT,0.4983097
181,81,sample_95,54,58,58,75,0.372,11.713,0.788,11.617,0.8,0.0,0.8,0.0,3IXT,1.8777174
182,82,sample_21,55,59,59,58,0.814,1.682,0.785,5.627,0.638,0.0,0.638,0.0,3IXT,0.37327653
183,83,sample_84,69,79,75,61,0.768,2.074,0.746,5.788,0.705,0.0,0.705,0.0,3IXT,0.45184967
184,84,sample_94,56,60,60,61,0.296,9.385,0.642,12.148,0.426,0.0,0.426,0.0,3IXT,0.5810237
185,85,sample_13,72,73,70,62,0.792,1.965,0.739,6.52,0.629,0.0,0.629,0.0,3IXT,0.39652163
186,86,sample_48,57,61,61,67,0.851,1.265,0.859,3.435,0.672,0.0,0.672,0.0,3IXT,0.75767684
187,87,sample_85,58,62,62,62,0.248,10.175,0.565,13.938,0.5,0.0,0.5,0.0,3IXT,3.447714
188,88,sample_31,72,78,72,60,0.889,1.062,0.803,3.942,0.683,0.0,0.683,0.0,3IXT,0.5234533
189,89,sample_34,71,81,78,70,0.542,3.349,0.767,10.85,0.729,0.0,0.729,0.0,3IXT,2.3217983
190,90,sample_8,66,71,81,52,0.8,4.161,0.825,5.432,0.731,0.0,0.731,0.0,3IXT,0.35571736
191,91,sample_67,59,63,63,71,0.872,1.198,0.893,3.128,0.817,0.0,0.817,0.0,3IXT,0.5582632
192,92,sample_52,72,78,72,59,0.924,1.007,0.904,2.498,0.678,0.0,0.678,0.0,3IXT,0.36583936
193,93,sample_27,60,64,64,72,0.911,0.965,0.84,3.351,0.681,0.0,0.681,0.0,3IXT,0.33215612
194,94,sample_6,61,65,65,66,0.579,2.931,0.532,12.58,0.242,0.0,0.242,0.0,3IXT,0.41345242
195,95,sample_56,62,66,66,71,0.915,1.164,0.839,3.628,0.648,0.0,0.648,0.0,3IXT,0.50545454
196,96,sample_25,63,67,67,62,0.809,1.628,0.874,3.271,0.661,0.0,0.661,0.0,3IXT,0.42170924
197,97,sample_73,64,68,68,69,0.516,4.9,0.739,8.068,0.58,0.0,0.58,0.0,3IXT,0.505576
198,98,sample_16,72,83,76,53,0.845,1.24,0.886,2.658,0.755,0.0,0.755,0.0,3IXT,0.4236091
199,99,sample_24,65,69,69,73,0.688,2.872,0.62,9.09,0.575,0.0,0.575,0.0,3IXT,0.45939028
200,0,sample_10,0,0,0,78,0.664,4.911,0.59,10.067,0.064,0.346,0.41,0.0,1YCR,0.7200235
201,1,sample_100,1,1,1,68,0.453,7.014,0.553,15.325,0.279,0.118,0.397,0.0,1YCR,3.5027657
202,2,sample_86,2,2,2,46,0.223,7.61,0.47,11.855,0.109,0.0,0.109,0.0,1YCR,1.4510434
203,3,sample_18,3,3,3,78,0.392,8.999,0.521,12.811,0.577,0.0,0.577,0.0,1YCR,1.1551756
204,4,sample_2,4,4,4,53,0.591,5.35,0.624,10.115,0.472,0.0,0.472,0.0,1YCR,1.4570559
205,5,sample_75,5,5,5,65,0.572,4.531,0.57,13.5,0.446,0.0,0.446,0.0,1YCR,0.42912552
206,6,sample_96,6,6,6,71,0.562,4.034,0.556,11.424,0.085,0.113,0.197,0.0,1YCR,1.2912285
207,7,sample_62,87,90,90,52,0.559,3.294,0.786,4.331,0.692,0.0,0.692,0.0,1YCR,1.3333083
208,8,sample_44,7,7,7,86,0.364,10.184,0.455,16.77,0.314,0.0,0.314,0.0,1YCR,1.2624772
209,9,sample_25,8,8,8,41,0.562,2.745,0.836,3.982,0.829,0.0,0.829,0.0,1YCR,1.3248456
210,10,sample_21,9,9,9,54,0.679,2.138,0.622,8.236,0.111,0.315,0.426,0.0,1YCR,1.3032805
211,11,sample_82,10,10,10,60,0.279,10.345,0.502,16.778,0.167,0.067,0.233,0.0,1YCR,3.1125987
212,12,sample_17,11,11,11,61,0.783,1.649,0.829,4.13,0.443,0.082,0.525,0.0,1YCR,1.2138603
213,13,sample_12,12,12,12,56,0.334,9.908,0.575,14.277,0.339,0.0,0.339,0.0,1YCR,1.2119256
214,14,sample_15,13,13,13,68,0.419,4.96,0.582,12.768,0.559,0.0,0.559,0.0,1YCR,0.887291
215,15,sample_72,14,14,14,69,0.255,9.73,0.422,14.704,0.0,0.203,0.203,0.0,1YCR,2.7740958
216,16,sample_8,15,15,15,69,0.541,4.824,0.548,12.746,0.507,0.0,0.507,0.0,1YCR,0.6925646
217,17,sample_1,16,16,16,67,0.606,3.179,0.667,8.495,0.537,0.0,0.537,0.0,1YCR,0.75999075
218,18,sample_39,89,88,88,59,0.856,1.181,0.898,2.603,0.847,0.0,0.847,0.0,1YCR,1.296418
219,19,sample_76,17,17,17,62,0.735,2.154,0.714,6.846,0.645,0.0,0.645,0.0,1YCR,1.2914765
220,20,sample_29,18,18,18,59,0.63,2.375,0.728,6.29,0.661,0.0,0.661,0.0,1YCR,1.2919314
221,21,sample_19,19,19,19,87,0.62,3.924,0.439,16.85,0.0,0.322,0.322,0.0,1YCR,1.3488989
222,22,sample_54,87,90,90,49,0.663,4.298,0.687,7.889,0.714,0.0,0.714,0.0,1YCR,1.3098286
223,23,sample_79,20,20,20,45,0.772,1.316,0.955,3.111,0.844,0.0,0.844,0.0,1YCR,1.3606174
224,24,sample_61,21,21,21,51,0.541,4.217,0.72,7.803,0.51,0.0,0.51,0.0,1YCR,1.2751884
225,25,sample_34,22,22,22,71,0.872,2.43,0.752,7.944,0.69,0.0,0.69,0.0,1YCR,0.6648668
226,26,sample_50,23,23,23,54,0.407,6.397,0.667,11.386,0.685,0.0,0.685,0.0,1YCR,0.77723384
227,27,sample_13,24,24,24,68,0.842,2.114,0.77,5.079,0.632,0.0,0.632,0.0,1YCR,1.0098162
228,28,sample_42,25,25,25,68,0.49,5.91,0.563,12.113,0.559,0.0,0.559,0.0,1YCR,2.6089125
229,29,sample_26,89,88,88,51,0.786,1.616,0.884,2.684,0.784,0.0,0.784,0.0,1YCR,0.45053133
230,30,sample_6,26,26,26,66,0.761,2.299,0.738,6.138,0.742,0.0,0.742,0.0,1YCR,1.2386158
231,31,sample_93,89,88,88,51,0.9,0.886,0.867,2.646,0.824,0.0,0.824,0.0,1YCR,1.2829853
232,32,sample_32,27,27,27,53,0.843,1.417,0.893,3.021,0.679,0.0,0.679,0.0,1YCR,1.2970339
233,33,sample_49,28,28,28,59,0.809,1.994,0.623,11.54,0.0,0.22,0.22,0.0,1YCR,2.402017
234,34,sample_69,29,29,29,49,0.601,2.192,0.657,8.698,0.653,0.0,0.653,0.0,1YCR,2.3755438
235,35,sample_51,89,87,87,44,0.608,2.127,0.885,2.667,0.818,0.0,0.818,0.0,1YCR,1.2086473
236,36,sample_3,30,30,30,74,0.549,5.488,0.545,14.203,0.419,0.054,0.473,0.0,1YCR,1.291018
237,37,sample_45,31,31,31,75,0.456,4.973,0.533,13.339,0.4,0.093,0.493,0.0,1YCR,1.3756454
238,38,sample_77,32,32,32,83,0.7,6.266,0.56,13.894,0.253,0.193,0.446,0.0,1YCR,1.0589896
239,39,sample_55,33,33,33,49,0.672,5.263,0.818,4.634,0.755,0.0,0.755,0.0,1YCR,1.3376623
240,40,sample_35,34,34,34,60,0.567,3.81,0.62,9.928,0.217,0.317,0.533,0.0,1YCR,1.2796975
241,41,sample_38,35,35,35,62,0.663,2.474,0.623,10.127,0.435,0.0,0.435,0.0,1YCR,1.3401403
242,42,sample_64,36,36,36,40,0.683,2.099,0.784,6.488,0.55,0.0,0.55,0.0,1YCR,1.3707395
243,43,sample_27,37,37,37,61,0.425,5.763,0.63,12.337,0.574,0.0,0.574,0.0,1YCR,1.3976855
244,44,sample_46,38,38,38,66,0.929,0.834,0.848,2.987,0.621,0.0,0.621,0.0,1YCR,0.7940923
245,45,sample_90,39,39,39,53,0.715,3.707,0.82,3.788,0.698,0.0,0.698,0.0,1YCR,1.4193891
246,46,sample_71,89,87,87,52,0.875,1.02,0.838,3.895,0.827,0.0,0.827,0.0,1YCR,1.3270048
247,47,sample_11,40,40,40,72,0.851,1.425,0.767,5.164,0.681,0.0,0.681,0.0,1YCR,1.3312371
248,48,sample_57,41,41,41,68,0.712,4.04,0.842,7.313,0.809,0.0,0.809,0.0,1YCR,1.3063537
249,49,sample_85,42,42,42,68,0.543,4.207,0.471,12.918,0.0,0.162,0.162,0.0,1YCR,2.4786365
250,50,sample_97,43,43,43,61,0.859,1.169,0.857,2.878,0.623,0.0,0.623,0.0,1YCR,1.673626
251,51,sample_20,90,44,44,61,0.752,1.684,0.748,5.946,0.77,0.0,0.77,0.0,1YCR,0.63097
252,52,sample_84,44,45,45,55,0.239,9.753,0.553,15.822,0.527,0.0,0.527,0.0,1YCR,1.53484
253,53,sample_88,45,46,46,73,0.588,3.626,0.605,10.195,0.616,0.0,0.616,0.0,1YCR,1.5741875
254,54,sample_91,46,47,47,54,0.75,1.612,0.767,4.84,0.611,0.0,0.611,0.0,1YCR,1.2173612
255,55,sample_37,47,48,48,80,0.632,4.728,0.584,13.18,0.463,0.0,0.463,0.0,1YCR,1.4685056
256,56,sample_87,48,49,49,62,0.567,2.737,0.603,10.949,0.5,0.0,0.5,0.0,1YCR,0.8026759
257,57,sample_66,88,92,92,60,0.853,1.158,0.927,1.714,0.75,0.0,0.75,0.0,1YCR,0.8384703
258,58,sample_95,49,50,50,43,0.526,7.689,0.713,6.679,0.419,0.233,0.651,0.0,1YCR,1.0955974
259,59,sample_14,50,51,51,81,0.47,7.202,0.724,10.409,0.852,0.0,0.852,0.0,1YCR,0.91531223
260,60,sample_28,51,52,52,45,0.538,4.974,0.85,5.09,0.644,0.0,0.644,0.0,1YCR,1.392855
261,61,sample_58,52,53,53,72,0.448,4.831,0.535,15.424,0.417,0.0,0.417,0.0,1YCR,1.4039212
262,62,sample_7,53,54,54,57,0.899,0.973,0.815,3.472,0.719,0.0,0.719,0.0,1YCR,0.71153396
263,63,sample_4,54,55,55,80,0.827,1.815,0.773,4.7,0.675,0.0,0.675,0.0,1YCR,0.45127317
264,64,sample_41,88,92,92,64,0.835,2.107,0.807,4.923,0.719,0.0,0.719,0.0,1YCR,2.1849499
265,65,sample_31,55,56,56,63,0.682,2.893,0.533,11.131,0.095,0.206,0.302,0.0,1YCR,0.9156119
266,66,sample_5,56,57,57,57,0.846,1.173,0.662,7.303,0.509,0.0,0.509,0.0,1YCR,0.93187535
267,67,sample_33,57,58,58,69,0.726,1.96,0.636,9.133,0.638,0.0,0.638,0.0,1YCR,1.3328413
268,68,sample_48,58,59,59,42,0.206,8.362,0.629,13.164,0.119,0.0,0.119,0.0,1YCR,0.70350707
269,69,sample_9,59,60,60,46,0.697,1.987,0.737,6.135,0.217,0.109,0.326,0.0,1YCR,1.2592354
270,70,sample_99,60,61,61,52,0.393,7.087,0.547,12.747,0.288,0.0,0.288,0.0,1YCR,1.3330321
271,71,sample_23,61,62,62,74,0.653,3.942,0.548,11.109,0.135,0.135,0.27,0.0,1YCR,1.6465877
272,72,sample_47,86,89,89,76,0.77,2.138,0.732,7.083,0.737,0.0,0.737,0.0,1YCR,1.4239053
273,73,sample_80,62,63,63,63,0.675,3.606,0.666,9.681,0.619,0.0,0.619,0.0,1YCR,1.3204819
274,74,sample_73,63,64,64,48,0.653,1.889,0.867,2.543,0.729,0.0,0.729,0.0,1YCR,1.3138669
275,75,sample_24,64,65,65,55,0.634,3.831,0.824,4.427,0.545,0.0,0.545,0.0,1YCR,1.2918141
276,76,sample_81,65,66,66,84,0.611,4.323,0.553,11.24,0.417,0.071,0.488,0.0,1YCR,1.3405985
277,77,sample_60,66,67,67,65,0.631,3.618,0.658,9.292,0.338,0.169,0.508,0.0,1YCR,1.9889096
278,78,sample_68,67,68,68,77,0.305,10.974,0.428,15.446,0.26,0.0,0.26,0.0,1YCR,1.5895479
279,79,sample_98,68,69,69,48,0.586,5.084,0.6,9.053,0.375,0.0,0.375,0.0,1YCR,0.9253535
280,80,sample_65,69,70,70,43,0.655,2.208,0.688,8.212,0.116,0.0,0.116,0.0,1YCR,0.5207197
281,81,sample_83,70,71,71,65,0.52,3.671,0.472,12.36,0.0,0.185,0.185,0.0,1YCR,3.1435091
282,82,sample_40,71,72,72,54,0.329,9.965,0.767,11.545,0.593,0.0,0.593,0.0,1YCR,1.3654846
283,83,sample_52,72,73,73,47,0.462,4.001,0.665,10.032,0.596,0.0,0.596,0.0,1YCR,0.41963428
284,84,sample_67,73,74,74,48,0.305,5.941,0.544,12.211,0.0,0.167,0.167,0.0,1YCR,3.8528774
285,85,sample_89,74,75,75,66,0.778,1.657,0.702,6.278,0.53,0.0,0.53,0.0,1YCR,1.3338617
286,86,sample_53,90,91,91,47,0.69,2.867,0.817,3.477,0.723,0.0,0.723,0.0,1YCR,1.3550814
287,87,sample_59,75,76,76,56,0.314,9.176,0.667,15.309,0.518,0.0,0.518,0.0,1YCR,1.3676192
288,88,sample_70,76,77,77,49,0.747,1.83,0.6,7.989,0.0,0.163,0.163,0.0,1YCR,1.9581097
289,89,sample_74,77,78,78,47,0.468,6.292,0.746,8.378,0.638,0.0,0.638,0.0,1YCR,0.47859678
290,90,sample_22,86,89,89,74,0.95,0.714,0.862,2.911,0.784,0.0,0.784,0.0,1YCR,0.759296
291,91,sample_56,78,79,79,53,0.89,0.89,0.805,5.416,0.642,0.0,0.642,0.0,1YCR,0.7444803
292,92,sample_43,79,80,80,76,0.817,2.39,0.724,7.007,0.303,0.303,0.605,0.0,1YCR,0.6049111
293,93,sample_63,80,81,81,52,0.476,5.324,0.571,11.071,0.0,0.173,0.173,0.0,1YCR,3.9601698
294,94,sample_94,90,91,91,55,0.81,1.748,0.83,3.897,0.673,0.0,0.673,0.0,1YCR,0.85280806
295,95,sample_92,81,82,82,63,0.867,1.156,0.677,6.472,0.651,0.0,0.651,0.0,1YCR,1.1573186
296,96,sample_30,82,83,83,46,0.805,1.563,0.683,6.77,0.0,0.196,0.196,0.0,1YCR,0.4676987
297,97,sample_36,83,84,84,50,0.447,4.504,0.77,5.415,0.76,0.0,0.76,0.0,1YCR,1.3271878
298,98,sample_78,84,85,85,54,0.834,1.138,0.77,4.128,0.741,0.0,0.741,0.0,1YCR,0.9152323
299,99,sample_16,85,86,86,64,0.74,2.441,0.607,9.743,0.438,0.0,0.438,0.0,1YCR,1.3430747
300,0,sample_13,0,0,0,60,0.473,6.212,0.635,10.464,0.617,0.0,0.617,0.0,7MRX_60,4.073684
301,1,sample_90,1,1,1,60,0.443,5.043,0.479,12.631,0.3,0.133,0.433,0.0,7MRX_60,2.646395
302,2,sample_93,98,98,98,60,0.516,5.854,0.754,6.414,0.617,0.0,0.617,0.0,7MRX_60,2.4819028
303,3,sample_82,2,2,2,60,0.604,3.736,0.715,6.495,0.483,0.0,0.483,0.0,7MRX_60,1.4952826
304,4,sample_4,3,3,3,60,0.241,12.009,0.485,17.995,0.233,0.0,0.233,0.0,7MRX_60,4.0549717
305,5,sample_78,4,4,4,60,0.577,2.819,0.555,11.447,0.133,0.25,0.383,0.0,7MRX_60,1.9060605
306,6,sample_72,5,5,5,60,0.474,5.913,0.838,6.307,0.65,0.0,0.65,0.0,7MRX_60,1.4596097
307,7,sample_48,6,6,6,60,0.246,6.985,0.509,12.423,0.4,0.0,0.4,0.0,7MRX_60,2.1437154
308,8,sample_28,7,7,7,60,0.358,6.989,0.55,14.335,0.35,0.083,0.433,0.0,7MRX_60,4.054281
309,9,sample_81,8,8,8,60,0.661,2.886,0.647,8.89,0.167,0.25,0.417,0.0,7MRX_60,2.9544597
310,10,sample_18,9,9,9,60,0.468,8.937,0.549,12.878,0.233,0.183,0.417,0.0,7MRX_60,2.554763
311,11,sample_56,10,10,10,60,0.537,3.237,0.554,10.613,0.2,0.233,0.433,0.0,7MRX_60,2.9540288
312,12,sample_52,11,11,11,60,0.572,3.852,0.517,11.663,0.217,0.0,0.217,0.0,7MRX_60,0.9335541
313,13,sample_40,12,12,12,60,0.62,5.135,0.64,8.563,0.417,0.0,0.417,0.0,7MRX_60,3.4473288
314,14,sample_83,13,13,13,60,0.686,3.412,0.653,9.245,0.483,0.0,0.483,0.0,7MRX_60,1.3209513
315,15,sample_55,14,14,14,60,0.717,2.737,0.633,9.684,0.483,0.0,0.483,0.0,7MRX_60,2.716075
316,16,sample_23,15,15,15,60,0.362,7.983,0.569,16.192,0.55,0.0,0.55,0.0,7MRX_60,4.833335
317,17,sample_91,16,16,16,60,0.542,3.961,0.578,10.62,0.567,0.0,0.567,0.0,7MRX_60,2.1345773
318,18,sample_59,17,17,17,60,0.636,2.846,0.599,10.073,0.417,0.0,0.417,0.0,7MRX_60,1.4756252
319,19,sample_76,18,18,18,60,0.474,6.241,0.712,11.354,0.583,0.0,0.583,0.0,7MRX_60,2.64095
320,20,sample_9,19,19,19,60,0.774,2.596,0.575,11.084,0.433,0.0,0.433,0.0,7MRX_60,1.2047654
321,21,sample_96,20,20,20,60,0.593,3.608,0.553,11.991,0.3,0.167,0.467,0.0,7MRX_60,1.6361678
322,22,sample_38,21,21,21,60,0.743,2.382,0.734,6.11,0.483,0.0,0.483,0.0,7MRX_60,2.3390448
323,23,sample_53,22,22,22,60,0.367,6.788,0.528,12.218,0.533,0.0,0.533,0.0,7MRX_60,2.7763977
324,24,sample_95,23,23,23,60,0.452,4.884,0.499,12.785,0.3,0.0,0.3,0.0,7MRX_60,2.3633647
325,25,sample_64,24,24,24,60,0.458,9.374,0.507,13.966,0.25,0.0,0.25,0.0,7MRX_60,1.1906505
326,26,sample_10,25,25,25,60,0.565,4.208,0.598,12.782,0.467,0.0,0.467,0.0,7MRX_60,2.4463382
327,27,sample_3,26,26,26,60,0.884,1.055,0.701,6.834,0.667,0.0,0.667,0.0,7MRX_60,0.98221844
328,28,sample_73,27,27,27,60,0.533,3.372,0.615,8.948,0.5,0.0,0.5,0.0,7MRX_60,2.9990335
329,29,sample_22,28,28,28,60,0.736,1.968,0.723,5.803,0.65,0.0,0.65,0.0,7MRX_60,2.569454
330,30,sample_24,29,29,29,60,0.472,7.047,0.671,12.187,0.483,0.0,0.483,0.0,7MRX_60,2.2075374
331,31,sample_58,30,30,30,60,0.471,4.65,0.634,10.573,0.6,0.0,0.6,0.0,7MRX_60,2.7452652
332,32,sample_98,31,31,31,60,0.449,5.172,0.736,6.959,0.733,0.0,0.733,0.0,7MRX_60,3.5909338
333,33,sample_29,32,32,32,60,0.613,2.933,0.605,10.725,0.383,0.0,0.383,0.0,7MRX_60,2.157375
334,34,sample_60,33,33,33,60,0.577,4.198,0.532,11.385,0.133,0.2,0.333,0.0,7MRX_60,3.342314
335,35,sample_26,34,34,34,60,0.389,9.601,0.542,14.896,0.383,0.0,0.383,0.0,7MRX_60,3.2678487
336,36,sample_50,35,35,35,60,0.521,7.666,0.564,12.421,0.417,0.0,0.417,0.0,7MRX_60,3.3640723
337,37,sample_74,36,36,36,60,0.506,3.873,0.601,13.416,0.4,0.0,0.4,0.0,7MRX_60,3.62666
338,38,sample_30,37,37,37,60,0.516,5.292,0.697,13.673,0.583,0.0,0.583,0.0,7MRX_60,3.5423377
339,39,sample_44,38,38,38,60,0.39,4.625,0.582,11.558,0.567,0.0,0.567,0.0,7MRX_60,3.213626
340,40,sample_16,39,39,39,60,0.544,4.024,0.755,8.067,0.683,0.0,0.683,0.0,7MRX_60,3.0256472
341,41,sample_51,40,40,40,60,0.44,4.004,0.498,11.884,0.217,0.0,0.217,0.0,7MRX_60,2.1167612
342,42,sample_47,41,41,41,60,0.338,7.03,0.652,16.902,0.6,0.0,0.6,0.0,7MRX_60,6.863101
343,43,sample_99,42,42,42,60,0.36,5.662,0.619,8.668,0.25,0.15,0.4,0.0,7MRX_60,2.6693897
344,44,sample_97,43,43,43,60,0.329,10.002,0.602,15.235,0.383,0.0,0.383,0.0,7MRX_60,3.7038894
345,45,sample_12,44,44,44,60,0.353,7.234,0.458,12.916,0.133,0.083,0.217,0.0,7MRX_60,3.0047524
346,46,sample_57,45,45,45,60,0.472,3.814,0.566,10.183,0.467,0.0,0.467,0.0,7MRX_60,3.1767662
347,47,sample_85,46,46,46,60,0.69,2.338,0.664,8.986,0.7,0.0,0.7,0.0,7MRX_60,2.79415
348,48,sample_7,47,47,47,60,0.291,9.635,0.518,11.721,0.267,0.0,0.267,0.0,7MRX_60,3.4046535
349,49,sample_62,48,48,48,60,0.618,3.723,0.623,10.398,0.45,0.0,0.45,0.0,7MRX_60,3.300635
350,50,sample_15,49,49,49,60,0.469,3.962,0.476,11.689,0.133,0.0,0.133,0.0,7MRX_60,2.2665935
351,51,sample_100,50,50,50,60,0.688,2.826,0.644,9.024,0.333,0.0,0.333,0.0,7MRX_60,1.8609505
352,52,sample_68,51,51,51,60,0.489,4.211,0.495,12.005,0.35,0.067,0.417,0.0,7MRX_60,4.443667
353,53,sample_92,52,52,52,60,0.569,3.222,0.588,11.443,0.333,0.0,0.333,0.0,7MRX_60,1.171186
354,54,sample_61,53,53,53,60,0.781,1.981,0.654,8.941,0.5,0.0,0.5,0.0,7MRX_60,2.087126
355,55,sample_39,54,54,54,60,0.365,9.742,0.515,15.895,0.367,0.0,0.367,0.0,7MRX_60,3.4121974
356,56,sample_49,55,55,55,60,0.661,6.258,0.506,11.585,0.217,0.0,0.217,0.0,7MRX_60,0.7141882
357,57,sample_70,56,56,56,60,0.593,3.535,0.652,10.694,0.45,0.0,0.45,0.0,7MRX_60,2.122673
358,58,sample_32,57,57,57,60,0.437,4.392,0.632,9.182,0.5,0.0,0.5,0.0,7MRX_60,1.9934101
359,59,sample_77,58,58,58,60,0.455,7.636,0.62,12.334,0.583,0.0,0.583,0.0,7MRX_60,3.434912
360,60,sample_17,59,59,59,60,0.441,8.364,0.538,11.038,0.317,0.183,0.5,0.0,7MRX_60,3.4897432
361,61,sample_80,60,60,60,60,0.481,4.423,0.665,11.453,0.617,0.0,0.617,0.0,7MRX_60,2.7763214
362,62,sample_21,61,61,61,60,0.361,7.645,0.524,13.011,0.3,0.0,0.3,0.0,7MRX_60,2.5376525
363,63,sample_75,62,62,62,60,0.566,2.823,0.612,9.569,0.55,0.0,0.55,0.0,7MRX_60,1.5297278
364,64,sample_84,63,63,63,60,0.306,11.265,0.598,12.293,0.467,0.0,0.467,0.0,7MRX_60,2.070904
365,65,sample_6,64,64,64,60,0.431,7.187,0.574,12.718,0.4,0.0,0.4,0.0,7MRX_60,3.6299946
366,66,sample_69,65,65,65,60,0.524,4.843,0.719,11.114,0.667,0.0,0.667,0.0,7MRX_60,3.0120757
367,67,sample_43,66,66,66,60,0.365,8.308,0.573,12.901,0.167,0.133,0.3,0.0,7MRX_60,3.3880947
368,68,sample_88,98,98,98,60,0.44,9.636,0.842,5.726,0.767,0.0,0.767,0.0,7MRX_60,3.0915055
369,69,sample_71,67,67,67,60,0.619,3.307,0.566,10.432,0.35,0.0,0.35,0.0,7MRX_60,2.9710035
370,70,sample_41,68,68,68,60,0.473,7.158,0.56,12.797,0.65,0.0,0.65,0.0,7MRX_60,1.8008982
371,71,sample_67,69,69,69,60,0.748,2.041,0.739,5.309,0.467,0.0,0.467,0.0,7MRX_60,1.7180219
372,72,sample_27,70,70,70,60,0.642,2.198,0.693,6.352,0.65,0.0,0.65,0.0,7MRX_60,1.2157925
373,73,sample_11,71,71,71,60,0.364,4.729,0.654,11.358,0.617,0.0,0.617,0.0,7MRX_60,2.3038442
374,74,sample_31,72,72,72,60,0.346,7.849,0.51,12.786,0.383,0.0,0.383,0.0,7MRX_60,2.6102548
375,75,sample_86,73,73,73,60,0.472,5.699,0.662,9.597,0.667,0.0,0.667,0.0,7MRX_60,2.5847802
376,76,sample_19,74,74,74,60,0.694,2.52,0.66,7.727,0.533,0.0,0.533,0.0,7MRX_60,2.2829614
377,77,sample_33,75,75,75,60,0.744,2.11,0.592,9.851,0.183,0.233,0.417,0.0,7MRX_60,1.7478831
378,78,sample_35,76,76,76,60,0.553,3.818,0.525,11.434,0.433,0.0,0.433,0.0,7MRX_60,3.049327
379,79,sample_89,77,77,77,60,0.54,6.712,0.619,9.59,0.35,0.0,0.35,0.0,7MRX_60,1.0865723
380,80,sample_66,78,78,78,60,0.299,9.639,0.452,14.116,0.117,0.083,0.2,0.0,7MRX_60,2.9901574
381,81,sample_25,79,79,79,60,0.495,3.789,0.538,11.288,0.65,0.0,0.65,0.0,7MRX_60,3.424928
382,82,sample_34,80,80,80,60,0.518,3.701,0.563,10.673,0.15,0.15,0.3,0.0,7MRX_60,2.4822543
383,83,sample_36,81,81,81,60,0.685,2.162,0.569,11.118,0.583,0.0,0.583,0.0,7MRX_60,1.6378353
384,84,sample_20,82,82,82,60,0.383,8.759,0.558,13.384,0.467,0.0,0.467,0.0,7MRX_60,2.7268229
385,85,sample_65,83,83,83,60,0.43,5.574,0.516,12.345,0.133,0.267,0.4,0.0,7MRX_60,2.7359223
386,86,sample_45,84,84,84,60,0.43,7.141,0.629,12.433,0.65,0.0,0.65,0.0,7MRX_60,3.0773067
387,87,sample_46,85,85,85,60,0.648,2.415,0.565,10.234,0.55,0.0,0.55,0.0,7MRX_60,2.820737
388,88,sample_14,86,86,86,60,0.528,3.549,0.47,13.355,0.133,0.067,0.2,0.0,7MRX_60,3.6373022
389,89,sample_8,87,87,87,60,0.697,2.474,0.793,4.71,0.667,0.0,0.667,0.0,7MRX_60,2.0227656
390,90,sample_63,88,88,88,60,0.723,2.307,0.572,10.908,0.483,0.0,0.483,0.0,7MRX_60,2.0614731
391,91,sample_42,89,89,89,60,0.629,3.76,0.571,11.222,0.567,0.0,0.567,0.0,7MRX_60,2.4057145
392,92,sample_87,90,90,90,60,0.282,9.21,0.521,11.265,0.333,0.0,0.333,0.0,7MRX_60,3.429328
393,93,sample_2,91,91,91,60,0.749,1.948,0.728,6.216,0.533,0.0,0.533,0.0,7MRX_60,1.7862473
394,94,sample_79,92,92,92,60,0.272,8.571,0.42,14.897,0.083,0.0,0.083,0.0,7MRX_60,5.08906
395,95,sample_94,93,93,93,60,0.574,2.866,0.639,11.397,0.483,0.0,0.483,0.0,7MRX_60,2.1495984
396,96,sample_1,94,94,94,60,0.549,8.429,0.721,9.622,0.617,0.0,0.617,0.0,7MRX_60,3.514268
397,97,sample_5,95,95,95,60,0.784,1.507,0.728,5.851,0.55,0.0,0.55,0.0,7MRX_60,1.0242183
398,98,sample_54,96,96,96,60,0.321,8.925,0.555,10.87,0.6,0.0,0.6,0.0,7MRX_60,2.6662235
399,99,sample_37,97,97,97,60,0.683,2.477,0.747,5.98,0.5,0.0,0.5,0.0,7MRX_60,1.5281503
400,0,sample_85,0,0,0,85,0.309,7.553,0.394,15.545,0.0,0.153,0.153,0.0,7MRX_85,5.3937955
401,1,sample_75,1,1,1,85,0.621,4.333,0.543,11.867,0.506,0.0,0.506,0.0,7MRX_85,3.4813013
402,2,sample_65,2,2,2,85,0.307,11.956,0.701,14.299,0.624,0.0,0.624,0.0,7MRX_85,2.3453274
403,3,sample_11,3,3,3,85,0.882,1.298,0.798,4.557,0.659,0.0,0.659,0.0,7MRX_85,1.1420789
404,4,sample_43,4,4,4,85,0.791,3.657,0.762,5.783,0.6,0.0,0.6,0.0,7MRX_85,1.4333409
405,5,sample_31,5,5,5,85,0.383,7.91,0.46,15.117,0.341,0.059,0.4,0.0,7MRX_85,2.5943465
406,6,sample_77,6,6,6,85,0.391,7.609,0.391,15.371,0.082,0.118,0.2,0.0,7MRX_85,3.691488
407,7,sample_59,7,7,7,85,0.793,2.693,0.55,11.267,0.235,0.212,0.447,0.0,7MRX_85,2.3932357
408,8,sample_55,8,8,8,85,0.812,1.901,0.753,5.278,0.129,0.212,0.341,0.059,7MRX_85,4.028402
409,9,sample_2,9,9,9,85,0.377,8.767,0.448,15.029,0.271,0.0,0.271,0.0,7MRX_85,3.2292504
410,10,sample_7,10,10,10,85,0.342,8.226,0.39,15.168,0.082,0.129,0.212,0.0,7MRX_85,7.278884
411,11,sample_92,11,11,11,85,0.373,6.44,0.425,17.202,0.153,0.0,0.153,0.0,7MRX_85,3.8514225
412,12,sample_54,12,12,12,85,0.279,9.664,0.465,15.412,0.306,0.0,0.306,0.0,7MRX_85,5.9365816
413,13,sample_84,13,13,13,85,0.341,10.525,0.444,15.857,0.329,0.082,0.412,0.0,7MRX_85,4.0517344
414,14,sample_73,14,14,14,85,0.856,1.58,0.591,9.803,0.165,0.329,0.494,0.0,7MRX_85,2.2763717
415,15,sample_52,15,15,15,85,0.212,12.859,0.53,12.699,0.141,0.176,0.318,0.0,7MRX_85,4.281355
416,16,sample_94,16,16,16,85,0.52,5.486,0.514,12.68,0.388,0.129,0.518,0.0,7MRX_85,2.126518
417,17,sample_23,17,17,17,85,0.851,1.592,0.731,6.076,0.412,0.141,0.553,0.0,7MRX_85,1.4028916
418,18,sample_99,18,18,18,85,0.321,9.742,0.486,15.59,0.341,0.165,0.506,0.0,7MRX_85,3.609082
419,19,sample_30,19,19,19,85,0.339,9.81,0.488,18.132,0.529,0.047,0.576,0.0,7MRX_85,3.2903469
420,20,sample_15,20,20,20,85,0.817,1.841,0.707,7.744,0.612,0.0,0.612,0.0,7MRX_85,0.5548141
421,21,sample_24,21,21,21,85,0.61,3.815,0.592,12.448,0.565,0.0,0.565,0.0,7MRX_85,2.4794142
422,22,sample_58,22,22,22,85,0.655,5.221,0.662,8.984,0.506,0.0,0.506,0.0,7MRX_85,1.4709197
423,23,sample_50,23,23,23,85,0.372,7.957,0.401,18.189,0.294,0.0,0.294,0.0,7MRX_85,3.6448922
424,24,sample_74,24,24,24,85,0.759,2.278,0.665,9.258,0.094,0.459,0.553,0.0,7MRX_85,1.6595395
425,25,sample_96,25,25,25,85,0.662,2.73,0.638,9.096,0.412,0.235,0.647,0.0,7MRX_85,2.8212202
426,26,sample_32,26,26,26,85,0.834,1.903,0.702,8.181,0.165,0.306,0.471,0.0,7MRX_85,1.7363156
427,27,sample_89,27,27,27,85,0.242,11.633,0.458,18.249,0.329,0.0,0.329,0.0,7MRX_85,2.7569377
428,28,sample_17,28,28,28,85,0.386,8.257,0.536,15.567,0.624,0.0,0.624,0.0,7MRX_85,2.9257543
429,29,sample_64,29,29,29,85,0.659,4.42,0.623,12.027,0.553,0.0,0.553,0.0,7MRX_85,1.181271
430,30,sample_28,30,30,30,85,0.304,6.701,0.355,16.238,0.141,0.153,0.294,0.0,7MRX_85,5.8270826
431,31,sample_10,31,31,31,85,0.555,8.896,0.488,12.077,0.118,0.212,0.329,0.0,7MRX_85,3.0589316
432,32,sample_49,32,32,32,85,0.664,4.856,0.534,12.075,0.541,0.047,0.588,0.0,7MRX_85,1.0913044
433,33,sample_88,33,33,33,85,0.725,2.728,0.738,6.322,0.647,0.0,0.647,0.0,7MRX_85,2.0704274
434,34,sample_21,34,34,34,85,0.317,9.129,0.401,17.167,0.235,0.0,0.235,0.0,7MRX_85,4.50246
435,35,sample_37,35,35,35,85,0.538,6.066,0.465,14.043,0.271,0.047,0.318,0.0,7MRX_85,3.6558192
436,36,sample_33,36,36,36,85,0.523,4.284,0.53,11.823,0.353,0.0,0.353,0.0,7MRX_85,2.144388
437,37,sample_66,37,37,37,85,0.739,2.93,0.6,10.677,0.671,0.0,0.671,0.0,7MRX_85,3.1700842
438,38,sample_56,38,38,38,85,0.537,6.368,0.609,10.512,0.376,0.141,0.518,0.0,7MRX_85,1.9610795
439,39,sample_98,39,39,39,85,0.903,1.228,0.817,4.237,0.094,0.318,0.412,0.0,7MRX_85,0.5728461
440,40,sample_72,40,40,40,85,0.556,6.792,0.487,13.06,0.247,0.176,0.424,0.0,7MRX_85,3.221176
441,41,sample_4,41,41,41,85,0.769,3.539,0.593,11.198,0.494,0.0,0.494,0.0,7MRX_85,2.1151807
442,42,sample_70,42,42,42,85,0.757,2.281,0.585,10.802,0.4,0.0,0.4,0.0,7MRX_85,1.1645031
443,43,sample_100,43,43,43,85,0.384,11.06,0.606,17.041,0.6,0.0,0.6,0.0,7MRX_85,3.6611626
444,44,sample_78,44,44,44,85,0.273,12.378,0.406,21.823,0.224,0.0,0.224,0.0,7MRX_85,6.8629155
445,45,sample_42,45,45,45,85,0.702,2.726,0.65,9.044,0.706,0.0,0.706,0.0,7MRX_85,3.5415618
446,46,sample_26,46,46,46,85,0.451,8.449,0.488,14.138,0.247,0.059,0.306,0.0,7MRX_85,2.859019
447,47,sample_51,47,47,47,85,0.757,2.483,0.528,12.763,0.4,0.047,0.447,0.0,7MRX_85,3.3738275
448,48,sample_19,48,48,48,85,0.314,10.431,0.413,16.433,0.329,0.047,0.376,0.0,7MRX_85,3.8731806
449,49,sample_25,49,49,49,85,0.569,4.601,0.612,10.037,0.635,0.0,0.635,0.0,7MRX_85,2.4577236
450,50,sample_18,50,50,50,85,0.365,9.363,0.518,12.672,0.0,0.2,0.2,0.0,7MRX_85,6.0933757
451,51,sample_3,51,51,51,85,0.3,10.079,0.436,15.407,0.188,0.059,0.247,0.0,7MRX_85,5.065403
452,52,sample_97,52,52,52,85,0.626,3.443,0.55,11.899,0.353,0.188,0.541,0.0,7MRX_85,4.280497
453,53,sample_13,53,53,53,85,0.572,4.66,0.568,12.603,0.235,0.176,0.412,0.0,7MRX_85,2.1050818
454,54,sample_34,54,54,54,85,0.293,10.574,0.392,16.839,0.188,0.0,0.188,0.0,7MRX_85,3.3307278
455,55,sample_36,55,55,55,85,0.32,9.604,0.456,13.839,0.212,0.059,0.271,0.0,7MRX_85,3.7446337
456,56,sample_16,56,56,56,85,0.402,7.395,0.509,13.823,0.518,0.0,0.518,0.0,7MRX_85,5.679169
457,57,sample_1,57,57,57,85,0.335,11.11,0.489,14.013,0.647,0.0,0.647,0.0,7MRX_85,3.5267737
458,58,sample_40,58,58,58,85,0.805,2.015,0.753,6.623,0.294,0.129,0.424,0.0,7MRX_85,1.2956101
459,59,sample_46,59,59,59,85,0.278,14.17,0.503,18.607,0.176,0.0,0.176,0.0,7MRX_85,3.1241941
460,60,sample_48,60,60,60,85,0.26,9.368,0.417,17.877,0.412,0.0,0.412,0.0,7MRX_85,4.676749
461,61,sample_80,61,61,61,85,0.803,1.98,0.835,3.948,0.647,0.0,0.647,0.0,7MRX_85,1.5515026
462,62,sample_14,62,62,62,85,0.29,9.351,0.46,16.75,0.318,0.0,0.318,0.0,7MRX_85,5.0308228
463,63,sample_83,63,63,63,85,0.462,7.739,0.392,17.012,0.224,0.0,0.224,0.0,7MRX_85,4.4122562
464,64,sample_20,64,64,64,85,0.855,1.8,0.779,5.331,0.247,0.271,0.518,0.0,7MRX_85,0.8206923
465,65,sample_91,65,65,65,85,0.807,1.994,0.779,4.705,0.271,0.259,0.529,0.0,7MRX_85,0.9463349
466,66,sample_68,66,66,66,85,0.226,10.57,0.393,16.238,0.153,0.294,0.447,0.0,7MRX_85,5.611598
467,67,sample_60,67,67,67,85,0.367,7.191,0.584,16.68,0.565,0.0,0.565,0.0,7MRX_85,3.9571838
468,68,sample_63,68,68,68,85,0.759,2.845,0.652,9.006,0.529,0.0,0.529,0.0,7MRX_85,0.88045293
469,69,sample_69,69,69,69,85,0.605,4.028,0.552,13.496,0.6,0.0,0.6,0.0,7MRX_85,2.2631907
470,70,sample_47,70,70,70,85,0.434,6.65,0.492,13.038,0.447,0.0,0.447,0.0,7MRX_85,5.913874
471,71,sample_44,71,71,71,85,0.673,2.897,0.556,16.595,0.635,0.0,0.635,0.0,7MRX_85,1.7253827
472,72,sample_81,72,72,72,85,0.527,5.675,0.575,11.171,0.435,0.059,0.494,0.0,7MRX_85,6.4228168
473,73,sample_45,73,73,73,85,0.487,5.757,0.504,13.988,0.294,0.141,0.435,0.0,7MRX_85,2.0591052
474,74,sample_61,74,74,74,85,0.391,7.013,0.68,15.857,0.718,0.0,0.718,0.0,7MRX_85,2.5717046
475,75,sample_82,75,75,75,85,0.366,9.884,0.425,15.111,0.353,0.047,0.4,0.0,7MRX_85,3.4299831
476,76,sample_93,76,76,76,85,0.595,5.844,0.571,11.557,0.494,0.047,0.541,0.0,7MRX_85,6.26601
477,77,sample_62,77,77,77,85,0.651,4.468,0.561,11.586,0.506,0.0,0.506,0.0,7MRX_85,1.9245753
478,78,sample_87,78,78,78,85,0.872,1.799,0.783,5.92,0.2,0.247,0.447,0.0,7MRX_85,1.9110799
479,79,sample_90,79,79,79,85,0.558,3.424,0.574,11.688,0.647,0.0,0.647,0.0,7MRX_85,3.1853378
480,80,sample_6,80,80,80,85,0.338,11.494,0.533,14.598,0.6,0.0,0.6,0.0,7MRX_85,5.6561203
481,81,sample_38,81,81,81,85,0.407,6.249,0.529,14.657,0.341,0.0,0.341,0.0,7MRX_85,3.8773987
482,82,sample_57,82,82,82,85,0.613,7.101,0.617,13.167,0.482,0.0,0.482,0.0,7MRX_85,2.2897236
483,83,sample_41,83,83,83,85,0.772,2.412,0.75,6.404,0.094,0.353,0.447,0.0,7MRX_85,1.279101
484,84,sample_53,84,84,84,85,0.429,6.966,0.403,16.264,0.094,0.188,0.282,0.0,7MRX_85,1.44613
485,85,sample_67,85,85,85,85,0.369,7.362,0.533,17.626,0.624,0.0,0.624,0.0,7MRX_85,3.0104322
486,86,sample_12,86,86,86,85,0.755,3.16,0.692,8.468,0.294,0.165,0.459,0.0,7MRX_85,3.6685379
487,87,sample_95,87,87,87,85,0.423,7.304,0.457,14.805,0.294,0.188,0.482,0.0,7MRX_85,7.2310214
488,88,sample_39,88,88,88,85,0.317,11.57,0.464,16.031,0.153,0.106,0.259,0.0,7MRX_85,2.2623756
489,89,sample_86,89,89,89,85,0.803,2.942,0.748,5.576,0.624,0.0,0.624,0.0,7MRX_85,1.3902199
490,90,sample_27,90,90,90,85,0.249,12.284,0.432,14.658,0.329,0.047,0.376,0.0,7MRX_85,3.5483198
491,91,sample_8,91,91,91,85,0.254,11.472,0.432,15.843,0.6,0.0,0.6,0.0,7MRX_85,6.991492
492,92,sample_71,92,92,92,85,0.83,1.841,0.598,9.364,0.365,0.294,0.659,0.0,7MRX_85,1.2903534
493,93,sample_29,93,93,93,85,0.471,6.334,0.562,11.898,0.694,0.0,0.694,0.0,7MRX_85,7.0005774
494,94,sample_79,94,94,94,85,0.388,7.102,0.439,15.688,0.271,0.047,0.318,0.0,7MRX_85,3.710949
495,95,sample_22,95,95,95,85,0.415,7.268,0.416,15.487,0.176,0.047,0.224,0.0,7MRX_85,3.9325051
496,96,sample_9,96,96,96,85,0.29,10.827,0.414,16.484,0.176,0.0,0.176,0.0,7MRX_85,4.589205
497,97,sample_35,97,97,97,85,0.238,10.749,0.461,14.649,0.212,0.165,0.376,0.0,7MRX_85,3.7952204
498,98,sample_5,98,98,98,85,0.72,2.411,0.61,10.905,0.588,0.0,0.588,0.0,7MRX_85,2.3352675
499,99,sample_76,99,99,99,85,0.372,7.025,0.432,15.38,0.294,0.153,0.447,0.0,7MRX_85,4.421615
500,0,sample_1,0,0,0,37,0.458,2.482,0.595,9.242,0.0,0.243,0.243,0.0,4ZYP,1.947921
501,1,sample_10,97,97,97,43,0.288,5.437,0.693,7.84,0.674,0.0,0.674,0.0,4ZYP,4.0049324
502,2,sample_100,1,1,1,48,0.58,2.616,0.606,8.759,0.271,0.083,0.354,0.0,4ZYP,1.9813792
503,3,sample_11,2,2,2,39,0.533,3.331,0.635,8.463,0.41,0.0,0.41,0.0,4ZYP,1.825801
504,4,sample_12,3,3,3,41,0.689,1.63,0.599,9.509,0.341,0.0,0.341,0.0,4ZYP,1.5168859
505,5,sample_13,4,4,4,42,0.463,3.594,0.75,6.121,0.429,0.095,0.524,0.0,4ZYP,2.2211971
506,6,sample_14,5,5,5,41,0.357,3.829,0.657,9.418,0.439,0.0,0.439,0.0,4ZYP,2.6302166
507,7,sample_15,6,6,6,47,0.525,3.016,0.578,10.761,0.0,0.255,0.255,0.0,4ZYP,1.9264836
508,8,sample_16,7,7,7,44,0.319,8.388,0.497,13.482,0.0,0.0,0.0,0.0,4ZYP,2.2105086
509,9,sample_17,8,8,8,50,0.535,3.279,0.635,8.203,0.28,0.08,0.36,0.0,4ZYP,1.8258797
510,10,sample_18,9,9,9,45,0.314,9.364,0.444,13.282,0.111,0.0,0.111,0.0,4ZYP,2.345921
511,11,sample_19,10,10,10,42,0.734,1.602,0.707,6.01,0.0,0.548,0.548,0.0,4ZYP,1.7498995
512,12,sample_2,11,11,11,45,0.603,2.261,0.576,9.331,0.111,0.111,0.222,0.0,4ZYP,2.2628586
513,13,sample_20,12,12,12,43,0.579,2.417,0.615,9.6,0.256,0.0,0.256,0.0,4ZYP,2.371284
514,14,sample_21,13,13,13,46,0.491,4.533,0.6,10.932,0.457,0.087,0.543,0.0,4ZYP,2.1367393
515,15,sample_22,14,14,14,46,0.491,3.371,0.703,9.346,0.5,0.0,0.5,0.0,4ZYP,2.0975409
516,16,sample_23,15,15,15,46,0.581,2.973,0.641,9.875,0.283,0.087,0.37,0.0,4ZYP,1.7117245
517,17,sample_24,16,16,16,38,0.284,7.332,0.592,16.384,0.237,0.0,0.237,0.0,4ZYP,8.764431
518,18,sample_25,17,17,17,40,0.415,3.388,0.645,8.889,0.5,0.0,0.5,0.0,4ZYP,1.4841487
519,19,sample_26,18,18,18,47,0.27,8.306,0.496,12.406,0.106,0.0,0.106,0.0,4ZYP,1.8553834
520,20,sample_27,19,19,19,46,0.534,2.637,0.61,9.386,0.348,0.0,0.348,0.0,4ZYP,1.8916023
521,21,sample_28,20,20,20,40,0.375,4.32,0.549,11.81,0.225,0.0,0.225,0.0,4ZYP,2.2098775
522,22,sample_29,21,21,21,40,0.288,6.875,0.671,12.26,0.225,0.0,0.225,0.0,4ZYP,1.5734247
523,23,sample_3,22,22,22,48,0.641,2.924,0.636,9.883,0.229,0.0,0.229,0.0,4ZYP,1.8464563
524,24,sample_30,23,23,23,40,0.351,5.135,0.662,6.634,0.375,0.0,0.375,0.0,4ZYP,2.1804066
525,25,sample_31,24,24,24,37,0.235,7.649,0.629,11.958,0.135,0.0,0.135,0.0,4ZYP,2.1207232
526,26,sample_32,25,25,25,43,0.306,4.933,0.571,12.288,0.209,0.0,0.209,0.0,4ZYP,2.0313501
527,27,sample_33,26,26,26,42,0.548,2.157,0.59,10.481,0.476,0.0,0.476,0.0,4ZYP,2.5447748
528,28,sample_34,27,27,27,44,0.295,8.433,0.488,14.373,0.0,0.0,0.0,0.0,4ZYP,2.2033126
529,29,sample_35,28,28,28,44,0.312,10.089,0.626,12.265,0.205,0.0,0.205,0.0,4ZYP,1.8535275
530,30,sample_36,29,29,29,43,0.388,6.002,0.695,8.697,0.419,0.0,0.419,0.0,4ZYP,2.0340955
531,31,sample_37,30,30,30,39,0.514,3.375,0.587,9.912,0.0,0.128,0.128,0.0,4ZYP,2.0311196
532,32,sample_38,31,31,31,49,0.683,2.785,0.57,9.829,0.224,0.265,0.49,0.0,4ZYP,4.2413
533,33,sample_39,32,32,32,50,0.224,9.221,0.465,17.346,0.0,0.0,0.0,0.0,4ZYP,1.9368173
534,34,sample_4,33,33,33,44,0.372,4.815,0.8,7.488,0.5,0.091,0.591,0.0,4ZYP,2.029909
535,35,sample_40,34,34,34,45,0.65,2.133,0.716,6.121,0.4,0.2,0.6,0.0,4ZYP,1.6987191
536,36,sample_41,35,35,35,50,0.603,2.604,0.552,10.052,0.0,0.2,0.2,0.0,4ZYP,1.6713597
537,37,sample_42,36,36,36,40,0.508,2.949,0.757,8.164,0.0,0.2,0.2,0.0,4ZYP,1.8985437
538,38,sample_43,96,96,96,35,0.262,5.415,0.729,6.029,0.457,0.0,0.457,0.0,4ZYP,4.5552254
539,39,sample_44,37,37,37,48,0.303,7.511,0.622,13.86,0.438,0.0,0.438,0.0,4ZYP,3.185209
540,40,sample_45,38,38,38,46,0.477,2.95,0.712,7.223,0.609,0.0,0.609,0.0,4ZYP,2.5243495
541,41,sample_46,39,39,39,47,0.485,2.937,0.663,7.479,0.234,0.0,0.234,0.0,4ZYP,1.9203739
542,42,sample_47,40,40,40,44,0.286,7.326,0.608,12.897,0.705,0.0,0.705,0.0,4ZYP,4.8136487
543,43,sample_48,41,41,41,41,0.518,5.453,0.9,3.454,0.902,0.0,0.902,0.0,4ZYP,7.653973
544,44,sample_49,42,42,42,41,0.372,6.247,0.627,12.496,0.0,0.0,0.0,0.0,4ZYP,0.84508175
545,45,sample_5,43,43,43,42,0.468,3.568,0.602,10.939,0.452,0.0,0.452,0.0,4ZYP,1.8034558
546,46,sample_50,44,44,44,43,0.559,3.063,0.621,9.694,0.558,0.0,0.558,0.0,4ZYP,4.293766
547,47,sample_51,45,45,45,46,0.696,2.89,0.667,8.541,0.478,0.0,0.478,0.0,4ZYP,3.0891886
548,48,sample_52,46,46,46,46,0.443,3.375,0.614,10.255,0.543,0.0,0.543,0.0,4ZYP,2.7889779
549,49,sample_53,47,47,47,46,0.312,5.44,0.563,12.097,0.283,0.087,0.37,0.0,4ZYP,1.7558094
550,50,sample_54,48,48,48,37,0.329,5.057,0.569,11.936,0.351,0.0,0.351,0.0,4ZYP,2.5712936
551,51,sample_55,49,49,49,44,0.402,4.492,0.551,11.019,0.614,0.0,0.614,0.0,4ZYP,4.5485463
552,52,sample_56,50,50,50,40,0.455,6.933,0.66,9.011,0.375,0.0,0.375,0.0,4ZYP,1.9722288
553,53,sample_57,51,51,51,44,0.299,7.284,0.621,14.703,0.227,0.0,0.227,0.0,4ZYP,2.4566557
554,54,sample_58,52,52,52,38,0.552,2.317,0.594,9.609,0.289,0.0,0.289,0.0,4ZYP,2.0080757
555,55,sample_59,53,53,53,48,0.454,4.221,0.499,12.277,0.104,0.0,0.104,0.0,4ZYP,1.7292107
556,56,sample_6,54,54,54,36,0.661,1.35,0.788,4.69,0.0,0.25,0.25,0.0,4ZYP,0.9566289
557,57,sample_60,55,55,55,48,0.418,9.851,0.629,10.753,0.479,0.0,0.479,0.0,4ZYP,1.947324
558,58,sample_61,56,56,56,44,0.307,10.638,0.644,12.024,0.205,0.114,0.318,0.0,4ZYP,2.332475
559,59,sample_62,57,57,57,44,0.438,3.751,0.605,9.577,0.523,0.0,0.523,0.0,4ZYP,4.707674
560,60,sample_63,58,58,58,38,0.379,3.686,0.649,8.637,0.447,0.0,0.447,0.0,4ZYP,1.8498793
561,61,sample_64,59,59,59,38,0.278,5.117,0.519,11.097,0.132,0.237,0.368,0.0,4ZYP,3.9881322
562,62,sample_65,60,60,60,41,0.311,6.355,0.646,10.215,0.537,0.0,0.537,0.0,4ZYP,5.8414717
563,63,sample_66,61,61,61,44,0.381,6.054,0.554,12.109,0.295,0.0,0.295,0.0,4ZYP,2.074011
564,64,sample_67,62,62,62,47,0.374,7.169,0.586,11.81,0.426,0.0,0.426,0.0,4ZYP,2.4309738
565,65,sample_68,63,63,63,50,0.365,4.605,0.533,11.385,0.26,0.08,0.34,0.0,4ZYP,5.789315
566,66,sample_69,64,64,64,38,0.443,4.41,0.587,11.869,0.447,0.0,0.447,0.0,4ZYP,3.3993623
567,67,sample_7,65,65,65,46,0.607,2.825,0.701,7.006,0.0,0.326,0.326,0.0,4ZYP,0.874941
568,68,sample_70,66,66,66,40,0.322,4.952,0.557,12.213,0.225,0.0,0.225,0.0,4ZYP,1.6986793
569,69,sample_71,67,67,67,38,0.521,2.154,0.785,4.976,0.395,0.105,0.5,0.0,4ZYP,2.2940488
570,70,sample_72,68,68,68,45,0.591,2.831,0.589,11.032,0.4,0.0,0.4,0.0,4ZYP,2.044176
571,71,sample_73,69,69,69,42,0.301,8.355,0.664,9.64,0.238,0.095,0.333,0.0,4ZYP,1.9930425
572,72,sample_74,70,70,70,40,0.351,4.487,0.542,11.539,0.25,0.0,0.25,0.0,4ZYP,2.3926778
573,73,sample_75,97,97,97,43,0.411,3.888,0.655,8.635,0.628,0.0,0.628,0.0,4ZYP,3.1975775
574,74,sample_76,71,71,71,39,0.24,7.056,0.449,13.273,0.0,0.128,0.128,0.0,4ZYP,2.60084
575,75,sample_77,72,72,72,49,0.333,7.424,0.68,8.067,0.408,0.0,0.408,0.0,4ZYP,1.9240167
576,76,sample_78,73,73,73,45,0.421,4.422,0.634,10.534,0.711,0.0,0.711,0.0,4ZYP,4.6365423
577,77,sample_79,74,74,74,39,0.306,6.296,0.535,13.009,0.462,0.0,0.462,0.0,4ZYP,3.0385756
578,78,sample_8,75,75,75,40,0.271,6.752,0.664,10.409,0.425,0.0,0.425,0.0,4ZYP,2.022697
579,79,sample_80,76,76,76,44,0.424,6.981,0.65,10.069,0.295,0.0,0.295,0.0,4ZYP,1.9573746
580,80,sample_81,77,77,77,49,0.358,6.325,0.45,13.503,0.204,0.0,0.204,0.0,4ZYP,2.7267907
581,81,sample_82,78,78,78,44,0.386,4.952,0.474,11.773,0.0,0.0,0.0,0.0,4ZYP,3.7128546
582,82,sample_83,79,79,79,42,0.325,6.252,0.642,11.181,0.238,0.095,0.333,0.0,4ZYP,5.6116233
583,83,sample_84,80,80,80,37,0.35,4.307,0.501,12.036,0.162,0.0,0.162,0.0,4ZYP,0.9838276
584,84,sample_85,81,81,81,48,0.337,9.393,0.641,10.208,0.458,0.0,0.458,0.0,4ZYP,2.0270782
585,85,sample_86,82,82,82,43,0.415,3.773,0.599,8.867,0.116,0.0,0.116,0.0,4ZYP,5.7535653
586,86,sample_87,96,96,96,40,0.346,5.788,0.764,4.933,0.75,0.0,0.75,0.0,4ZYP,4.695601
587,87,sample_88,83,83,83,40,0.553,3.381,0.576,11.965,0.4,0.0,0.4,0.0,4ZYP,1.7237334
588,88,sample_89,84,84,84,46,0.464,4.469,0.608,10.217,0.609,0.0,0.609,0.0,4ZYP,4.3844657
589,89,sample_9,85,85,85,40,0.313,5.594,0.602,10.731,0.325,0.0,0.325,0.0,4ZYP,2.636684
590,90,sample_90,86,86,86,43,0.491,3.261,0.648,11.269,0.233,0.093,0.326,0.0,4ZYP,1.1834329
591,91,sample_91,87,87,87,44,0.697,1.59,0.75,5.437,0.0,0.205,0.205,0.0,4ZYP,0.49214968
592,92,sample_92,88,88,88,41,0.43,3.528,0.627,9.002,0.61,0.0,0.61,0.0,4ZYP,3.3478017
593,93,sample_93,89,89,89,42,0.358,3.973,0.521,11.133,0.119,0.143,0.262,0.0,4ZYP,2.1500645
594,94,sample_94,90,90,90,45,0.314,7.25,0.629,11.477,0.444,0.0,0.444,0.0,4ZYP,1.9281878
595,95,sample_95,91,91,91,48,0.42,3.413,0.466,11.511,0.0,0.104,0.104,0.0,4ZYP,3.1526551
596,96,sample_96,92,92,92,40,0.478,3.01,0.729,5.035,0.3,0.1,0.4,0.0,4ZYP,1.8216242
597,97,sample_97,93,93,93,48,0.399,10.291,0.61,9.71,0.438,0.0,0.438,0.0,4ZYP,2.6063437
598,98,sample_98,94,94,94,41,0.559,2.411,0.743,5.544,0.146,0.122,0.268,0.0,4ZYP,1.9036657
599,99,sample_99,95,95,95,46,0.532,2.732,0.487,11.56,0.0,0.196,0.196,0.0,4ZYP,1.8190907
600,0,sample_23,0,0,0,56,0.589,3.648,0.761,7.038,0.768,0.0,0.768,0.0,5TRV_short,1.7775646
601,1,sample_65,1,1,1,56,0.393,8.887,0.635,12.581,0.625,0.0,0.625,0.0,5TRV_short,3.5578783
602,2,sample_75,2,2,2,56,0.801,2.308,0.774,6.923,0.214,0.071,0.286,0.0,5TRV_short,2.0807068
603,3,sample_30,3,3,3,56,0.654,2.491,0.776,4.744,0.714,0.0,0.714,0.0,5TRV_short,3.1807334
604,4,sample_38,85,91,90,56,0.839,1.229,0.691,7.705,0.679,0.0,0.679,0.0,5TRV_short,0.99770457
605,5,sample_97,4,4,4,56,0.464,6.884,0.684,8.937,0.25,0.25,0.5,0.0,5TRV_short,3.4933178
606,6,sample_93,86,5,5,56,0.686,4.517,0.693,8.489,0.571,0.0,0.571,0.0,5TRV_short,3.3617952
607,7,sample_95,5,6,6,56,0.246,10.747,0.511,16.623,0.232,0.0,0.232,0.0,5TRV_short,3.7579577
608,8,sample_79,6,7,7,56,0.366,6.758,0.749,8.56,0.732,0.0,0.732,0.0,5TRV_short,2.323932
609,9,sample_89,7,8,8,56,0.481,4.116,0.633,11.233,0.625,0.0,0.625,0.0,5TRV_short,1.7428163
610,10,sample_9,8,9,9,56,0.414,5.312,0.597,11.212,0.375,0.179,0.554,0.0,5TRV_short,4.047085
611,11,sample_72,9,10,10,56,0.452,3.535,0.589,11.549,0.464,0.0,0.464,0.0,5TRV_short,2.0990613
612,12,sample_86,84,90,89,56,0.475,4.136,0.748,7.971,0.75,0.0,0.75,0.0,5TRV_short,2.788687
613,13,sample_2,10,11,11,56,0.611,3.177,0.717,6.723,0.714,0.0,0.714,0.0,5TRV_short,2.804741
614,14,sample_31,11,12,12,56,0.589,2.889,0.878,2.576,0.714,0.0,0.714,0.0,5TRV_short,2.6973503
615,15,sample_51,12,13,13,56,0.513,4.558,0.626,9.058,0.357,0.0,0.357,0.0,5TRV_short,2.0869517
616,16,sample_22,85,91,90,56,0.711,1.984,0.665,9.79,0.571,0.0,0.571,0.0,5TRV_short,1.6586881
617,17,sample_42,13,14,14,56,0.337,8.601,0.529,11.865,0.643,0.0,0.643,0.0,5TRV_short,3.7212558
618,18,sample_71,85,91,90,56,0.879,0.98,0.77,5.289,0.679,0.0,0.679,0.0,5TRV_short,1.0617831
619,19,sample_3,14,15,15,56,0.469,6.314,0.79,7.129,0.732,0.0,0.732,0.0,5TRV_short,3.3396218
620,20,sample_32,87,92,91,56,0.662,2.667,0.755,5.958,0.679,0.0,0.679,0.0,5TRV_short,2.153044
621,21,sample_69,88,88,86,56,0.401,8.034,0.792,5.742,0.768,0.0,0.768,0.0,5TRV_short,3.2229326
622,22,sample_11,15,16,16,56,0.427,6.893,0.521,11.603,0.571,0.0,0.571,0.0,5TRV_short,3.375705
623,23,sample_91,16,17,17,56,0.323,9.54,0.541,14.337,0.214,0.214,0.429,0.0,5TRV_short,4.312286
624,24,sample_10,17,18,18,56,0.554,3.161,0.565,14.702,0.446,0.0,0.446,0.0,5TRV_short,2.5584629
625,25,sample_100,18,19,19,56,0.684,2.844,0.724,7.565,0.554,0.0,0.554,0.0,5TRV_short,1.4539917
626,26,sample_55,19,20,20,56,0.717,2.692,0.726,9.131,0.714,0.0,0.714,0.0,5TRV_short,2.3333411
627,27,sample_77,20,21,21,56,0.614,3.186,0.744,7.849,0.536,0.0,0.536,0.0,5TRV_short,1.4661335
628,28,sample_4,21,22,22,56,0.499,5.425,0.584,11.224,0.482,0.0,0.482,0.0,5TRV_short,2.5078208
629,29,sample_34,22,23,23,56,0.376,6.457,0.504,12.651,0.25,0.375,0.625,0.0,5TRV_short,4.867947
630,30,sample_74,23,24,24,56,0.445,4.269,0.696,8.279,0.768,0.0,0.768,0.0,5TRV_short,2.7918775
631,31,sample_1,84,90,89,56,0.659,2.678,0.791,6.296,0.661,0.0,0.661,0.0,5TRV_short,2.3100836
632,32,sample_5,83,89,87,56,0.487,6.173,0.845,3.566,0.839,0.0,0.839,0.0,5TRV_short,5.0450993
633,33,sample_47,24,25,25,56,0.573,3.778,0.585,9.409,0.179,0.071,0.25,0.0,5TRV_short,2.3798463
634,34,sample_83,86,87,88,56,0.586,3.194,0.683,9.395,0.589,0.0,0.589,0.0,5TRV_short,2.9209795
635,35,sample_66,25,26,26,56,0.402,4.841,0.567,13.758,0.321,0.0,0.321,0.0,5TRV_short,2.6557827
636,36,sample_45,26,27,27,56,0.343,8.688,0.707,8.809,0.661,0.0,0.661,0.0,5TRV_short,4.5462127
637,37,sample_7,27,28,28,56,0.607,3.662,0.698,8.351,0.714,0.0,0.714,0.0,5TRV_short,2.6197436
638,38,sample_98,28,29,29,56,0.507,3.643,0.667,9.909,0.625,0.0,0.625,0.0,5TRV_short,2.8390882
639,39,sample_16,29,30,30,56,0.483,7.136,0.604,11.386,0.482,0.0,0.482,0.0,5TRV_short,3.044724
640,40,sample_44,30,31,31,56,0.832,1.622,0.824,3.638,0.643,0.0,0.643,0.0,5TRV_short,1.4838616
641,41,sample_81,31,32,32,56,0.668,3.182,0.656,9.567,0.607,0.0,0.607,0.0,5TRV_short,1.5287248
642,42,sample_99,32,33,33,56,0.556,3.194,0.629,8.363,0.554,0.0,0.554,0.0,5TRV_short,1.9878148
643,43,sample_50,33,34,34,56,0.386,6.109,0.673,10.612,0.75,0.0,0.75,0.0,5TRV_short,3.4096239
644,44,sample_33,34,35,35,56,0.642,3.863,0.786,7.428,0.643,0.0,0.643,0.0,5TRV_short,2.5446303
645,45,sample_49,86,87,88,56,0.793,2.461,0.828,3.878,0.643,0.0,0.643,0.0,5TRV_short,2.8549314
646,46,sample_94,35,36,36,56,0.63,4.135,0.707,7.776,0.643,0.0,0.643,0.0,5TRV_short,1.1786077
647,47,sample_46,36,37,37,56,0.333,7.425,0.518,12.227,0.464,0.0,0.464,0.0,5TRV_short,2.5197184
648,48,sample_88,86,38,88,56,0.798,2.912,0.815,4.745,0.607,0.0,0.607,0.0,5TRV_short,3.698548
649,49,sample_48,37,39,38,56,0.374,6.968,0.667,14.211,0.804,0.0,0.804,0.0,5TRV_short,4.8744845
650,50,sample_78,38,40,39,56,0.485,5.647,0.692,10.312,0.482,0.0,0.482,0.0,5TRV_short,2.616864
651,51,sample_25,39,41,40,56,0.476,4.081,0.643,10.263,0.536,0.143,0.679,0.0,5TRV_short,2.3541436
652,52,sample_35,40,42,41,56,0.315,9.731,0.489,14.612,0.214,0.089,0.304,0.0,5TRV_short,2.5329268
653,53,sample_37,41,43,42,56,0.695,4.34,0.728,8.019,0.482,0.0,0.482,0.0,5TRV_short,1.9597714
654,54,sample_60,42,44,43,56,0.519,3.023,0.57,11.729,0.661,0.0,0.661,0.0,5TRV_short,3.2582793
655,55,sample_61,43,45,44,56,0.628,3.136,0.648,10.133,0.518,0.0,0.518,0.0,5TRV_short,2.4537773
656,56,sample_17,44,46,45,56,0.613,2.822,0.665,9.75,0.357,0.107,0.464,0.0,5TRV_short,1.2026314
657,57,sample_19,83,89,87,56,0.743,4.963,0.883,3.218,0.857,0.0,0.857,0.0,5TRV_short,5.0103016
658,58,sample_53,45,47,46,56,0.496,4.211,0.731,7.099,0.643,0.0,0.643,0.0,5TRV_short,3.2035968
659,59,sample_85,46,48,47,56,0.875,1.001,0.898,2.541,0.732,0.071,0.804,0.0,5TRV_short,0.6038906
660,60,sample_13,47,49,48,56,0.372,8.387,0.564,12.606,0.571,0.0,0.571,0.0,5TRV_short,4.1971784
661,61,sample_59,48,50,49,56,0.87,1.143,0.823,4.613,0.643,0.0,0.643,0.0,5TRV_short,1.1965953
662,62,sample_6,49,51,50,56,0.405,8.496,0.563,13.78,0.161,0.143,0.304,0.0,5TRV_short,3.6353495
663,63,sample_26,50,52,51,56,0.606,8.095,0.798,8.136,0.589,0.0,0.589,0.0,5TRV_short,3.606326
664,64,sample_36,51,53,52,56,0.521,3.459,0.903,2.033,0.679,0.0,0.679,0.0,5TRV_short,3.5153286
665,65,sample_41,52,54,53,56,0.656,2.648,0.643,9.044,0.5,0.0,0.5,0.0,5TRV_short,1.3037575
666,66,sample_63,53,55,54,56,0.698,3.657,0.798,6.799,0.804,0.0,0.804,0.0,5TRV_short,3.0437016
667,67,sample_68,54,56,55,56,0.494,6.184,0.558,10.778,0.196,0.0,0.196,0.0,5TRV_short,3.6268685
668,68,sample_27,55,57,56,56,0.824,1.466,0.846,3.971,0.232,0.25,0.482,0.0,5TRV_short,1.2158978
669,69,sample_20,56,58,57,56,0.423,5.322,0.642,10.088,0.589,0.0,0.589,0.0,5TRV_short,3.220143
670,70,sample_15,57,59,58,56,0.505,3.402,0.774,5.072,0.679,0.0,0.679,0.0,5TRV_short,1.7709405
671,71,sample_52,58,60,59,56,0.474,7.25,0.75,5.807,0.786,0.0,0.786,0.0,5TRV_short,5.4326262
672,72,sample_8,88,61,60,56,0.384,7.595,0.573,12.684,0.643,0.0,0.643,0.0,5TRV_short,3.276873
673,73,sample_14,59,62,61,56,0.279,13.935,0.548,16.109,0.214,0.0,0.214,0.0,5TRV_short,4.0340385
674,74,sample_82,60,63,62,56,0.502,3.666,0.77,6.859,0.714,0.0,0.714,0.0,5TRV_short,3.3365254
675,75,sample_87,61,64,63,56,0.295,6.685,0.606,10.919,0.714,0.0,0.714,0.0,5TRV_short,1.5709548
676,76,sample_96,62,65,64,56,0.897,1.133,0.805,4.067,0.643,0.0,0.643,0.0,5TRV_short,1.4863514
677,77,sample_28,63,66,65,56,0.568,3.559,0.781,5.036,0.714,0.0,0.714,0.0,5TRV_short,2.860173
678,78,sample_43,87,92,91,56,0.583,3.274,0.737,5.656,0.607,0.0,0.607,0.0,5TRV_short,2.3919015
679,79,sample_80,64,67,66,56,0.483,6.696,0.72,11.741,0.536,0.0,0.536,0.0,5TRV_short,2.1205895
680,80,sample_39,65,68,67,56,0.652,6.135,0.691,7.345,0.5,0.0,0.5,0.0,5TRV_short,3.9940526
681,81,sample_62,66,69,68,56,0.739,2.807,0.643,9.254,0.5,0.0,0.5,0.0,5TRV_short,1.9710332
682,82,sample_58,67,70,69,56,0.463,5.227,0.535,12.824,0.214,0.196,0.411,0.0,5TRV_short,2.9092948
683,83,sample_24,68,71,70,56,0.762,2.039,0.731,5.827,0.536,0.0,0.536,0.0,5TRV_short,2.1201406
684,84,sample_12,69,72,71,56,0.652,6.787,0.759,8.824,0.554,0.107,0.661,0.0,5TRV_short,5.2045546
685,85,sample_21,70,73,72,56,0.588,2.857,0.6,11.32,0.411,0.25,0.661,0.0,5TRV_short,1.534862
686,86,sample_57,71,74,73,56,0.426,3.782,0.654,10.928,0.661,0.0,0.661,0.0,5TRV_short,2.9537385
687,87,sample_90,83,75,74,56,0.353,9.928,0.792,7.889,0.696,0.0,0.696,0.0,5TRV_short,5.0050273
688,88,sample_18,72,76,75,56,0.873,1.091,0.832,3.334,0.643,0.0,0.643,0.0,5TRV_short,1.0180447
689,89,sample_67,73,77,76,56,0.497,4.69,0.723,8.039,0.732,0.0,0.732,0.0,5TRV_short,2.5511131
690,90,sample_56,74,78,77,56,0.436,6.076,0.618,11.099,0.214,0.196,0.411,0.0,5TRV_short,1.316884
691,91,sample_40,88,88,86,56,0.354,6.886,0.816,10.544,0.821,0.0,0.821,0.0,5TRV_short,3.336798
692,92,sample_54,75,79,78,56,0.617,3.137,0.828,4.182,0.679,0.0,0.679,0.0,5TRV_short,1.4892929
693,93,sample_84,76,80,79,56,0.43,7.511,0.549,13.166,0.375,0.0,0.375,0.0,5TRV_short,1.453636
694,94,sample_92,77,81,80,56,0.682,2.424,0.637,9.014,0.393,0.071,0.464,0.0,5TRV_short,1.7985703
695,95,sample_70,78,82,81,56,0.426,4.687,0.736,11.404,0.643,0.0,0.643,0.0,5TRV_short,4.025938
696,96,sample_73,79,83,82,56,0.403,5.05,0.574,10.562,0.607,0.0,0.607,0.0,5TRV_short,4.0847745
697,97,sample_76,80,84,83,56,0.486,4.824,0.844,4.0,0.804,0.0,0.804,0.0,5TRV_short,2.9455473
698,98,sample_29,81,85,84,56,0.62,3.301,0.65,9.992,0.643,0.0,0.643,0.0,5TRV_short,3.2856314
699,99,sample_64,82,86,85,56,0.4,5.811,0.584,11.604,0.518,0.0,0.518,0.0,5TRV_short,3.350361
700,0,sample_1,0,0,0,86,0.528,4.517,0.589,10.911,0.244,0.047,0.291,0.0,5TRV_med,1.6760397
701,1,sample_10,1,1,1,86,0.308,8.73,0.406,17.287,0.244,0.116,0.36,0.0,5TRV_med,3.6162672
702,2,sample_100,2,2,2,86,0.716,2.906,0.569,11.222,0.453,0.105,0.558,0.0,5TRV_med,3.1130118
703,3,sample_11,3,3,3,86,0.702,2.842,0.697,7.536,0.616,0.0,0.616,0.0,5TRV_med,2.7546823
704,4,sample_12,4,4,4,86,0.464,7.689,0.525,17.589,0.407,0.0,0.407,0.0,5TRV_med,3.8257737
705,5,sample_13,5,5,5,86,0.696,4.421,0.734,6.399,0.674,0.0,0.674,0.0,5TRV_med,2.7020257
706,6,sample_14,6,6,6,86,0.804,1.912,0.719,7.931,0.512,0.0,0.512,0.0,5TRV_med,1.3986503
707,7,sample_15,7,7,7,86,0.436,6.734,0.503,13.213,0.558,0.0,0.558,0.0,5TRV_med,4.0885773
708,8,sample_16,8,8,8,86,0.342,10.077,0.432,16.756,0.233,0.174,0.407,0.0,5TRV_med,4.552646
709,9,sample_17,9,9,9,86,0.291,10.192,0.503,12.847,0.267,0.0,0.267,0.0,5TRV_med,4.732412
710,10,sample_18,10,10,10,86,0.34,10.964,0.779,15.816,0.826,0.0,0.826,0.0,5TRV_med,5.1831207
711,11,sample_19,11,11,11,86,0.741,2.297,0.65,10.637,0.244,0.14,0.384,0.0,5TRV_med,1.4797137
712,12,sample_2,12,12,12,86,0.528,4.886,0.426,15.305,0.128,0.209,0.337,0.0,5TRV_med,1.9686999
713,13,sample_20,13,13,13,86,0.298,14.626,0.53,17.855,0.535,0.0,0.535,0.0,5TRV_med,2.7592945
714,14,sample_21,14,14,14,86,0.66,3.115,0.557,11.895,0.477,0.0,0.477,0.0,5TRV_med,2.6332397
715,15,sample_22,15,15,15,86,0.442,5.086,0.537,13.007,0.43,0.116,0.547,0.0,5TRV_med,2.1672375
716,16,sample_23,16,16,16,86,0.689,3.329,0.553,13.338,0.5,0.047,0.547,0.0,5TRV_med,2.653867
717,17,sample_24,17,17,17,86,0.499,5.509,0.515,12.493,0.233,0.209,0.442,0.0,5TRV_med,1.3038087
718,18,sample_25,18,18,18,86,0.245,14.662,0.688,19.02,0.442,0.0,0.442,0.0,5TRV_med,5.058785
719,19,sample_26,19,19,19,86,0.6,5.769,0.57,12.063,0.547,0.0,0.547,0.0,5TRV_med,2.616258
720,20,sample_27,20,20,20,86,0.787,4.179,0.675,9.509,0.593,0.0,0.593,0.0,5TRV_med,1.8014318
721,21,sample_28,21,21,21,86,0.669,3.841,0.578,11.06,0.628,0.0,0.628,0.0,5TRV_med,3.35892
722,22,sample_29,22,22,22,86,0.719,3.003,0.613,13.1,0.256,0.128,0.384,0.0,5TRV_med,1.3898617
723,23,sample_3,23,23,23,86,0.474,5.016,0.501,15.494,0.337,0.209,0.547,0.0,5TRV_med,1.6816744
724,24,sample_30,24,24,24,86,0.696,2.666,0.595,12.986,0.581,0.0,0.581,0.0,5TRV_med,3.2144403
725,25,sample_31,25,25,25,86,0.597,6.279,0.634,10.752,0.372,0.047,0.419,0.0,5TRV_med,3.9594254
726,26,sample_32,26,26,26,86,0.352,7.692,0.478,15.425,0.395,0.0,0.395,0.0,5TRV_med,2.4435794
727,27,sample_33,27,27,27,86,0.408,8.577,0.486,18.78,0.221,0.0,0.221,0.0,5TRV_med,2.8959126
728,28,sample_34,28,28,28,86,0.68,4.461,0.553,13.318,0.535,0.0,0.535,0.0,5TRV_med,5.147463
729,29,sample_35,29,29,29,86,0.51,6.519,0.451,14.321,0.256,0.174,0.43,0.0,5TRV_med,4.8102756
730,30,sample_36,30,30,30,86,0.518,7.739,0.484,13.785,0.244,0.14,0.384,0.0,5TRV_med,1.862732
731,31,sample_37,31,31,31,86,0.678,2.669,0.584,10.638,0.291,0.163,0.453,0.0,5TRV_med,2.1582692
732,32,sample_38,32,32,32,86,0.354,9.74,0.446,15.531,0.244,0.116,0.36,0.0,5TRV_med,2.8011358
733,33,sample_39,33,33,33,86,0.3,10.427,0.422,15.432,0.407,0.0,0.407,0.0,5TRV_med,3.8026989
734,34,sample_4,34,34,34,86,0.533,4.067,0.568,12.123,0.721,0.0,0.721,0.0,5TRV_med,3.4360876
735,35,sample_40,35,35,35,86,0.812,2.177,0.748,6.134,0.651,0.0,0.651,0.0,5TRV_med,2.879418
736,36,sample_41,36,36,36,86,0.333,8.965,0.532,12.931,0.302,0.0,0.302,0.0,5TRV_med,2.6079803
737,37,sample_42,37,37,37,86,0.359,7.606,0.422,15.248,0.302,0.221,0.523,0.0,5TRV_med,1.4185745
738,38,sample_43,38,38,38,86,0.648,3.626,0.56,11.437,0.372,0.174,0.547,0.0,5TRV_med,2.3395169
739,39,sample_44,39,39,39,86,0.342,9.822,0.558,12.887,0.616,0.0,0.616,0.0,5TRV_med,5.1579514
740,40,sample_45,40,40,40,86,0.466,5.065,0.428,14.343,0.0,0.105,0.105,0.0,5TRV_med,5.038243
741,41,sample_46,41,41,41,86,0.868,4.285,0.747,9.426,0.767,0.0,0.767,0.0,5TRV_med,5.254732
742,42,sample_47,42,42,42,86,0.601,4.21,0.79,12.44,0.616,0.0,0.616,0.0,5TRV_med,2.5890715
743,43,sample_48,43,43,43,86,0.455,7.778,0.487,13.938,0.395,0.105,0.5,0.0,5TRV_med,2.8815675
744,44,sample_49,44,44,44,86,0.564,6.557,0.712,10.259,0.698,0.0,0.698,0.0,5TRV_med,3.3048394
745,45,sample_5,45,45,45,86,0.5,6.293,0.68,8.512,0.616,0.0,0.616,0.0,5TRV_med,5.2887316
746,46,sample_50,46,46,46,86,0.425,7.378,0.443,15.633,0.163,0.174,0.337,0.0,5TRV_med,4.248715
747,47,sample_51,47,47,47,86,0.417,5.555,0.415,16.241,0.209,0.07,0.279,0.0,5TRV_med,3.262143
748,48,sample_52,48,48,48,86,0.33,10.861,0.504,12.974,0.267,0.174,0.442,0.0,5TRV_med,2.424896
749,49,sample_53,49,49,49,86,0.688,3.022,0.642,9.878,0.407,0.0,0.407,0.0,5TRV_med,1.4906329
750,50,sample_54,50,50,50,86,0.662,3.017,0.585,12.06,0.186,0.233,0.419,0.0,5TRV_med,3.1141908
751,51,sample_55,51,51,51,86,0.651,4.848,0.57,11.63,0.535,0.0,0.535,0.0,5TRV_med,3.5652006
752,52,sample_56,52,52,52,86,0.461,9.421,0.522,13.691,0.326,0.0,0.326,0.0,5TRV_med,3.1091788
753,53,sample_57,53,53,53,86,0.649,4.19,0.63,11.423,0.686,0.0,0.686,0.0,5TRV_med,4.8480744
754,54,sample_58,54,54,54,86,0.423,8.777,0.754,14.741,0.872,0.0,0.872,0.0,5TRV_med,5.1038785
755,55,sample_59,55,55,55,86,0.281,12.126,0.453,15.835,0.279,0.0,0.279,0.0,5TRV_med,3.3970437
756,56,sample_6,56,56,56,86,0.341,11.124,0.427,15.071,0.302,0.116,0.419,0.0,5TRV_med,3.4619575
757,57,sample_60,57,57,57,86,0.594,4.919,0.552,12.621,0.349,0.093,0.442,0.0,5TRV_med,2.4672813
758,58,sample_61,58,58,58,86,0.545,4.009,0.628,9.874,0.372,0.186,0.558,0.0,5TRV_med,3.7364037
759,59,sample_62,59,59,59,86,0.296,9.735,0.534,15.938,0.593,0.0,0.593,0.0,5TRV_med,3.73384
760,60,sample_63,60,60,60,86,0.653,4.032,0.512,15.832,0.233,0.221,0.453,0.0,5TRV_med,3.2304287
761,61,sample_64,61,61,61,86,0.824,1.911,0.661,8.72,0.372,0.186,0.558,0.0,5TRV_med,1.8434123
762,62,sample_65,62,62,62,86,0.561,3.952,0.785,6.442,0.802,0.0,0.802,0.0,5TRV_med,3.0547912
763,63,sample_66,63,63,63,86,0.372,15.783,0.671,17.411,0.477,0.0,0.477,0.0,5TRV_med,5.0250325
764,64,sample_67,64,64,64,86,0.655,3.19,0.53,12.657,0.384,0.128,0.512,0.0,5TRV_med,2.1223006
765,65,sample_68,65,65,65,86,0.433,7.119,0.488,13.793,0.547,0.0,0.547,0.0,5TRV_med,2.9754272
766,66,sample_69,66,66,66,86,0.718,5.527,0.789,7.796,0.779,0.0,0.779,0.0,5TRV_med,4.3258142
767,67,sample_7,67,67,67,86,0.741,3.02,0.675,8.869,0.14,0.221,0.36,0.0,5TRV_med,1.6513095
768,68,sample_70,68,68,68,86,0.432,7.36,0.452,15.552,0.488,0.058,0.547,0.0,5TRV_med,3.2567453
769,69,sample_71,69,69,69,86,0.811,2.185,0.691,9.697,0.267,0.291,0.558,0.0,5TRV_med,1.0709174
770,70,sample_72,70,70,70,86,0.287,10.103,0.48,13.427,0.36,0.128,0.488,0.0,5TRV_med,5.3023562
771,71,sample_73,71,71,71,86,0.418,5.614,0.462,13.429,0.244,0.093,0.337,0.0,5TRV_med,3.7835236
772,72,sample_74,72,72,72,86,0.661,4.135,0.568,11.149,0.326,0.081,0.407,0.0,5TRV_med,3.3157787
773,73,sample_75,73,73,73,86,0.636,5.163,0.517,13.637,0.605,0.0,0.605,0.0,5TRV_med,2.4308307
774,74,sample_76,74,74,74,86,0.709,4.313,0.577,10.687,0.651,0.0,0.651,0.0,5TRV_med,1.3941909
775,75,sample_77,75,75,75,86,0.763,3.402,0.876,3.123,0.872,0.0,0.872,0.0,5TRV_med,3.281419
776,76,sample_78,76,76,76,86,0.586,4.577,0.59,10.621,0.244,0.267,0.512,0.0,5TRV_med,4.9190655
777,77,sample_79,77,77,77,86,0.34,9.914,0.464,17.882,0.302,0.0,0.302,0.0,5TRV_med,4.379961
778,78,sample_8,78,78,78,86,0.625,3.979,0.649,12.533,0.593,0.0,0.593,0.0,5TRV_med,2.561482
779,79,sample_80,79,79,79,86,0.472,7.497,0.477,15.407,0.395,0.0,0.395,0.0,5TRV_med,1.5394992
780,80,sample_81,80,80,80,86,0.803,1.999,0.782,5.061,0.721,0.0,0.721,0.0,5TRV_med,1.8072152
781,81,sample_82,81,81,81,86,0.634,7.966,0.589,13.109,0.593,0.0,0.593,0.0,5TRV_med,1.2674725
782,82,sample_83,82,82,82,86,0.405,11.254,0.579,13.799,0.5,0.0,0.5,0.0,5TRV_med,2.7185736
783,83,sample_84,83,83,83,86,0.318,10.577,0.505,14.525,0.337,0.105,0.442,0.0,5TRV_med,4.885408
784,84,sample_85,84,84,84,86,0.845,1.754,0.782,5.077,0.674,0.0,0.674,0.0,5TRV_med,1.1332184
785,85,sample_86,85,85,85,86,0.631,3.172,0.581,10.502,0.593,0.0,0.593,0.0,5TRV_med,1.8084085
786,86,sample_87,86,86,86,86,0.676,3.388,0.68,7.388,0.291,0.174,0.465,0.0,5TRV_med,4.6616364
787,87,sample_88,87,87,87,86,0.589,6.589,0.599,13.965,0.233,0.244,0.477,0.0,5TRV_med,4.2097306
788,88,sample_89,88,88,88,86,0.287,9.651,0.356,17.664,0.128,0.058,0.186,0.0,5TRV_med,2.2136545
789,89,sample_9,89,89,89,86,0.798,2.018,0.646,8.435,0.267,0.128,0.395,0.0,5TRV_med,1.5083814
790,90,sample_90,90,90,90,86,0.575,3.906,0.495,13.317,0.384,0.0,0.384,0.0,5TRV_med,2.807823
791,91,sample_91,91,91,91,86,0.581,7.549,0.631,13.424,0.686,0.0,0.686,0.0,5TRV_med,2.1781363
792,92,sample_92,92,92,92,86,0.421,6.226,0.579,16.076,0.244,0.209,0.453,0.0,5TRV_med,5.502942
793,93,sample_93,93,93,93,86,0.678,3.983,0.686,10.674,0.535,0.047,0.581,0.0,5TRV_med,2.9138265
794,94,sample_94,94,94,94,86,0.553,8.109,0.727,12.319,0.616,0.0,0.616,0.0,5TRV_med,3.8182998
795,95,sample_95,95,95,95,86,0.776,2.134,0.596,13.283,0.453,0.0,0.453,0.0,5TRV_med,1.7332517
796,96,sample_96,96,96,96,86,0.469,7.831,0.596,13.271,0.744,0.0,0.744,0.0,5TRV_med,2.5307086
797,97,sample_97,97,97,97,86,0.473,4.998,0.57,11.212,0.36,0.14,0.5,0.0,5TRV_med,2.9237866
798,98,sample_98,98,98,98,86,0.564,4.514,0.573,10.739,0.093,0.267,0.36,0.0,5TRV_med,2.4819489
799,99,sample_99,99,99,99,86,0.365,12.041,0.553,14.954,0.337,0.105,0.442,0.0,5TRV_med,2.601201
800,0,sample_2,0,0,0,48,0.824,1.374,0.806,3.92,0.5,0.0,0.5,0.0,6E6R_short,1.3020803
801,1,sample_18,1,1,1,48,0.355,8.628,0.586,15.054,0.229,0.0,0.229,0.0,6E6R_short,0.530596
802,2,sample_35,2,2,2,48,0.762,1.564,0.858,3.234,0.271,0.333,0.604,0.0,6E6R_short,1.4975879
803,3,sample_51,3,3,3,48,0.626,2.936,0.665,7.222,0.604,0.0,0.604,0.0,6E6R_short,1.7626644
804,4,sample_9,4,4,4,48,0.573,5.302,0.532,14.286,0.125,0.104,0.229,0.0,6E6R_short,0.75561583
805,5,sample_34,90,89,90,48,0.655,2.418,0.815,3.967,0.812,0.0,0.812,0.0,6E6R_short,1.5882462
806,6,sample_21,5,5,5,48,0.742,3.146,0.655,9.026,0.542,0.0,0.542,0.0,6E6R_short,1.8423487
807,7,sample_62,6,6,6,48,0.337,8.691,0.5,13.238,0.354,0.0,0.354,0.0,6E6R_short,1.2958483
808,8,sample_89,7,7,7,48,0.663,2.536,0.775,7.484,0.667,0.0,0.667,0.0,6E6R_short,0.89701486
809,9,sample_10,8,8,8,48,0.517,3.206,0.633,9.644,0.583,0.0,0.583,0.0,6E6R_short,0.9574785
810,10,sample_97,9,9,9,48,0.767,1.694,0.768,4.301,0.667,0.0,0.667,0.0,6E6R_short,1.82617
811,11,sample_28,10,10,10,48,0.501,3.676,0.562,10.06,0.125,0.229,0.354,0.0,6E6R_short,1.5995755
812,12,sample_68,11,11,11,48,0.738,2.003,0.661,7.945,0.562,0.0,0.562,0.0,6E6R_short,0.73435515
813,13,sample_92,12,12,12,48,0.685,2.363,0.832,4.466,0.75,0.0,0.75,0.0,6E6R_short,1.8774009
814,14,sample_78,87,90,88,48,0.66,4.29,0.712,5.623,0.604,0.0,0.604,0.0,6E6R_short,1.4221394
815,15,sample_16,13,13,13,48,0.476,7.879,0.643,9.104,0.604,0.0,0.604,0.0,6E6R_short,0.4505842
816,16,sample_74,90,93,14,48,0.792,1.271,0.695,7.791,0.688,0.0,0.688,0.0,6E6R_short,1.484887
817,17,sample_37,14,14,15,48,0.666,2.704,0.578,9.914,0.458,0.0,0.458,0.0,6E6R_short,0.8260897
818,18,sample_87,87,90,88,48,0.891,1.063,0.726,5.115,0.604,0.0,0.604,0.0,6E6R_short,1.3320214
819,19,sample_85,15,15,16,48,0.707,2.681,0.612,9.056,0.438,0.0,0.438,0.0,6E6R_short,1.4811192
820,20,sample_90,86,88,91,48,0.434,4.542,0.812,9.951,0.833,0.0,0.833,0.0,6E6R_short,3.9046931
821,21,sample_95,16,16,17,48,0.573,3.118,0.765,4.864,0.521,0.0,0.521,0.0,6E6R_short,3.2031946
822,22,sample_82,17,17,18,48,0.468,10.734,0.721,12.358,0.5,0.0,0.5,0.0,6E6R_short,1.716165
823,23,sample_65,87,18,19,48,0.709,1.952,0.714,6.642,0.625,0.0,0.625,0.0,6E6R_short,1.1557091
824,24,sample_13,18,19,20,48,0.68,2.822,0.684,7.383,0.625,0.0,0.625,0.0,6E6R_short,1.145997
825,25,sample_30,19,20,21,48,0.51,3.167,0.687,6.32,0.688,0.0,0.688,0.0,6E6R_short,1.4192905
826,26,sample_57,20,21,22,48,0.564,3.237,0.57,10.711,0.458,0.0,0.458,0.0,6E6R_short,0.6644207
827,27,sample_83,21,22,23,48,0.296,6.246,0.775,10.344,0.771,0.0,0.771,0.0,6E6R_short,1.8999361
828,28,sample_23,22,23,24,48,0.479,3.489,0.694,9.548,0.646,0.0,0.646,0.0,6E6R_short,1.2950228
829,29,sample_3,23,24,25,48,0.633,2.54,0.693,6.715,0.5,0.0,0.5,0.0,6E6R_short,0.39239958
830,30,sample_98,86,25,91,48,0.604,4.313,0.853,6.13,0.771,0.0,0.771,0.0,6E6R_short,3.579082
831,31,sample_44,24,26,26,48,0.873,1.265,0.813,4.453,0.646,0.0,0.646,0.0,6E6R_short,1.7351906
832,32,sample_72,25,27,27,48,0.759,1.698,0.704,7.924,0.604,0.0,0.604,0.0,6E6R_short,1.2925261
833,33,sample_80,26,28,28,48,0.324,5.763,0.524,11.276,0.375,0.0,0.375,0.0,6E6R_short,0.599381
834,34,sample_76,27,29,29,48,0.579,3.895,0.721,7.436,0.625,0.0,0.625,0.0,6E6R_short,1.589167
835,35,sample_22,28,30,30,48,0.233,9.092,0.431,15.576,0.125,0.0,0.125,0.0,6E6R_short,4.8171244
836,36,sample_94,29,31,31,48,0.875,0.896,0.757,4.57,0.625,0.0,0.625,0.0,6E6R_short,0.5550355
837,37,sample_55,90,93,90,48,0.67,3.0,0.817,4.11,0.812,0.0,0.812,0.0,6E6R_short,3.6777444
838,38,sample_11,30,32,32,48,0.341,6.832,0.553,12.03,0.417,0.0,0.417,0.0,6E6R_short,1.9998144
839,39,sample_45,89,92,92,48,0.524,3.872,0.6,10.079,0.188,0.333,0.521,0.0,6E6R_short,1.5576488
840,40,sample_12,31,33,33,48,0.346,7.709,0.575,15.732,0.354,0.0,0.354,0.0,6E6R_short,1.4809172
841,41,sample_40,32,34,34,48,0.52,4.884,0.622,11.984,0.438,0.0,0.438,0.0,6E6R_short,1.5161252
842,42,sample_64,33,35,35,48,0.285,6.279,0.418,15.024,0.25,0.0,0.25,0.0,6E6R_short,1.3090938
843,43,sample_99,34,36,36,48,0.7,2.789,0.686,6.917,0.562,0.0,0.562,0.0,6E6R_short,0.7310175
844,44,sample_20,35,37,37,48,0.592,3.426,0.607,8.971,0.375,0.188,0.562,0.0,6E6R_short,1.848031
845,45,sample_70,36,38,38,48,0.835,1.36,0.832,3.688,0.146,0.25,0.396,0.0,6E6R_short,0.5966259
846,46,sample_39,37,39,39,48,0.613,3.001,0.523,12.64,0.417,0.0,0.417,0.0,6E6R_short,2.2451394
847,47,sample_66,38,40,40,48,0.518,2.665,0.725,5.969,0.583,0.0,0.583,0.0,6E6R_short,0.5852666
848,48,sample_43,39,41,41,48,0.409,5.657,0.788,7.026,0.729,0.0,0.729,0.0,6E6R_short,3.6587818
849,49,sample_48,40,42,42,48,0.444,3.696,0.563,10.635,0.417,0.0,0.417,0.0,6E6R_short,0.55210274
850,50,sample_69,41,43,43,48,0.435,5.895,0.662,9.76,0.542,0.0,0.542,0.0,6E6R_short,1.533888
851,51,sample_91,42,44,44,48,0.368,4.26,0.586,9.5,0.375,0.0,0.375,0.0,6E6R_short,1.2403536
852,52,sample_8,90,89,90,48,0.638,2.288,0.829,3.433,0.812,0.0,0.812,0.0,6E6R_short,1.9342982
853,53,sample_6,89,92,92,48,0.709,2.032,0.832,3.648,0.0,0.417,0.417,0.0,6E6R_short,1.2935661
854,54,sample_29,43,45,45,48,0.89,0.829,0.775,4.533,0.688,0.0,0.688,0.0,6E6R_short,0.64757884
855,55,sample_53,44,46,46,48,0.523,7.651,0.705,8.12,0.625,0.0,0.625,0.0,6E6R_short,1.4351511
856,56,sample_63,45,47,47,48,0.493,6.009,0.568,12.244,0.25,0.0,0.25,0.0,6E6R_short,1.148727
857,57,sample_33,46,48,48,48,0.57,2.631,0.695,7.08,0.125,0.375,0.5,0.0,6E6R_short,0.7187299
858,58,sample_42,47,49,49,48,0.882,1.028,0.77,4.532,0.625,0.0,0.625,0.0,6E6R_short,1.4401464
859,59,sample_7,48,50,50,48,0.688,2.355,0.796,4.714,0.562,0.0,0.562,0.0,6E6R_short,1.4698215
860,60,sample_81,49,51,51,48,0.71,1.629,0.635,8.387,0.667,0.0,0.667,0.0,6E6R_short,1.6081312
861,61,sample_61,50,52,52,48,0.451,5.053,0.74,9.518,0.792,0.0,0.792,0.0,6E6R_short,1.7007133
862,62,sample_59,51,53,53,48,0.433,3.58,0.486,13.413,0.146,0.0,0.146,0.0,6E6R_short,2.1104975
863,63,sample_46,52,54,54,48,0.397,11.134,0.761,9.003,0.604,0.0,0.604,0.0,6E6R_short,1.6139076
864,64,sample_38,53,55,55,48,0.529,8.265,0.808,7.518,0.417,0.083,0.5,0.0,6E6R_short,1.2619565
865,65,sample_49,54,56,56,48,0.262,8.091,0.513,11.236,0.271,0.0,0.271,0.0,6E6R_short,1.9916574
866,66,sample_41,55,57,57,48,0.648,2.862,0.672,8.26,0.458,0.0,0.458,0.0,6E6R_short,1.924086
867,67,sample_56,56,58,58,48,0.326,8.579,0.608,12.734,0.312,0.0,0.312,0.0,6E6R_short,1.1278696
868,68,sample_47,57,59,59,48,0.495,3.886,0.605,10.513,0.125,0.417,0.542,0.0,6E6R_short,1.8084224
869,69,sample_31,58,60,60,48,0.461,5.807,0.611,9.126,0.396,0.0,0.396,0.0,6E6R_short,1.6489272
870,70,sample_79,59,61,61,48,0.513,3.279,0.587,10.201,0.417,0.0,0.417,0.0,6E6R_short,1.4803339
871,71,sample_93,60,62,62,48,0.297,10.672,0.544,13.627,0.25,0.0,0.25,0.0,6E6R_short,1.5586665
872,72,sample_84,61,63,63,48,0.454,3.772,0.567,11.404,0.479,0.0,0.479,0.0,6E6R_short,1.3882582
873,73,sample_77,62,64,64,48,0.287,9.531,0.533,10.785,0.0,0.0,0.0,0.0,6E6R_short,3.690104
874,74,sample_32,63,65,65,48,0.743,1.486,0.899,2.041,0.667,0.0,0.667,0.0,6E6R_short,1.5005269
875,75,sample_25,64,66,66,48,0.54,6.212,0.591,10.222,0.542,0.0,0.542,0.0,6E6R_short,2.950518
876,76,sample_27,65,67,67,48,0.54,2.925,0.646,8.985,0.667,0.0,0.667,0.0,6E6R_short,2.4402559
877,77,sample_50,86,88,91,48,0.461,4.292,0.873,6.109,0.833,0.0,0.833,0.0,6E6R_short,3.6508994
878,78,sample_60,66,68,68,48,0.316,8.324,0.616,12.023,0.708,0.0,0.708,0.0,6E6R_short,1.7068863
879,79,sample_15,67,69,69,48,0.663,2.295,0.843,4.404,0.625,0.0,0.625,0.0,6E6R_short,0.41368064
880,80,sample_100,68,70,70,48,0.714,3.259,0.736,6.083,0.729,0.0,0.729,0.0,6E6R_short,1.7710239
881,81,sample_96,69,71,71,48,0.764,1.465,0.868,2.518,0.625,0.0,0.625,0.0,6E6R_short,0.7545706
882,82,sample_36,70,72,72,48,0.61,2.205,0.569,9.761,0.479,0.0,0.479,0.0,6E6R_short,0.85818374
883,83,sample_1,71,73,73,48,0.712,1.992,0.824,3.238,0.521,0.0,0.521,0.0,6E6R_short,0.59889567
884,84,sample_73,72,74,74,48,0.712,2.037,0.708,6.079,0.167,0.167,0.333,0.0,6E6R_short,1.7083112
885,85,sample_19,73,75,75,48,0.426,6.381,0.531,13.626,0.375,0.0,0.375,0.0,6E6R_short,3.6855135
886,86,sample_26,74,76,76,48,0.597,2.59,0.558,10.633,0.417,0.25,0.667,0.0,6E6R_short,0.9935652
887,87,sample_14,75,77,77,48,0.401,5.749,0.698,7.082,0.646,0.0,0.646,0.0,6E6R_short,0.5756101
888,88,sample_67,76,78,78,48,0.803,2.248,0.793,4.142,0.5,0.0,0.5,0.0,6E6R_short,0.44151628
889,89,sample_86,77,79,79,48,0.774,2.843,0.8,5.093,0.542,0.0,0.542,0.0,6E6R_short,2.3832448
890,90,sample_5,78,80,80,48,0.794,1.372,0.829,3.329,0.667,0.0,0.667,0.0,6E6R_short,1.3970647
891,91,sample_17,79,81,81,48,0.624,2.246,0.698,7.953,0.667,0.0,0.667,0.0,6E6R_short,0.9517103
892,92,sample_54,80,82,82,48,0.844,1.524,0.814,3.759,0.604,0.0,0.604,0.0,6E6R_short,0.64844185
893,93,sample_24,88,91,89,48,0.426,8.831,0.806,9.193,0.854,0.0,0.854,0.0,6E6R_short,2.0382168
894,94,sample_88,81,83,83,48,0.321,9.345,0.563,15.198,0.438,0.0,0.438,0.0,6E6R_short,1.5185755
895,95,sample_71,88,91,89,48,0.614,3.797,0.818,7.537,0.75,0.0,0.75,0.0,6E6R_short,3.4536743
896,96,sample_58,82,84,84,48,0.44,4.301,0.679,10.034,0.417,0.0,0.417,0.0,6E6R_short,3.9091375
897,97,sample_52,83,85,85,48,0.577,3.144,0.592,10.267,0.5,0.0,0.5,0.0,6E6R_short,0.49564236
898,98,sample_75,84,86,86,48,0.536,3.573,0.605,8.98,0.333,0.0,0.333,0.0,6E6R_short,0.96498287
899,99,sample_4,85,87,87,48,0.47,6.996,0.576,11.685,0.396,0.0,0.396,0.0,6E6R_short,1.448652
900,0,sample_1,0,0,0,78,0.705,2.221,0.598,10.643,0.538,0.115,0.654,0.0,6E6R_med,1.0876199
901,1,sample_10,1,1,1,78,0.684,3.209,0.494,14.138,0.154,0.192,0.346,0.0,6E6R_med,1.0232625
902,2,sample_100,2,2,2,78,0.442,5.705,0.422,16.194,0.077,0.256,0.333,0.0,6E6R_med,2.7398455
903,3,sample_11,3,3,3,78,0.594,3.352,0.71,11.013,0.603,0.0,0.603,0.0,6E6R_med,1.2013175
904,4,sample_12,4,4,4,78,0.823,1.832,0.795,4.61,0.615,0.0,0.615,0.0,6E6R_med,2.43193
905,5,sample_13,5,5,5,78,0.266,9.369,0.416,17.073,0.09,0.0,0.09,0.0,6E6R_med,1.6259744
906,6,sample_14,6,6,6,78,0.462,4.894,0.724,12.778,0.718,0.0,0.718,0.0,6E6R_med,1.5094004
907,7,sample_15,7,7,7,78,0.755,2.491,0.623,9.818,0.564,0.0,0.564,0.0,6E6R_med,2.8948088
908,8,sample_16,8,8,8,78,0.452,7.857,0.49,13.189,0.474,0.103,0.577,0.0,6E6R_med,1.9591398
909,9,sample_17,9,9,9,78,0.804,2.952,0.757,5.348,0.513,0.0,0.513,0.0,6E6R_med,1.3436229
910,10,sample_18,10,10,10,78,0.525,4.542,0.534,13.883,0.577,0.0,0.577,0.0,6E6R_med,1.2939857
911,11,sample_19,11,11,11,78,0.857,1.611,0.753,6.07,0.256,0.128,0.385,0.0,6E6R_med,1.2013216
912,12,sample_2,12,12,12,78,0.473,6.257,0.573,12.873,0.256,0.0,0.256,0.0,6E6R_med,1.6474975
913,13,sample_20,13,13,13,78,0.91,1.151,0.835,3.804,0.141,0.179,0.321,0.0,6E6R_med,1.1255903
914,14,sample_21,14,14,14,78,0.458,8.155,0.468,15.26,0.423,0.0,0.423,0.0,6E6R_med,1.8181374
915,15,sample_22,15,15,15,78,0.708,2.941,0.531,13.022,0.115,0.321,0.436,0.0,6E6R_med,4.0884037
916,16,sample_23,16,16,16,78,0.363,7.807,0.461,15.734,0.41,0.0,0.41,0.0,6E6R_med,2.7874534
917,17,sample_24,17,17,17,78,0.418,9.755,0.468,16.809,0.359,0.0,0.359,0.0,6E6R_med,1.432262
918,18,sample_25,18,18,18,78,0.839,1.591,0.856,2.781,0.654,0.0,0.654,0.0,6E6R_med,1.6778536
919,19,sample_26,19,19,19,78,0.26,10.884,0.5,12.18,0.449,0.128,0.577,0.0,6E6R_med,0.57503504
920,20,sample_27,20,20,20,78,0.475,4.493,0.585,12.124,0.167,0.372,0.538,0.0,6E6R_med,3.0215461
921,21,sample_28,21,21,21,78,0.879,1.33,0.792,4.636,0.692,0.0,0.692,0.0,6E6R_med,0.64094
922,22,sample_29,22,22,22,78,0.833,1.559,0.768,6.067,0.603,0.0,0.603,0.0,6E6R_med,0.73857546
923,23,sample_3,23,23,23,78,0.318,9.609,0.479,14.442,0.41,0.103,0.513,0.0,6E6R_med,1.1893725
924,24,sample_30,24,24,24,78,0.64,3.318,0.494,13.593,0.256,0.077,0.333,0.0,6E6R_med,1.6087811
925,25,sample_31,25,25,25,78,0.577,4.658,0.515,15.93,0.5,0.0,0.5,0.0,6E6R_med,2.9171672
926,26,sample_32,26,26,26,78,0.736,3.069,0.628,9.788,0.423,0.077,0.5,0.0,6E6R_med,2.4992185
927,27,sample_33,27,27,27,78,0.303,7.578,0.398,16.214,0.077,0.09,0.167,0.0,6E6R_med,5.4888597
928,28,sample_34,28,28,28,78,0.42,9.733,0.536,13.755,0.564,0.0,0.564,0.0,6E6R_med,0.8228662
929,29,sample_35,29,29,29,78,0.706,3.931,0.747,8.619,0.603,0.0,0.603,0.0,6E6R_med,0.93166
930,30,sample_36,30,30,30,78,0.702,2.519,0.551,11.91,0.333,0.218,0.551,0.0,6E6R_med,1.7403024
931,31,sample_37,31,31,31,78,0.661,3.87,0.483,12.538,0.0,0.269,0.269,0.0,6E6R_med,4.2625847
932,32,sample_38,32,32,32,78,0.666,4.073,0.675,8.796,0.731,0.0,0.731,0.0,6E6R_med,1.8369739
933,33,sample_39,33,33,33,78,0.662,3.843,0.474,13.496,0.179,0.115,0.295,0.0,6E6R_med,0.63516563
934,34,sample_4,34,34,34,78,0.454,8.526,0.58,14.843,0.192,0.115,0.308,0.0,6E6R_med,0.67889166
935,35,sample_40,35,35,35,78,0.811,2.016,0.848,3.574,0.679,0.0,0.679,0.0,6E6R_med,1.6298888
936,36,sample_41,36,36,36,78,0.816,1.688,0.74,5.831,0.372,0.103,0.474,0.0,6E6R_med,1.5295285
937,37,sample_42,37,37,37,78,0.442,6.937,0.395,16.502,0.103,0.192,0.295,0.0,6E6R_med,2.3285882
938,38,sample_43,38,38,38,78,0.499,4.613,0.621,8.746,0.218,0.295,0.513,0.0,6E6R_med,1.5307887
939,39,sample_44,39,39,39,78,0.421,7.34,0.502,15.891,0.346,0.0,0.346,0.0,6E6R_med,1.5367458
940,40,sample_45,40,40,40,78,0.441,5.004,0.679,13.838,0.782,0.0,0.782,0.0,6E6R_med,1.2576548
941,41,sample_46,41,41,41,78,0.439,12.091,0.581,14.197,0.603,0.0,0.603,0.0,6E6R_med,1.6324575
942,42,sample_47,42,42,42,78,0.632,3.178,0.599,12.278,0.705,0.0,0.705,0.0,6E6R_med,3.678912
943,43,sample_48,43,43,43,78,0.459,10.213,0.417,16.048,0.141,0.051,0.192,0.0,6E6R_med,1.9898127
944,44,sample_49,44,44,44,78,0.665,2.589,0.705,12.26,0.795,0.0,0.795,0.0,6E6R_med,2.7586586
945,45,sample_5,45,45,45,78,0.339,7.55,0.489,19.615,0.41,0.0,0.41,0.0,6E6R_med,2.1319125
946,46,sample_50,46,46,46,78,0.719,2.589,0.632,11.692,0.244,0.141,0.385,0.0,6E6R_med,1.0604749
947,47,sample_51,47,47,47,78,0.302,11.456,0.569,12.634,0.551,0.0,0.551,0.0,6E6R_med,3.6841466
948,48,sample_52,48,48,48,78,0.461,5.842,0.663,14.734,0.692,0.0,0.692,0.0,6E6R_med,2.964101
949,49,sample_53,49,49,49,78,0.876,1.73,0.698,6.818,0.436,0.141,0.577,0.0,6E6R_med,4.3072433
950,50,sample_54,50,50,50,78,0.352,8.688,0.409,17.426,0.218,0.0,0.218,0.0,6E6R_med,4.05998
951,51,sample_55,51,51,51,78,0.531,5.155,0.681,9.836,0.564,0.0,0.564,0.0,6E6R_med,1.8058786
952,52,sample_56,52,52,52,78,0.476,7.645,0.466,15.386,0.167,0.103,0.269,0.0,6E6R_med,0.89655864
953,53,sample_57,53,53,53,78,0.301,12.023,0.458,18.846,0.179,0.0,0.179,0.0,6E6R_med,1.8851858
954,54,sample_58,54,54,54,78,0.466,6.009,0.465,14.388,0.0,0.295,0.295,0.0,6E6R_med,5.608368
955,55,sample_59,55,55,55,78,0.562,3.787,0.563,12.369,0.449,0.0,0.449,0.0,6E6R_med,1.5955253
956,56,sample_6,56,56,56,78,0.35,7.898,0.523,17.191,0.551,0.0,0.551,0.0,6E6R_med,2.0795076
957,57,sample_60,57,57,57,78,0.622,3.613,0.584,11.067,0.654,0.0,0.654,0.0,6E6R_med,1.3595216
958,58,sample_61,58,58,58,78,0.795,2.14,0.613,9.416,0.564,0.0,0.564,0.0,6E6R_med,1.2145592
959,59,sample_62,59,59,59,78,0.929,0.935,0.791,4.74,0.756,0.0,0.756,0.0,6E6R_med,1.2127024
960,60,sample_63,60,60,60,78,0.839,1.577,0.777,4.643,0.551,0.0,0.551,0.0,6E6R_med,0.5700872
961,61,sample_64,61,61,61,78,0.844,1.865,0.79,5.621,0.295,0.256,0.551,0.0,6E6R_med,0.50426203
962,62,sample_65,62,62,62,78,0.464,4.911,0.53,13.448,0.449,0.115,0.564,0.0,6E6R_med,0.52547854
963,63,sample_66,63,63,63,78,0.363,6.64,0.532,15.336,0.449,0.0,0.449,0.0,6E6R_med,0.64276683
964,64,sample_67,64,64,64,78,0.474,12.098,0.55,13.329,0.564,0.0,0.564,0.0,6E6R_med,1.440781
965,65,sample_68,65,65,65,78,0.918,1.061,0.808,3.982,0.295,0.282,0.577,0.0,6E6R_med,1.4183981
966,66,sample_69,66,66,66,78,0.618,3.215,0.519,12.64,0.179,0.256,0.436,0.0,6E6R_med,1.5251163
967,67,sample_7,67,67,67,78,0.947,0.781,0.839,3.828,0.692,0.0,0.692,0.0,6E6R_med,0.3191635
968,68,sample_70,68,68,68,78,0.264,12.495,0.433,15.49,0.256,0.0,0.256,0.0,6E6R_med,1.5788219
969,69,sample_71,69,69,69,78,0.575,4.468,0.637,10.872,0.256,0.205,0.462,0.0,6E6R_med,0.41968203
970,70,sample_72,70,70,70,78,0.777,1.941,0.558,12.01,0.103,0.308,0.41,0.0,6E6R_med,1.454227
971,71,sample_73,71,71,71,78,0.836,1.591,0.786,6.257,0.756,0.0,0.756,0.0,6E6R_med,2.4251196
972,72,sample_74,72,72,72,78,0.463,5.011,0.529,12.633,0.295,0.064,0.359,0.0,6E6R_med,1.8098408
973,73,sample_75,73,73,73,78,0.65,3.126,0.603,12.46,0.756,0.0,0.756,0.0,6E6R_med,1.9217227
974,74,sample_76,74,74,74,78,0.89,1.356,0.844,3.822,0.692,0.0,0.692,0.0,6E6R_med,1.5408787
975,75,sample_77,75,75,75,78,0.364,7.357,0.49,13.129,0.154,0.282,0.436,0.0,6E6R_med,0.9588649
976,76,sample_78,76,76,76,78,0.405,6.389,0.389,16.321,0.09,0.0,0.09,0.0,6E6R_med,0.9689446
977,77,sample_79,77,77,77,78,0.348,9.171,0.545,15.223,0.487,0.0,0.487,0.0,6E6R_med,1.6198552
978,78,sample_8,78,78,78,78,0.308,8.8,0.431,15.173,0.321,0.154,0.474,0.0,6E6R_med,4.0194235
979,79,sample_80,79,79,79,78,0.6,3.578,0.544,15.331,0.615,0.0,0.615,0.0,6E6R_med,1.9155346
980,80,sample_81,80,80,80,78,0.587,3.021,0.571,11.125,0.231,0.115,0.346,0.0,6E6R_med,0.7051005
981,81,sample_82,81,81,81,78,0.775,2.674,0.614,10.126,0.372,0.0,0.372,0.0,6E6R_med,0.47855052
982,82,sample_83,82,82,82,78,0.283,11.331,0.487,15.178,0.436,0.064,0.5,0.0,6E6R_med,4.893898
983,83,sample_84,83,83,83,78,0.503,5.142,0.605,12.49,0.308,0.179,0.487,0.0,6E6R_med,2.9519997
984,84,sample_85,84,84,84,78,0.678,2.62,0.624,10.635,0.372,0.103,0.474,0.0,6E6R_med,1.8206607
985,85,sample_86,85,85,85,78,0.678,4.285,0.679,9.36,0.295,0.064,0.359,0.0,6E6R_med,0.6396917
986,86,sample_87,86,86,86,78,0.444,6.157,0.498,13.173,0.372,0.167,0.538,0.0,6E6R_med,2.0627804
987,87,sample_88,87,87,87,78,0.727,2.206,0.643,9.519,0.692,0.0,0.692,0.0,6E6R_med,1.4463271
988,88,sample_89,88,88,88,78,0.264,9.954,0.389,15.583,0.09,0.0,0.09,0.0,6E6R_med,0.9583971
989,89,sample_9,89,89,89,78,0.717,2.475,0.571,12.609,0.167,0.218,0.385,0.0,6E6R_med,1.6091806
990,90,sample_90,90,90,90,78,0.604,3.159,0.513,11.491,0.077,0.321,0.397,0.0,6E6R_med,0.54818004
991,91,sample_91,91,91,91,78,0.693,2.771,0.624,9.455,0.346,0.218,0.564,0.0,6E6R_med,1.591554
992,92,sample_92,92,92,92,78,0.685,2.914,0.616,10.181,0.603,0.0,0.603,0.0,6E6R_med,0.36104015
993,93,sample_93,93,93,93,78,0.45,7.945,0.516,15.172,0.5,0.0,0.5,0.0,6E6R_med,0.48458573
994,94,sample_94,94,94,94,78,0.754,4.215,0.732,7.78,0.731,0.0,0.731,0.0,6E6R_med,1.9099082
995,95,sample_95,95,95,95,78,0.43,5.31,0.74,6.871,0.526,0.0,0.526,0.0,6E6R_med,3.4523818
996,96,sample_96,96,96,96,78,0.785,1.947,0.575,10.939,0.462,0.0,0.462,0.0,6E6R_med,1.3185235
997,97,sample_97,97,97,97,78,0.818,2.116,0.808,4.31,0.679,0.0,0.679,0.0,6E6R_med,3.6171968
998,98,sample_98,98,98,98,78,0.4,6.641,0.532,12.795,0.59,0.0,0.59,0.0,6E6R_med,1.520539
999,99,sample_99,99,99,99,78,0.717,3.033,0.726,6.259,0.372,0.0,0.372,0.0,6E6R_med,0.3526403
1000,0,sample_86,0,0,0,50,0.483,4.324,0.586,9.903,0.46,0.0,0.46,0.0,6EXZ_short,1.510821
1001,1,sample_42,1,1,1,50,0.446,5.995,0.732,9.109,0.6,0.0,0.6,0.0,6EXZ_short,1.6566643
1002,2,sample_78,84,86,86,50,0.596,2.356,0.713,5.714,0.6,0.0,0.6,0.0,6EXZ_short,1.6461926
1003,3,sample_8,2,2,2,50,0.713,2.035,0.678,8.531,0.58,0.0,0.58,0.0,6EXZ_short,2.1933951
1004,4,sample_99,3,3,3,50,0.831,1.453,0.774,6.383,0.74,0.0,0.74,0.0,6EXZ_short,0.4469791
1005,5,sample_21,4,4,4,50,0.634,2.405,0.532,11.223,0.2,0.08,0.28,0.0,6EXZ_short,1.1776366
1006,6,sample_52,5,5,5,50,0.456,5.606,0.583,10.512,0.14,0.24,0.38,0.0,6EXZ_short,2.2359214
1007,7,sample_84,6,6,6,50,0.723,1.869,0.583,8.897,0.54,0.0,0.54,0.0,6EXZ_short,1.4462415
1008,8,sample_97,7,7,7,50,0.378,6.409,0.66,8.542,0.58,0.0,0.58,0.0,6EXZ_short,2.3950458
1009,9,sample_27,8,8,8,50,0.372,7.833,0.598,11.288,0.58,0.0,0.58,0.0,6EXZ_short,2.6307456
1010,10,sample_7,9,9,9,50,0.538,6.039,0.596,13.227,0.58,0.0,0.58,0.0,6EXZ_short,1.1637957
1011,11,sample_29,10,10,10,50,0.726,2.619,0.653,9.464,0.7,0.0,0.7,0.0,6EXZ_short,0.43246588
1012,12,sample_66,11,11,11,50,0.433,4.827,0.533,11.228,0.38,0.0,0.38,0.0,6EXZ_short,2.8437
1013,13,sample_72,82,85,85,50,0.94,0.599,0.894,2.07,0.68,0.0,0.68,0.0,6EXZ_short,0.35063535
1014,14,sample_1,12,12,12,50,0.624,2.783,0.658,6.588,0.2,0.24,0.44,0.0,6EXZ_short,1.6501846
1015,15,sample_80,13,13,13,50,0.86,1.58,0.76,5.917,0.6,0.0,0.6,0.0,6EXZ_short,0.43794057
1016,16,sample_87,14,14,14,50,0.443,3.996,0.781,10.399,0.52,0.0,0.52,0.0,6EXZ_short,0.7663668
1017,17,sample_9,15,15,15,50,0.764,1.527,0.766,5.428,0.62,0.0,0.62,0.0,6EXZ_short,1.4758646
1018,18,sample_2,16,16,16,50,0.504,5.996,0.528,12.563,0.36,0.0,0.36,0.0,6EXZ_short,0.79169357
1019,19,sample_28,82,85,85,50,0.884,0.88,0.813,3.56,0.56,0.0,0.56,0.0,6EXZ_short,0.4497648
1020,20,sample_44,17,17,17,50,0.533,3.209,0.63,11.976,0.56,0.0,0.56,0.0,6EXZ_short,0.9770367
1021,21,sample_92,18,18,18,50,0.844,1.361,0.884,2.471,0.68,0.0,0.68,0.0,6EXZ_short,0.4401111
1022,22,sample_26,19,19,19,50,0.257,8.042,0.523,13.477,0.28,0.0,0.28,0.0,6EXZ_short,2.3184671
1023,23,sample_39,20,20,20,50,0.594,3.292,0.634,8.397,0.3,0.0,0.3,0.0,6EXZ_short,0.9901845
1024,24,sample_94,21,21,21,50,0.776,2.104,0.687,7.455,0.2,0.18,0.38,0.0,6EXZ_short,1.4317775
1025,25,sample_96,22,22,22,50,0.36,6.071,0.679,8.635,0.62,0.0,0.62,0.0,6EXZ_short,2.3411562
1026,26,sample_38,23,23,23,50,0.38,5.048,0.633,10.755,0.46,0.0,0.46,0.0,6EXZ_short,0.78578484
1027,27,sample_3,84,83,83,50,0.85,1.669,0.782,4.186,0.72,0.0,0.72,0.0,6EXZ_short,0.45320553
1028,28,sample_85,83,24,24,50,0.663,2.957,0.813,7.334,0.72,0.0,0.72,0.0,6EXZ_short,0.86150366
1029,29,sample_5,24,25,25,50,0.833,1.343,0.84,3.271,0.62,0.0,0.62,0.0,6EXZ_short,0.38726935
1030,30,sample_49,25,26,26,50,0.57,2.479,0.783,7.087,0.74,0.0,0.74,0.0,6EXZ_short,1.2244117
1031,31,sample_6,26,27,27,50,0.465,4.027,0.663,9.378,0.62,0.0,0.62,0.0,6EXZ_short,3.9761422
1032,32,sample_37,27,28,28,50,0.74,1.61,0.566,9.05,0.28,0.18,0.46,0.0,6EXZ_short,0.9222079
1033,33,sample_11,28,29,29,50,0.536,3.237,0.718,9.557,0.72,0.0,0.72,0.0,6EXZ_short,1.6771212
1034,34,sample_61,82,85,85,50,0.927,0.675,0.864,2.661,0.68,0.0,0.68,0.0,6EXZ_short,0.32496518
1035,35,sample_46,29,30,30,50,0.613,2.467,0.546,10.156,0.5,0.0,0.5,0.0,6EXZ_short,1.0445176
1036,36,sample_98,30,31,31,50,0.896,0.996,0.858,3.057,0.62,0.0,0.62,0.0,6EXZ_short,1.2724626
1037,37,sample_20,31,32,32,50,0.809,1.575,0.756,5.495,0.22,0.28,0.5,0.0,6EXZ_short,1.0228131
1038,38,sample_24,32,33,33,50,0.456,5.634,0.45,14.199,0.12,0.0,0.12,0.0,6EXZ_short,1.3333141
1039,39,sample_54,33,34,34,50,0.433,7.76,0.664,10.668,0.22,0.34,0.56,0.0,6EXZ_short,2.0062206
1040,40,sample_34,34,35,35,50,0.397,7.169,0.527,13.295,0.54,0.0,0.54,0.0,6EXZ_short,2.4712105
1041,41,sample_14,35,36,36,50,0.801,1.302,0.795,3.87,0.62,0.0,0.62,0.0,6EXZ_short,0.81029296
1042,42,sample_75,36,37,37,50,0.837,1.055,0.682,6.686,0.46,0.08,0.54,0.0,6EXZ_short,0.8600313
1043,43,sample_68,37,38,38,50,0.775,1.87,0.774,4.22,0.3,0.1,0.4,0.0,6EXZ_short,0.55735797
1044,44,sample_100,38,39,39,50,0.205,10.956,0.675,12.287,0.34,0.0,0.34,0.0,6EXZ_short,1.5465682
1045,45,sample_73,39,40,40,50,0.463,4.258,0.675,9.844,0.6,0.0,0.6,0.0,6EXZ_short,1.4730203
1046,46,sample_77,40,41,41,50,0.69,2.185,0.656,7.998,0.38,0.0,0.38,0.0,6EXZ_short,1.1952362
1047,47,sample_79,41,42,42,50,0.646,2.523,0.554,10.887,0.18,0.0,0.18,0.0,6EXZ_short,0.9319603
1048,48,sample_65,84,88,88,50,0.65,4.268,0.648,8.664,0.52,0.0,0.52,0.0,6EXZ_short,0.6818293
1049,49,sample_13,42,43,43,50,0.902,0.938,0.823,5.199,0.58,0.0,0.58,0.0,6EXZ_short,0.52581006
1050,50,sample_58,43,44,44,50,0.349,4.874,0.509,12.297,0.42,0.0,0.42,0.0,6EXZ_short,3.1951416
1051,51,sample_93,44,45,45,50,0.505,6.08,0.567,12.2,0.46,0.0,0.46,0.0,6EXZ_short,2.5171108
1052,52,sample_51,45,46,46,50,0.882,1.065,0.834,3.6,0.68,0.0,0.68,0.0,6EXZ_short,0.39806315
1053,53,sample_69,46,47,47,50,0.323,8.489,0.62,13.508,0.56,0.0,0.56,0.0,6EXZ_short,1.3310992
1054,54,sample_32,81,82,82,50,0.522,3.634,0.91,3.386,0.92,0.0,0.92,0.0,6EXZ_short,4.329779
1055,55,sample_60,47,48,48,50,0.724,2.081,0.706,8.028,0.52,0.0,0.52,0.0,6EXZ_short,0.6881817
1056,56,sample_55,48,49,49,50,0.474,4.854,0.57,13.01,0.18,0.0,0.18,0.0,6EXZ_short,1.2136432
1057,57,sample_82,49,50,50,50,0.702,3.718,0.656,10.605,0.52,0.0,0.52,0.0,6EXZ_short,0.7877693
1058,58,sample_43,50,51,51,50,0.52,5.711,0.763,7.318,0.7,0.0,0.7,0.0,6EXZ_short,2.5570807
1059,59,sample_70,51,52,52,50,0.426,4.647,0.647,8.371,0.72,0.0,0.72,0.0,6EXZ_short,2.5009992
1060,60,sample_67,83,84,84,50,0.531,3.927,0.753,6.733,0.82,0.0,0.82,0.0,6EXZ_short,1.5125268
1061,61,sample_90,52,53,53,50,0.759,3.747,0.713,6.857,0.42,0.0,0.42,0.0,6EXZ_short,0.6893555
1062,62,sample_81,81,82,82,50,0.35,9.805,0.902,3.51,0.92,0.0,0.92,0.0,6EXZ_short,4.293668
1063,63,sample_41,53,54,54,50,0.424,6.194,0.678,12.478,0.36,0.0,0.36,0.0,6EXZ_short,0.8209223
1064,64,sample_30,54,55,55,50,0.696,1.814,0.7,7.287,0.6,0.0,0.6,0.0,6EXZ_short,1.1077124
1065,65,sample_23,55,56,56,50,0.835,1.123,0.875,2.178,0.62,0.0,0.62,0.0,6EXZ_short,0.84404254
1066,66,sample_71,84,89,89,50,0.861,1.047,0.759,4.401,0.54,0.0,0.54,0.0,6EXZ_short,0.8381972
1067,67,sample_17,56,57,57,50,0.461,4.991,0.64,10.809,0.5,0.0,0.5,0.0,6EXZ_short,3.1470768
1068,68,sample_59,57,58,58,50,0.501,7.122,0.664,11.31,0.46,0.0,0.46,0.0,6EXZ_short,1.2588664
1069,69,sample_57,58,59,59,50,0.659,2.736,0.647,7.445,0.34,0.0,0.34,0.0,6EXZ_short,2.2846606
1070,70,sample_45,59,60,60,50,0.694,2.172,0.623,8.716,0.26,0.22,0.48,0.0,6EXZ_short,1.6652882
1071,71,sample_35,60,61,61,50,0.589,4.837,0.5,12.627,0.12,0.1,0.22,0.0,6EXZ_short,2.1587813
1072,72,sample_40,61,62,62,50,0.699,3.922,0.762,5.221,0.48,0.0,0.48,0.0,6EXZ_short,1.482077
1073,73,sample_74,84,88,88,50,0.861,1.743,0.783,4.662,0.46,0.0,0.46,0.0,6EXZ_short,0.4406453
1074,74,sample_15,62,63,63,50,0.451,4.76,0.676,10.819,0.48,0.0,0.48,0.0,6EXZ_short,1.1791465
1075,75,sample_19,81,82,82,50,0.335,6.905,0.914,3.302,0.92,0.0,0.92,0.0,6EXZ_short,4.3454504
1076,76,sample_18,63,64,64,50,0.619,2.527,0.708,7.334,0.6,0.0,0.6,0.0,6EXZ_short,0.6551518
1077,77,sample_50,84,83,83,50,0.949,0.534,0.894,2.178,0.7,0.0,0.7,0.0,6EXZ_short,0.45454496
1078,78,sample_64,64,65,65,50,0.508,4.768,0.587,11.126,0.54,0.0,0.54,0.0,6EXZ_short,2.921807
1079,79,sample_12,83,87,87,50,0.75,1.84,0.856,3.083,0.74,0.0,0.74,0.0,6EXZ_short,0.64201117
1080,80,sample_25,83,84,84,50,0.585,4.888,0.785,5.225,0.8,0.0,0.8,0.0,6EXZ_short,1.5951673
1081,81,sample_22,65,66,66,50,0.683,3.071,0.699,8.279,0.12,0.1,0.22,0.0,6EXZ_short,1.8680335
1082,82,sample_31,66,67,67,50,0.632,4.238,0.728,7.663,0.12,0.18,0.3,0.0,6EXZ_short,2.7269893
1083,83,sample_53,67,68,68,50,0.567,2.875,0.613,11.95,0.48,0.0,0.48,0.0,6EXZ_short,2.0216281
1084,84,sample_62,68,69,69,50,0.62,2.611,0.775,5.127,0.6,0.0,0.6,0.0,6EXZ_short,1.3085643
1085,85,sample_48,69,70,70,50,0.564,6.408,0.648,9.968,0.56,0.0,0.56,0.0,6EXZ_short,2.7352576
1086,86,sample_88,70,71,71,50,0.326,9.803,0.765,9.467,0.62,0.0,0.62,0.0,6EXZ_short,2.526566
1087,87,sample_76,71,72,72,50,0.734,1.684,0.711,6.838,0.32,0.34,0.66,0.0,6EXZ_short,0.8645536
1088,88,sample_33,72,73,73,50,0.612,3.43,0.636,9.052,0.7,0.0,0.7,0.0,6EXZ_short,0.72346115
1089,89,sample_56,84,89,89,50,0.782,1.62,0.839,3.496,0.66,0.0,0.66,0.0,6EXZ_short,0.87743926
1090,90,sample_83,83,87,87,50,0.611,4.78,0.802,5.535,0.72,0.0,0.72,0.0,6EXZ_short,0.88478774
1091,91,sample_89,73,74,74,50,0.668,3.203,0.591,9.442,0.46,0.0,0.46,0.0,6EXZ_short,1.3026015
1092,92,sample_91,74,75,75,50,0.412,5.564,0.633,10.988,0.68,0.0,0.68,0.0,6EXZ_short,1.7813629
1093,93,sample_10,75,76,76,50,0.431,4.777,0.609,10.729,0.42,0.0,0.42,0.0,6EXZ_short,1.5013301
1094,94,sample_36,76,77,77,50,0.737,1.504,0.736,12.59,0.7,0.0,0.7,0.0,6EXZ_short,1.1732394
1095,95,sample_47,77,78,78,50,0.569,3.18,0.809,5.096,0.66,0.0,0.66,0.0,6EXZ_short,1.6044873
1096,96,sample_95,84,86,86,50,0.941,0.591,0.77,4.718,0.68,0.0,0.68,0.0,6EXZ_short,0.50470656
1097,97,sample_63,78,79,79,50,0.44,9.159,0.691,10.434,0.48,0.0,0.48,0.0,6EXZ_short,3.3401906
1098,98,sample_4,79,80,80,50,0.514,4.359,0.693,11.153,0.56,0.0,0.56,0.0,6EXZ_short,2.1820817
1099,99,sample_16,80,81,81,50,0.434,4.71,0.705,10.677,0.62,0.0,0.62,0.0,6EXZ_short,1.4019276
1100,0,sample_1,0,0,0,80,0.786,1.91,0.723,6.124,0.65,0.0,0.65,0.0,6EXZ_med,1.7761016
1101,1,sample_10,1,1,1,80,0.487,6.324,0.429,15.937,0.287,0.125,0.412,0.0,6EXZ_med,1.623142
1102,2,sample_100,2,2,2,80,0.556,4.04,0.639,13.891,0.538,0.0,0.538,0.0,6EXZ_med,1.0508426
1103,3,sample_11,3,3,3,80,0.404,9.485,0.541,13.025,0.538,0.0,0.538,0.0,6EXZ_med,0.87630147
1104,4,sample_12,4,4,4,80,0.619,3.364,0.663,8.949,0.65,0.0,0.65,0.0,6EXZ_med,2.3900127
1105,5,sample_13,5,5,5,80,0.547,5.162,0.778,8.109,0.675,0.0,0.675,0.0,6EXZ_med,3.5242896
1106,6,sample_14,6,6,6,80,0.83,1.886,0.812,4.948,0.5,0.0,0.5,0.0,6EXZ_med,0.9777024
1107,7,sample_15,7,7,7,80,0.339,6.889,0.494,13.323,0.425,0.05,0.475,0.0,6EXZ_med,2.2861063
1108,8,sample_16,8,8,8,80,0.65,3.285,0.655,8.833,0.287,0.175,0.462,0.0,6EXZ_med,2.0094132
1109,9,sample_17,9,9,9,80,0.343,10.815,0.47,16.384,0.5,0.0,0.5,0.0,6EXZ_med,1.5581228
1110,10,sample_18,10,10,10,80,0.893,1.196,0.813,4.136,0.213,0.262,0.475,0.0,6EXZ_med,0.7461246
1111,11,sample_19,11,11,11,80,0.708,3.765,0.51,12.735,0.425,0.0,0.425,0.0,6EXZ_med,1.6358896
1112,12,sample_2,12,12,12,80,0.65,2.852,0.682,7.802,0.325,0.175,0.5,0.0,6EXZ_med,0.98337924
1113,13,sample_20,98,98,98,80,0.915,1.032,0.746,7.301,0.75,0.0,0.75,0.0,6EXZ_med,0.8359997
1114,14,sample_21,13,13,13,80,0.397,6.927,0.382,16.612,0.062,0.0,0.062,0.0,6EXZ_med,3.3316798
1115,15,sample_22,14,14,14,80,0.787,2.442,0.709,7.227,0.625,0.0,0.625,0.0,6EXZ_med,2.3084693
1116,16,sample_23,15,15,15,80,0.449,7.634,0.461,14.302,0.0,0.175,0.175,0.0,6EXZ_med,4.281976
1117,17,sample_24,16,16,16,80,0.494,5.157,0.521,13.804,0.55,0.0,0.55,0.0,6EXZ_med,1.3613174
1118,18,sample_25,17,17,17,80,0.567,4.201,0.494,13.044,0.2,0.175,0.375,0.0,6EXZ_med,1.876716
1119,19,sample_26,18,18,18,80,0.732,2.703,0.676,7.741,0.112,0.125,0.237,0.0,6EXZ_med,0.4671393
1120,20,sample_27,19,19,19,80,0.335,9.154,0.544,11.928,0.075,0.112,0.188,0.0,6EXZ_med,1.4616541
1121,21,sample_28,20,20,20,80,0.891,1.206,0.751,5.5,0.538,0.1,0.638,0.0,6EXZ_med,0.71590006
1122,22,sample_29,21,21,21,80,0.784,2.419,0.64,9.122,0.0,0.4,0.4,0.0,6EXZ_med,4.3299165
1123,23,sample_3,22,22,22,80,0.461,6.058,0.422,15.07,0.213,0.062,0.275,0.0,6EXZ_med,2.3691325
1124,24,sample_30,23,23,23,80,0.54,4.209,0.759,6.114,0.575,0.0,0.575,0.0,6EXZ_med,2.2198758
1125,25,sample_31,24,24,24,80,0.752,2.55,0.643,9.128,0.675,0.0,0.675,0.0,6EXZ_med,0.6099206
1126,26,sample_32,25,25,25,80,0.438,8.546,0.395,15.132,0.087,0.062,0.15,0.0,6EXZ_med,1.7549689
1127,27,sample_33,26,26,26,80,0.364,8.6,0.609,12.77,0.363,0.075,0.438,0.0,6EXZ_med,2.0504704
1128,28,sample_34,27,27,27,80,0.717,2.285,0.546,10.971,0.338,0.2,0.538,0.0,6EXZ_med,1.7048303
1129,29,sample_35,28,28,28,80,0.324,7.005,0.483,15.923,0.2,0.0,0.2,0.0,6EXZ_med,1.6896998
1130,30,sample_36,29,29,29,80,0.587,3.675,0.485,13.728,0.25,0.213,0.463,0.0,6EXZ_med,1.5317221
1131,31,sample_37,30,30,30,80,0.503,5.861,0.534,13.054,0.162,0.162,0.325,0.0,6EXZ_med,2.0900464
1132,32,sample_38,31,31,31,80,0.8,1.985,0.803,5.143,0.4,0.225,0.625,0.0,6EXZ_med,2.000704
1133,33,sample_39,32,32,32,80,0.628,3.216,0.638,8.951,0.25,0.125,0.375,0.0,6EXZ_med,1.662735
1134,34,sample_4,33,33,33,80,0.234,11.413,0.409,16.787,0.112,0.062,0.175,0.0,6EXZ_med,3.0123444
1135,35,sample_40,34,34,34,80,0.843,1.585,0.793,4.604,0.562,0.075,0.637,0.0,6EXZ_med,0.6239171
1136,36,sample_41,35,35,35,80,0.648,3.539,0.574,11.92,0.625,0.0,0.625,0.0,6EXZ_med,1.479792
1137,37,sample_42,36,36,36,80,0.682,5.597,0.551,11.402,0.613,0.0,0.613,0.0,6EXZ_med,1.8896846
1138,38,sample_43,37,37,37,80,0.707,2.81,0.642,8.991,0.225,0.2,0.425,0.0,6EXZ_med,1.3203968
1139,39,sample_44,38,38,38,80,0.515,7.608,0.612,11.759,0.637,0.0,0.637,0.0,6EXZ_med,4.0887136
1140,40,sample_45,39,39,39,80,0.483,5.784,0.553,13.728,0.213,0.225,0.438,0.0,6EXZ_med,0.98647285
1141,41,sample_46,40,40,40,80,0.465,5.623,0.473,13.866,0.3,0.125,0.425,0.0,6EXZ_med,1.1314734
1142,42,sample_47,41,41,41,80,0.324,9.901,0.488,13.624,0.175,0.15,0.325,0.0,6EXZ_med,1.1778107
1143,43,sample_48,42,42,42,80,0.655,2.808,0.58,11.732,0.512,0.0,0.512,0.0,6EXZ_med,1.3179463
1144,44,sample_49,43,43,43,80,0.832,1.924,0.657,8.775,0.613,0.0,0.613,0.0,6EXZ_med,1.9913478
1145,45,sample_5,44,44,44,80,0.633,3.665,0.565,10.702,0.688,0.0,0.688,0.0,6EXZ_med,3.0121682
1146,46,sample_50,45,45,45,80,0.878,1.468,0.868,2.892,0.512,0.0,0.512,0.0,6EXZ_med,0.8790996
1147,47,sample_51,46,46,46,80,0.715,2.909,0.742,10.45,0.613,0.0,0.613,0.0,6EXZ_med,2.0342643
1148,48,sample_52,47,47,47,80,0.901,1.261,0.756,6.34,0.688,0.0,0.688,0.0,6EXZ_med,0.28982037
1149,49,sample_53,48,48,48,80,0.275,8.335,0.452,14.913,0.213,0.125,0.338,0.0,6EXZ_med,1.4808003
1150,50,sample_54,49,49,49,80,0.405,9.355,0.453,15.272,0.1,0.087,0.188,0.0,6EXZ_med,2.591005
1151,51,sample_55,50,50,50,80,0.549,3.782,0.52,14.161,0.338,0.0,0.338,0.0,6EXZ_med,1.13241
1152,52,sample_56,51,51,51,80,0.848,1.737,0.653,8.26,0.488,0.0,0.488,0.0,6EXZ_med,1.4288923
1153,53,sample_57,52,52,52,80,0.45,7.409,0.785,7.962,0.75,0.0,0.75,0.0,6EXZ_med,2.006222
1154,54,sample_58,53,53,53,80,0.444,9.698,0.452,15.378,0.3,0.075,0.375,0.0,6EXZ_med,1.181763
1155,55,sample_59,54,54,54,80,0.691,3.623,0.536,11.679,0.412,0.0,0.412,0.0,6EXZ_med,0.82629085
1156,56,sample_6,55,55,55,80,0.817,2.164,0.69,8.976,0.538,0.0,0.538,0.0,6EXZ_med,1.3846343
1157,57,sample_60,56,56,56,80,0.382,7.149,0.517,14.284,0.55,0.0,0.55,0.0,6EXZ_med,1.9457538
1158,58,sample_61,57,57,57,80,0.791,2.162,0.684,9.765,0.712,0.0,0.712,0.0,6EXZ_med,1.2962903
1159,59,sample_62,58,58,58,80,0.661,3.518,0.705,10.167,0.338,0.162,0.5,0.0,6EXZ_med,1.0590332
1160,60,sample_63,59,59,59,80,0.834,1.755,0.678,9.124,0.325,0.287,0.612,0.0,6EXZ_med,2.1986942
1161,61,sample_64,60,60,60,80,0.833,1.885,0.785,5.116,0.162,0.287,0.45,0.0,6EXZ_med,1.6000417
1162,62,sample_65,61,61,61,80,0.597,4.995,0.553,11.895,0.625,0.0,0.625,0.0,6EXZ_med,0.62130344
1163,63,sample_66,62,62,62,80,0.86,1.501,0.673,11.058,0.287,0.275,0.562,0.0,6EXZ_med,1.2111298
1164,64,sample_67,63,63,63,80,0.924,0.956,0.92,2.034,0.712,0.0,0.712,0.0,6EXZ_med,0.93102837
1165,65,sample_68,64,64,64,80,0.764,2.223,0.676,6.789,0.275,0.138,0.413,0.0,6EXZ_med,2.382495
1166,66,sample_69,65,65,65,80,0.768,2.143,0.642,9.202,0.538,0.0,0.538,0.0,6EXZ_med,1.6287385
1167,67,sample_7,66,66,66,80,0.687,3.047,0.56,13.381,0.65,0.0,0.65,0.0,6EXZ_med,0.9053285
1168,68,sample_70,67,67,67,80,0.402,5.862,0.463,14.272,0.213,0.162,0.375,0.0,6EXZ_med,1.1981262
1169,69,sample_71,68,68,68,80,0.414,7.7,0.472,13.519,0.3,0.1,0.4,0.0,6EXZ_med,2.0507145
1170,70,sample_72,69,69,69,80,0.855,1.81,0.858,3.834,0.075,0.175,0.25,0.0,6EXZ_med,1.1995939
1171,71,sample_73,70,70,70,80,0.895,1.239,0.791,5.671,0.75,0.0,0.75,0.0,6EXZ_med,0.67862916
1172,72,sample_74,71,71,71,80,0.314,10.671,0.455,14.969,0.287,0.125,0.412,0.0,6EXZ_med,2.1374707
1173,73,sample_75,72,72,72,80,0.517,4.265,0.665,12.403,0.688,0.0,0.688,0.0,6EXZ_med,0.84348273
1174,74,sample_76,73,73,73,80,0.479,4.694,0.46,14.854,0.2,0.1,0.3,0.0,6EXZ_med,1.7326428
1175,75,sample_77,74,74,74,80,0.483,6.183,0.48,14.026,0.162,0.237,0.4,0.0,6EXZ_med,3.4563289
1176,76,sample_78,75,75,75,80,0.797,1.983,0.675,9.566,0.138,0.2,0.338,0.0,6EXZ_med,1.0044003
1177,77,sample_79,76,76,76,80,0.588,5.085,0.647,10.754,0.675,0.0,0.675,0.0,6EXZ_med,2.873481
1178,78,sample_8,77,77,77,80,0.359,10.222,0.544,14.424,0.488,0.0,0.488,0.0,6EXZ_med,1.0526961
1179,79,sample_80,78,78,78,80,0.295,9.389,0.518,12.961,0.5,0.0,0.5,0.0,6EXZ_med,1.4515172
1180,80,sample_81,79,79,79,80,0.432,9.163,0.682,11.685,0.65,0.0,0.65,0.0,6EXZ_med,3.2113488
1181,81,sample_82,80,80,80,80,0.354,11.062,0.46,14.418,0.138,0.237,0.375,0.0,6EXZ_med,1.3411765
1182,82,sample_83,81,81,81,80,0.335,9.686,0.566,13.216,0.8,0.0,0.8,0.0,6EXZ_med,0.36614376
1183,83,sample_84,82,82,82,80,0.592,4.49,0.536,14.82,0.338,0.0,0.338,0.0,6EXZ_med,2.6615644
1184,84,sample_85,83,83,83,80,0.622,6.718,0.548,13.314,0.387,0.062,0.45,0.0,6EXZ_med,2.4818566
1185,85,sample_86,98,98,98,80,0.842,1.82,0.898,2.907,0.775,0.0,0.775,0.0,6EXZ_med,0.9672394
1186,86,sample_87,84,84,84,80,0.759,2.278,0.685,7.237,0.55,0.0,0.55,0.0,6EXZ_med,0.29996783
1187,87,sample_88,85,85,85,80,0.721,3.024,0.641,8.513,0.562,0.0,0.562,0.0,6EXZ_med,0.741427
1188,88,sample_89,86,86,86,80,0.829,2.34,0.854,4.766,0.762,0.0,0.762,0.0,6EXZ_med,1.8375255
1189,89,sample_9,87,87,87,80,0.456,5.811,0.506,13.846,0.562,0.0,0.562,0.0,6EXZ_med,1.1377493
1190,90,sample_90,88,88,88,80,0.452,7.882,0.504,14.571,0.463,0.0,0.463,0.0,6EXZ_med,1.0089489
1191,91,sample_91,89,89,89,80,0.455,5.477,0.633,12.891,0.562,0.0,0.562,0.0,6EXZ_med,3.1929636
1192,92,sample_92,90,90,90,80,0.775,2.455,0.664,8.025,0.675,0.0,0.675,0.0,6EXZ_med,0.55424887
1193,93,sample_93,91,91,91,80,0.699,3.123,0.585,10.82,0.55,0.0,0.55,0.0,6EXZ_med,2.2605495
1194,94,sample_94,92,92,92,80,0.699,3.454,0.524,13.142,0.087,0.275,0.363,0.0,6EXZ_med,1.432738
1195,95,sample_95,93,93,93,80,0.818,1.629,0.717,6.641,0.65,0.0,0.65,0.0,6EXZ_med,0.9134485
1196,96,sample_96,94,94,94,80,0.917,1.003,0.779,5.0,0.613,0.0,0.613,0.0,6EXZ_med,0.5434255
1197,97,sample_97,95,95,95,80,0.407,5.616,0.378,16.586,0.087,0.175,0.262,0.0,6EXZ_med,1.4286662
1198,98,sample_98,96,96,96,80,0.407,8.537,0.512,13.203,0.587,0.0,0.587,0.0,6EXZ_med,2.288869
1199,99,sample_99,97,97,97,80,0.55,3.871,0.614,13.711,0.562,0.0,0.562,0.0,6EXZ_med,3.7876627
