,index,domain,single_cluster_idx,complete_cluster_idx,average_cluster_idx,seqlen,scTM,scRMSD,pLDDT,pAE,pct_helix,pct_strand,pct_ss,pct_left_helix,task,motifRMSD
0,0,sample_0,0,0,0,72,0.843,1.857,0.713,7.908,0.431,0.167,0.597,0.0,5TPN,0.7922443
1,1,sample_1,1,1,1,62,0.45,4.703,0.508,12.042,0.274,0.065,0.339,0.0,5TPN,3.634406
2,2,sample_10,2,2,2,51,0.696,1.976,0.57,10.066,0.255,0.098,0.353,0.0,5TPN,1.3511553
3,3,sample_11,3,3,3,58,0.251,8.967,0.478,14.951,0.259,0.0,0.259,0.0,5TPN,2.9689312
4,4,sample_12,4,4,4,63,0.619,2.477,0.648,9.299,0.143,0.143,0.286,0.0,5TPN,1.5611877
5,5,sample_13,5,5,5,74,0.426,7.893,0.508,12.387,0.095,0.243,0.338,0.0,5TPN,2.505639
6,6,sample_14,6,6,6,60,0.421,5.946,0.605,13.032,0.4,0.067,0.467,0.0,5TPN,2.779153
7,7,sample_15,7,7,7,70,0.577,3.501,0.649,11.679,0.614,0.0,0.614,0.0,5TPN,2.6349437
8,8,sample_16,8,8,8,58,0.531,3.699,0.628,9.677,0.5,0.0,0.5,0.0,5TPN,2.0321114
9,9,sample_17,9,9,9,63,0.766,2.057,0.835,3.324,0.651,0.0,0.651,0.0,5TPN,1.9276445
10,10,sample_18,10,10,10,66,0.511,4.566,0.634,13.424,0.379,0.076,0.455,0.0,5TPN,1.7828169
11,11,sample_19,11,11,11,61,0.875,1.44,0.717,5.733,0.377,0.213,0.59,0.0,5TPN,1.9797229
12,12,sample_2,94,94,94,74,0.896,1.405,0.78,5.606,0.162,0.257,0.419,0.0,5TPN,1.2021471
13,13,sample_20,12,12,12,64,0.724,3.738,0.622,9.113,0.438,0.094,0.531,0.0,5TPN,1.1043737
14,14,sample_21,13,13,13,61,0.535,3.815,0.681,10.437,0.574,0.0,0.574,0.0,5TPN,1.8952117
15,15,sample_22,14,14,14,67,0.589,3.21,0.551,13.551,0.284,0.164,0.448,0.0,5TPN,2.8885279
16,16,sample_23,15,15,15,72,0.836,1.492,0.837,4.447,0.611,0.0,0.611,0.0,5TPN,1.5522803
17,17,sample_24,16,16,16,62,0.598,4.224,0.549,10.526,0.161,0.258,0.419,0.0,5TPN,2.6259365
18,18,sample_25,17,17,17,60,0.736,1.916,0.831,4.202,0.767,0.0,0.767,0.0,5TPN,1.7388992
19,19,sample_26,18,18,18,72,0.655,2.616,0.6,11.157,0.25,0.194,0.444,0.0,5TPN,1.4408325
20,20,sample_27,19,19,19,68,0.385,8.061,0.767,7.933,0.691,0.0,0.691,0.0,5TPN,2.764193
21,21,sample_28,20,20,20,71,0.496,5.191,0.748,6.613,0.62,0.0,0.62,0.0,5TPN,2.3355975
22,22,sample_29,21,21,21,75,0.647,2.992,0.561,11.244,0.24,0.32,0.56,0.0,5TPN,2.2446742
23,23,sample_3,22,22,22,66,0.803,1.873,0.656,8.493,0.288,0.0,0.288,0.0,5TPN,0.71501875
24,24,sample_30,23,23,23,69,0.333,6.191,0.454,15.787,0.319,0.116,0.435,0.0,5TPN,2.315104
25,25,sample_31,24,24,24,62,0.466,8.588,0.676,9.865,0.677,0.0,0.677,0.0,5TPN,5.965638
26,26,sample_32,25,25,25,74,0.465,5.559,0.742,12.405,0.716,0.0,0.716,0.0,5TPN,2.8252413
27,27,sample_33,26,26,26,53,0.55,3.783,0.535,11.176,0.189,0.075,0.264,0.0,5TPN,1.1243594
28,28,sample_34,27,27,27,59,0.588,2.735,0.675,7.475,0.237,0.186,0.424,0.0,5TPN,1.5480806
29,29,sample_35,28,28,28,71,0.714,2.302,0.542,10.173,0.183,0.183,0.366,0.0,5TPN,1.7642103
30,30,sample_36,29,29,29,66,0.44,4.461,0.519,11.462,0.318,0.061,0.379,0.0,5TPN,2.2699494
31,31,sample_37,96,96,96,75,0.904,1.534,0.76,5.724,0.4,0.16,0.56,0.0,5TPN,1.1349325
32,32,sample_38,30,30,30,67,0.443,5.906,0.56,11.334,0.612,0.0,0.612,0.0,5TPN,2.0116456
33,33,sample_39,31,31,31,53,0.429,5.998,0.563,11.022,0.226,0.094,0.321,0.0,5TPN,2.632556
34,34,sample_4,32,32,32,72,0.449,11.114,0.672,12.127,0.75,0.0,0.75,0.0,5TPN,3.049121
35,35,sample_40,33,33,33,72,0.861,1.432,0.868,3.039,0.528,0.139,0.667,0.0,5TPN,1.722991
36,36,sample_41,34,34,34,68,0.735,2.23,0.679,10.1,0.515,0.0,0.515,0.0,5TPN,1.0949676
37,37,sample_42,35,35,35,65,0.318,7.55,0.466,15.357,0.292,0.0,0.292,0.0,5TPN,3.4149446
38,38,sample_43,36,36,36,61,0.582,5.705,0.645,14.077,0.557,0.0,0.557,0.0,5TPN,2.1867828
39,39,sample_44,37,37,37,73,0.937,0.829,0.819,3.831,0.438,0.151,0.589,0.0,5TPN,1.0182962
40,40,sample_45,38,38,38,69,0.421,6.175,0.572,16.707,0.435,0.0,0.435,0.0,5TPN,2.369586
41,41,sample_46,39,39,39,72,0.758,2.263,0.602,9.471,0.278,0.0,0.278,0.0,5TPN,1.1222434
42,42,sample_47,40,40,40,60,0.594,3.53,0.603,9.169,0.167,0.133,0.3,0.0,5TPN,1.4357564
43,43,sample_48,96,96,96,71,0.783,2.042,0.651,8.903,0.211,0.169,0.38,0.0,5TPN,0.98739743
44,44,sample_49,41,41,41,67,0.739,2.346,0.824,4.538,0.642,0.0,0.642,0.0,5TPN,1.4733677
45,45,sample_5,42,42,42,57,0.794,1.48,0.746,5.788,0.351,0.088,0.439,0.0,5TPN,1.7264951
46,46,sample_50,43,43,43,54,0.703,3.495,0.69,7.787,0.185,0.259,0.444,0.0,5TPN,0.5773097
47,47,sample_51,95,95,95,66,0.701,2.735,0.728,7.067,0.242,0.152,0.394,0.0,5TPN,1.3365418
48,48,sample_52,44,44,44,60,0.501,4.364,0.586,10.906,0.267,0.2,0.467,0.0,5TPN,3.2994678
49,49,sample_53,45,45,45,67,0.834,1.87,0.78,5.318,0.478,0.06,0.537,0.0,5TPN,0.9980842
50,50,sample_54,46,46,46,63,0.482,4.97,0.688,12.48,0.714,0.0,0.714,0.0,5TPN,3.9029346
51,51,sample_55,47,47,47,53,0.631,4.568,0.621,9.77,0.151,0.075,0.226,0.0,5TPN,0.8706399
52,52,sample_56,48,48,48,69,0.396,7.776,0.533,11.813,0.406,0.058,0.464,0.0,5TPN,2.3694026
53,53,sample_57,49,49,49,72,0.386,10.512,0.579,16.989,0.472,0.0,0.472,0.0,5TPN,4.939247
54,54,sample_58,50,50,50,66,0.368,6.944,0.43,15.389,0.136,0.0,0.136,0.0,5TPN,1.5865122
55,55,sample_59,51,51,51,73,0.669,2.362,0.753,5.128,0.603,0.0,0.603,0.0,5TPN,1.7472988
56,56,sample_6,52,52,52,51,0.77,1.401,0.598,8.498,0.255,0.137,0.392,0.0,5TPN,1.3619328
57,57,sample_60,53,53,53,58,0.447,6.026,0.648,11.108,0.379,0.0,0.379,0.0,5TPN,2.7656248
58,58,sample_61,54,54,54,62,0.493,9.12,0.64,16.739,0.452,0.0,0.452,0.0,5TPN,4.9892507
59,59,sample_62,55,55,55,73,0.853,1.345,0.782,6.006,0.589,0.068,0.658,0.0,5TPN,1.0007762
60,60,sample_63,56,56,56,61,0.517,3.325,0.518,11.411,0.295,0.0,0.295,0.0,5TPN,1.7019216
61,61,sample_64,57,57,57,67,0.589,4.318,0.511,11.679,0.239,0.134,0.373,0.0,5TPN,1.5371113
62,62,sample_65,94,94,94,73,0.406,6.801,0.561,9.82,0.205,0.397,0.603,0.0,5TPN,1.666131
63,63,sample_66,58,58,58,56,0.854,1.632,0.817,4.532,0.661,0.0,0.661,0.0,5TPN,1.2491028
64,64,sample_67,59,59,59,60,0.391,6.98,0.637,11.253,0.583,0.0,0.583,0.0,5TPN,2.4075105
65,65,sample_68,60,60,60,65,0.82,1.756,0.703,6.451,0.677,0.0,0.677,0.0,5TPN,1.6468271
66,66,sample_69,61,61,61,59,0.448,4.101,0.637,16.642,0.441,0.136,0.576,0.0,5TPN,2.632734
67,67,sample_7,62,62,62,72,0.397,7.903,0.55,14.238,0.431,0.0,0.431,0.0,5TPN,2.4351027
68,68,sample_70,63,63,63,67,0.573,5.67,0.568,13.805,0.299,0.164,0.463,0.0,5TPN,1.7357912
69,69,sample_71,64,64,64,64,0.46,7.065,0.549,9.674,0.234,0.188,0.422,0.0,5TPN,1.6110826
70,70,sample_72,65,65,65,68,0.646,3.753,0.664,7.351,0.294,0.088,0.382,0.0,5TPN,2.7624638
71,71,sample_73,66,66,66,55,0.6,2.318,0.456,15.165,0.273,0.091,0.364,0.0,5TPN,2.2307467
72,72,sample_74,67,67,67,53,0.729,2.427,0.782,5.054,0.189,0.094,0.283,0.0,5TPN,1.6298047
73,73,sample_75,68,68,68,65,0.454,5.202,0.79,6.205,0.569,0.0,0.569,0.0,5TPN,1.9318236
74,74,sample_76,69,69,69,65,0.475,4.0,0.642,10.772,0.431,0.154,0.585,0.0,5TPN,1.9815634
75,75,sample_77,70,70,70,60,0.682,4.018,0.727,7.102,0.367,0.2,0.567,0.0,5TPN,1.856583
76,76,sample_78,71,71,71,60,0.81,1.395,0.646,10.277,0.333,0.217,0.55,0.0,5TPN,1.2126286
77,77,sample_79,72,72,72,67,0.803,2.079,0.736,6.695,0.672,0.0,0.672,0.0,5TPN,2.1006906
78,78,sample_8,73,73,73,65,0.412,6.503,0.601,10.767,0.292,0.154,0.446,0.0,5TPN,3.5694077
79,79,sample_80,74,74,74,56,0.786,1.374,0.717,5.614,0.304,0.286,0.589,0.0,5TPN,1.2997991
80,80,sample_81,75,75,75,73,0.555,5.648,0.7,13.498,0.726,0.0,0.726,0.0,5TPN,3.3159359
81,81,sample_82,76,76,76,73,0.679,2.487,0.604,11.164,0.438,0.055,0.493,0.0,5TPN,1.3484302
82,82,sample_83,77,77,77,64,0.713,3.735,0.628,9.437,0.125,0.188,0.312,0.0,5TPN,0.865467
83,83,sample_84,78,78,78,73,0.751,3.679,0.649,9.598,0.205,0.247,0.452,0.0,5TPN,1.658816
84,84,sample_85,79,79,79,71,0.247,9.874,0.425,16.176,0.141,0.099,0.239,0.0,5TPN,3.7098665
85,85,sample_86,80,80,80,53,0.641,3.345,0.619,10.21,0.17,0.189,0.358,0.0,5TPN,1.6344007
86,86,sample_87,81,81,81,62,0.628,3.412,0.648,8.524,0.323,0.306,0.629,0.0,5TPN,0.93096447
87,87,sample_88,82,82,82,73,0.589,3.332,0.529,12.606,0.288,0.055,0.342,0.0,5TPN,2.7992117
88,88,sample_89,83,83,83,73,0.798,1.912,0.653,10.319,0.233,0.274,0.507,0.0,5TPN,1.1581815
89,89,sample_9,84,84,84,59,0.618,3.191,0.662,8.862,0.593,0.0,0.593,0.0,5TPN,2.0085013
90,90,sample_90,85,85,85,65,0.361,5.337,0.563,12.091,0.292,0.0,0.292,0.0,5TPN,1.6507776
91,91,sample_91,86,86,86,55,0.409,6.567,0.613,11.782,0.527,0.0,0.527,0.0,5TPN,3.9818566
92,92,sample_92,95,95,95,54,0.73,1.625,0.684,6.65,0.204,0.148,0.352,0.0,5TPN,1.1257198
93,93,sample_93,87,87,87,56,0.679,2.098,0.58,8.846,0.268,0.179,0.446,0.0,5TPN,2.0150325
94,94,sample_94,88,88,88,68,0.387,8.439,0.662,10.725,0.691,0.0,0.691,0.0,5TPN,4.3018513
95,95,sample_95,89,89,89,65,0.397,6.765,0.501,13.002,0.446,0.062,0.508,0.0,5TPN,3.0093503
96,96,sample_96,90,90,90,61,0.748,2.105,0.578,10.615,0.443,0.0,0.443,0.0,5TPN,1.8428947
97,97,sample_97,91,91,91,70,0.324,8.439,0.552,13.537,0.543,0.0,0.543,0.0,5TPN,3.4234324
98,98,sample_98,92,92,92,64,0.375,5.702,0.463,13.436,0.125,0.156,0.281,0.0,5TPN,5.0816884
99,99,sample_99,93,93,93,68,0.608,2.875,0.641,9.504,0.191,0.235,0.426,0.0,5TPN,1.6120776
100,0,sample_0,30,46,46,59,0.833,1.562,0.75,7.518,0.712,0.0,0.712,0.0,3IXT,0.4188397
101,1,sample_1,30,59,47,56,0.782,1.998,0.865,2.887,0.839,0.0,0.839,0.0,3IXT,0.4668369
102,2,sample_10,30,56,41,63,0.951,0.648,0.927,1.708,0.762,0.0,0.762,0.0,3IXT,0.45890984
103,3,sample_11,30,54,44,70,0.807,2.291,0.755,7.893,0.657,0.0,0.657,0.0,3IXT,0.44900742
104,4,sample_12,30,47,46,62,0.879,1.632,0.892,2.503,0.79,0.0,0.79,0.0,3IXT,0.5135129
105,5,sample_13,30,42,39,75,0.871,1.379,0.876,2.594,0.653,0.0,0.653,0.0,3IXT,0.5571761
106,6,sample_14,30,41,51,66,0.902,1.073,0.886,4.445,0.803,0.0,0.803,0.0,3IXT,0.38048255
107,7,sample_15,0,0,0,53,0.952,0.541,0.889,2.351,0.642,0.0,0.642,0.0,3IXT,0.3331883
108,8,sample_16,1,1,1,62,0.805,4.458,0.786,5.107,0.468,0.0,0.468,0.0,3IXT,0.5503585
109,9,sample_17,30,60,52,60,0.797,1.587,0.892,2.234,0.667,0.0,0.667,0.0,3IXT,0.6224051
110,10,sample_18,30,50,47,50,0.925,0.663,0.886,2.244,0.82,0.0,0.82,0.0,3IXT,0.47443804
111,11,sample_19,30,56,41,68,0.846,1.414,0.904,2.026,0.721,0.0,0.721,0.0,3IXT,0.5746275
112,12,sample_2,30,53,49,55,0.957,0.556,0.903,2.276,0.764,0.0,0.764,0.0,3IXT,0.32321656
113,13,sample_20,30,2,51,58,0.836,1.792,0.723,7.402,0.569,0.0,0.569,0.0,3IXT,0.4553634
114,14,sample_21,2,3,2,64,0.811,1.458,0.702,7.093,0.281,0.141,0.422,0.0,3IXT,0.46002883
115,15,sample_22,30,48,41,65,0.764,2.133,0.843,3.769,0.754,0.0,0.754,0.0,3IXT,0.52162135
116,16,sample_23,30,54,44,73,0.936,0.814,0.85,3.202,0.699,0.0,0.699,0.0,3IXT,0.43397117
117,17,sample_24,30,56,41,62,0.919,0.835,0.909,2.169,0.79,0.0,0.79,0.0,3IXT,0.6829966
118,18,sample_25,3,4,3,72,0.896,1.127,0.884,2.94,0.792,0.0,0.792,0.0,3IXT,0.53784484
119,19,sample_26,30,5,4,72,0.845,1.414,0.793,4.151,0.667,0.0,0.667,0.0,3IXT,0.44017026
120,20,sample_27,30,61,53,69,0.873,2.661,0.801,4.675,0.681,0.0,0.681,0.0,3IXT,0.4998649
121,21,sample_28,30,50,47,52,0.759,3.66,0.802,5.804,0.769,0.0,0.769,0.0,3IXT,0.43605348
122,22,sample_29,30,6,5,68,0.949,0.702,0.915,2.247,0.676,0.0,0.676,0.0,3IXT,0.47709882
123,23,sample_3,30,49,40,72,0.616,2.983,0.831,3.712,0.694,0.0,0.694,0.0,3IXT,0.33556494
124,24,sample_30,30,44,42,60,0.925,0.833,0.868,3.538,0.7,0.0,0.7,0.0,3IXT,0.38042483
125,25,sample_31,30,49,40,62,0.859,1.17,0.887,2.131,0.613,0.0,0.613,0.0,3IXT,0.5731729
126,26,sample_32,30,51,43,58,0.696,2.325,0.722,6.035,0.483,0.0,0.483,0.0,3IXT,0.50141793
127,27,sample_33,30,62,54,70,0.908,1.011,0.783,5.905,0.643,0.0,0.643,0.0,3IXT,0.4058623
128,28,sample_34,30,7,47,60,0.922,0.781,0.901,2.095,0.767,0.0,0.767,0.0,3IXT,0.5667336
129,29,sample_35,30,43,47,59,0.801,1.901,0.836,5.044,0.695,0.0,0.695,0.0,3IXT,0.46114638
130,30,sample_36,30,50,47,55,0.932,0.691,0.889,2.474,0.836,0.0,0.836,0.0,3IXT,0.42691797
131,31,sample_37,30,60,52,58,0.569,5.575,0.74,9.535,0.603,0.0,0.603,0.0,3IXT,0.4852188
132,32,sample_38,4,8,6,72,0.708,4.748,0.755,7.738,0.542,0.0,0.542,0.0,3IXT,0.6559073
133,33,sample_39,30,48,41,64,0.921,0.832,0.92,2.094,0.75,0.0,0.75,0.0,3IXT,0.3659536
134,34,sample_4,30,47,46,69,0.876,1.924,0.898,2.826,0.768,0.0,0.768,0.0,3IXT,0.44854322
135,35,sample_40,30,9,7,55,0.766,2.411,0.775,6.938,0.545,0.0,0.545,0.0,3IXT,0.44302854
136,36,sample_41,30,10,8,71,0.915,0.95,0.91,2.275,0.789,0.0,0.789,0.0,3IXT,0.54982
137,37,sample_42,30,47,46,70,0.839,3.049,0.823,4.452,0.714,0.0,0.714,0.0,3IXT,0.3744873
138,38,sample_43,5,11,9,68,0.954,0.663,0.863,2.595,0.691,0.0,0.691,0.0,3IXT,0.43477488
139,39,sample_44,30,44,42,63,0.946,0.776,0.92,2.007,0.73,0.0,0.73,0.0,3IXT,0.35733962
140,40,sample_45,30,53,49,59,0.853,2.004,0.859,4.226,0.644,0.0,0.644,0.0,3IXT,0.5630943
141,41,sample_46,30,51,43,51,0.734,2.422,0.74,5.604,0.51,0.0,0.51,0.0,3IXT,0.3739326
142,42,sample_47,6,12,10,67,0.836,1.37,0.827,3.605,0.403,0.224,0.627,0.0,3IXT,0.5816493
143,43,sample_48,7,13,11,57,0.776,2.631,0.826,5.863,0.649,0.0,0.649,0.0,3IXT,0.32378098
144,44,sample_49,30,43,47,59,0.758,3.613,0.785,6.714,0.627,0.0,0.627,0.0,3IXT,0.37951958
145,45,sample_5,30,14,12,66,0.812,2.564,0.776,5.854,0.758,0.0,0.758,0.0,3IXT,0.3925948
146,46,sample_50,30,50,47,51,0.872,1.508,0.895,2.552,0.824,0.0,0.824,0.0,3IXT,0.52317566
147,47,sample_51,30,52,49,59,0.96,0.532,0.893,2.212,0.644,0.0,0.644,0.0,3IXT,0.5169441
148,48,sample_52,30,55,45,62,0.923,0.819,0.907,1.972,0.726,0.0,0.726,0.0,3IXT,0.34628445
149,49,sample_53,30,55,45,62,0.929,0.825,0.825,3.276,0.661,0.0,0.661,0.0,3IXT,0.3758737
150,50,sample_54,30,59,47,61,0.701,3.003,0.841,5.503,0.836,0.0,0.836,0.0,3IXT,0.47322476
151,51,sample_55,30,57,48,71,0.961,0.632,0.893,2.081,0.704,0.0,0.704,0.0,3IXT,0.36675242
152,52,sample_56,30,15,13,67,0.629,4.609,0.685,10.232,0.507,0.0,0.507,0.0,3IXT,0.5052687
153,53,sample_57,30,57,48,72,0.867,1.374,0.797,6.195,0.736,0.0,0.736,0.0,3IXT,0.37926653
154,54,sample_58,8,16,14,67,0.659,4.463,0.788,5.629,0.791,0.0,0.791,0.0,3IXT,0.4540929
155,55,sample_59,9,17,15,73,0.887,1.207,0.774,4.765,0.671,0.0,0.671,0.0,3IXT,0.39744604
156,56,sample_6,10,18,16,68,0.91,1.047,0.708,6.654,0.324,0.221,0.544,0.0,3IXT,0.649791
157,57,sample_60,11,19,17,74,0.915,0.943,0.839,4.923,0.797,0.0,0.797,0.0,3IXT,0.46122387
158,58,sample_61,12,20,18,71,0.928,1.035,0.902,2.451,0.704,0.0,0.704,0.0,3IXT,0.42053527
159,59,sample_62,30,46,46,58,0.837,1.449,0.922,2.362,0.759,0.0,0.759,0.0,3IXT,0.4727553
160,60,sample_63,30,45,42,67,0.883,1.318,0.851,3.794,0.672,0.0,0.672,0.0,3IXT,0.49344516
161,61,sample_64,30,42,39,73,0.948,0.746,0.894,2.54,0.685,0.0,0.685,0.0,3IXT,0.4893472
162,62,sample_65,13,21,19,72,0.756,2.562,0.829,4.911,0.556,0.0,0.556,0.0,3IXT,0.3955976
163,63,sample_66,14,22,20,71,0.904,1.131,0.771,6.097,0.437,0.127,0.563,0.0,3IXT,0.3131896
164,64,sample_67,30,62,54,66,0.783,2.719,0.696,8.733,0.561,0.0,0.561,0.0,3IXT,0.33441725
165,65,sample_68,15,23,21,68,0.765,3.25,0.733,8.193,0.588,0.0,0.588,0.0,3IXT,0.42734867
166,66,sample_69,16,24,22,65,0.825,2.485,0.867,4.366,0.754,0.0,0.754,0.0,3IXT,0.5302352
167,67,sample_7,17,25,23,52,0.392,6.109,0.767,11.059,0.654,0.0,0.654,0.0,3IXT,4.5395865
168,68,sample_70,18,26,24,71,0.646,3.772,0.675,11.111,0.634,0.0,0.634,0.0,3IXT,0.39764354
169,69,sample_71,19,27,25,70,0.47,8.447,0.667,13.989,0.514,0.114,0.629,0.0,3IXT,4.2223706
170,70,sample_72,20,28,26,69,0.747,4.995,0.839,6.337,0.681,0.0,0.681,0.0,3IXT,0.34978387
171,71,sample_73,30,44,42,68,0.88,1.708,0.855,3.579,0.779,0.0,0.779,0.0,3IXT,0.5240912
172,72,sample_74,30,52,42,60,0.942,0.683,0.887,2.541,0.667,0.0,0.667,0.0,3IXT,0.39263684
173,73,sample_75,30,29,27,60,0.697,4.57,0.77,5.124,0.65,0.0,0.65,0.0,3IXT,0.70757246
174,74,sample_76,21,30,28,59,0.728,1.953,0.852,3.666,0.712,0.0,0.712,0.0,3IXT,0.49385813
175,75,sample_77,30,56,41,63,0.856,1.235,0.812,4.34,0.794,0.0,0.794,0.0,3IXT,0.55530363
176,76,sample_78,22,31,29,63,0.895,1.296,0.847,4.167,0.556,0.0,0.556,0.0,3IXT,0.3716307
177,77,sample_79,30,32,30,73,0.886,1.571,0.84,4.873,0.781,0.0,0.781,0.0,3IXT,0.49581987
178,78,sample_8,30,45,42,54,0.795,1.414,0.745,4.88,0.611,0.0,0.611,0.0,3IXT,0.45231596
179,79,sample_80,30,41,51,59,0.861,1.166,0.867,2.99,0.814,0.0,0.814,0.0,3IXT,0.6030527
180,80,sample_81,23,33,31,70,0.72,2.425,0.716,7.482,0.543,0.0,0.543,0.0,3IXT,0.59444535
181,81,sample_82,24,34,32,75,0.899,1.351,0.86,3.382,0.667,0.0,0.667,0.0,3IXT,0.71279186
182,82,sample_83,30,44,42,61,0.859,1.388,0.83,3.446,0.754,0.0,0.754,0.0,3IXT,0.44361168
183,83,sample_84,30,61,53,62,0.896,1.004,0.851,3.383,0.726,0.0,0.726,0.0,3IXT,0.51467764
184,84,sample_85,30,50,47,53,0.913,0.798,0.889,2.652,0.679,0.075,0.755,0.0,3IXT,0.33802894
185,85,sample_86,25,35,33,71,0.644,7.42,0.693,9.991,0.493,0.0,0.493,0.0,3IXT,0.65780175
186,86,sample_87,30,57,48,68,0.938,0.753,0.787,8.29,0.691,0.0,0.691,0.0,3IXT,0.38709074
187,87,sample_88,30,36,34,63,0.808,3.698,0.694,9.583,0.54,0.0,0.54,0.0,3IXT,0.38986096
188,88,sample_89,30,56,41,68,0.838,1.529,0.861,3.723,0.691,0.0,0.691,0.0,3IXT,0.596483
189,89,sample_9,26,37,35,73,0.892,1.224,0.852,3.687,0.658,0.0,0.658,0.0,3IXT,0.4545223
190,90,sample_90,27,38,36,74,0.948,0.761,0.913,1.925,0.703,0.0,0.703,0.0,3IXT,0.46606594
191,91,sample_91,29,58,50,72,0.93,0.887,0.737,10.217,0.583,0.0,0.583,0.0,3IXT,0.35884467
192,92,sample_92,30,50,47,54,0.617,2.792,0.794,6.376,0.796,0.0,0.796,0.0,3IXT,0.524392
193,93,sample_93,30,39,37,61,0.909,1.171,0.858,3.565,0.77,0.0,0.77,0.0,3IXT,0.47669956
194,94,sample_94,28,40,38,75,0.875,1.318,0.786,10.294,0.747,0.0,0.747,0.0,3IXT,0.43478385
195,95,sample_95,30,43,47,64,0.761,1.701,0.9,2.96,0.828,0.0,0.828,0.0,3IXT,0.41591948
196,96,sample_96,30,59,47,55,0.863,2.309,0.849,4.062,0.691,0.0,0.691,0.0,3IXT,0.33623165
197,97,sample_97,29,58,50,70,0.927,0.957,0.834,4.726,0.657,0.0,0.657,0.0,3IXT,0.33768624
198,98,sample_98,30,52,42,60,0.923,0.984,0.873,2.886,0.783,0.0,0.783,0.0,3IXT,0.39385942
199,99,sample_99,30,45,42,65,0.879,1.45,0.789,5.584,0.631,0.0,0.631,0.0,3IXT,0.46399823
200,0,sample_0,0,0,0,67,0.635,3.27,0.627,10.632,0.224,0.209,0.433,0.0,1YCR,1.5945793
201,1,sample_1,1,1,1,53,0.619,4.398,0.825,5.51,0.717,0.0,0.717,0.0,1YCR,1.013348
202,2,sample_10,2,2,2,72,0.929,0.862,0.769,4.883,0.403,0.194,0.597,0.0,1YCR,0.27859956
203,3,sample_11,3,3,3,56,0.824,1.83,0.771,5.963,0.696,0.0,0.696,0.0,1YCR,0.6733645
204,4,sample_12,4,4,4,68,0.867,1.457,0.677,8.136,0.632,0.0,0.632,0.0,1YCR,1.1645516
205,5,sample_13,5,5,5,81,0.803,1.829,0.817,4.218,0.519,0.0,0.519,0.0,1YCR,0.8501468
206,6,sample_14,94,96,96,68,0.765,1.92,0.847,5.784,0.868,0.0,0.868,0.0,1YCR,1.2069142
207,7,sample_15,6,6,6,64,0.84,1.36,0.81,4.403,0.641,0.0,0.641,0.0,1YCR,1.2264107
208,8,sample_16,7,7,7,61,0.311,8.736,0.487,13.901,0.197,0.066,0.262,0.0,1YCR,2.1254344
209,9,sample_17,8,8,8,78,0.862,1.493,0.825,4.024,0.718,0.0,0.718,0.0,1YCR,0.6033423
210,10,sample_18,9,9,9,87,0.93,0.95,0.839,4.048,0.207,0.299,0.506,0.0,1YCR,0.62842935
211,11,sample_19,10,10,10,61,0.874,1.051,0.851,3.383,0.574,0.0,0.574,0.0,1YCR,0.48099223
212,12,sample_2,95,97,95,74,0.819,1.721,0.843,3.859,0.77,0.0,0.77,0.0,1YCR,1.2825452
213,13,sample_20,11,11,11,54,0.367,7.476,0.631,10.792,0.722,0.0,0.722,0.0,1YCR,1.2985622
214,14,sample_21,12,12,12,74,0.362,6.505,0.464,16.889,0.27,0.0,0.27,0.0,1YCR,1.268007
215,15,sample_22,13,13,13,74,0.926,1.221,0.868,3.128,0.568,0.0,0.568,0.0,1YCR,0.49899125
216,16,sample_23,14,14,14,55,0.62,3.794,0.496,14.025,0.091,0.291,0.382,0.0,1YCR,0.7361483
217,17,sample_24,15,15,15,41,0.522,3.29,0.728,6.786,0.707,0.0,0.707,0.0,1YCR,0.87900513
218,18,sample_25,16,16,16,51,0.646,4.237,0.615,8.548,0.51,0.0,0.51,0.0,1YCR,0.91897845
219,19,sample_26,17,17,17,61,0.443,7.322,0.749,9.137,0.656,0.0,0.656,0.0,1YCR,1.224154
220,20,sample_27,18,18,18,45,0.381,5.144,0.612,9.641,0.244,0.0,0.244,0.0,1YCR,0.8773429
221,21,sample_28,19,19,19,59,0.903,0.939,0.831,4.195,0.186,0.373,0.559,0.0,1YCR,0.5715093
222,22,sample_29,20,20,20,46,0.544,4.68,0.759,8.428,0.5,0.0,0.5,0.0,1YCR,0.5968565
223,23,sample_3,21,21,21,80,0.825,1.919,0.733,6.451,0.125,0.363,0.488,0.0,1YCR,0.53417695
224,24,sample_30,22,22,22,63,0.724,1.958,0.728,5.689,0.667,0.0,0.667,0.0,1YCR,1.2338681
225,25,sample_31,23,23,23,53,0.337,10.4,0.682,12.738,0.566,0.0,0.566,0.0,1YCR,1.3046007
226,26,sample_32,24,24,24,69,0.545,3.536,0.763,10.096,0.841,0.0,0.841,0.0,1YCR,1.3241454
227,27,sample_33,25,25,25,71,0.55,5.249,0.541,10.891,0.239,0.056,0.296,0.0,1YCR,0.79288805
228,28,sample_34,26,26,26,60,0.641,5.088,0.736,10.783,0.55,0.0,0.55,0.0,1YCR,0.8170006
229,29,sample_35,27,27,27,50,0.311,7.58,0.744,7.268,0.84,0.0,0.84,0.0,1YCR,1.4008225
230,30,sample_36,28,28,28,80,0.626,5.041,0.514,14.307,0.613,0.0,0.613,0.0,1YCR,1.4711595
231,31,sample_37,29,29,29,62,0.67,7.459,0.726,10.63,0.484,0.0,0.484,0.0,1YCR,0.5504746
232,32,sample_38,94,30,30,59,0.59,3.975,0.784,6.167,0.678,0.0,0.678,0.0,1YCR,0.65285534
233,33,sample_39,30,31,31,54,0.281,9.285,0.531,11.792,0.352,0.0,0.352,0.0,1YCR,1.4575809
234,34,sample_4,31,32,32,57,0.86,1.728,0.764,5.156,0.596,0.0,0.596,0.0,1YCR,0.436648
235,35,sample_40,32,33,33,64,0.821,1.648,0.713,6.032,0.281,0.172,0.453,0.0,1YCR,1.3491614
236,36,sample_41,33,34,34,68,0.839,1.648,0.686,8.235,0.147,0.309,0.456,0.0,1YCR,2.920296
237,37,sample_42,34,35,35,76,0.775,2.786,0.712,7.676,0.303,0.171,0.474,0.0,1YCR,0.6167911
238,38,sample_43,35,36,36,86,0.779,2.548,0.645,9.668,0.709,0.0,0.709,0.0,1YCR,1.3268367
239,39,sample_44,36,37,37,75,0.851,2.27,0.819,4.681,0.533,0.0,0.533,0.0,1YCR,0.56303114
240,40,sample_45,94,38,96,66,0.719,2.356,0.803,9.646,0.833,0.0,0.833,0.0,1YCR,1.1628507
241,41,sample_46,37,39,38,76,0.809,2.068,0.823,4.142,0.263,0.224,0.487,0.0,1YCR,0.85086715
242,42,sample_47,38,40,39,42,0.811,1.089,0.781,5.494,0.167,0.262,0.429,0.0,1YCR,0.47774374
243,43,sample_48,39,41,40,59,0.642,2.524,0.641,8.835,0.78,0.0,0.78,0.0,1YCR,1.0827363
244,44,sample_49,40,42,41,54,0.726,1.923,0.598,10.298,0.296,0.111,0.407,0.0,1YCR,0.34211403
245,45,sample_5,41,43,42,66,0.394,8.99,0.666,12.393,0.803,0.0,0.803,0.0,1YCR,1.2717788
246,46,sample_50,42,44,43,44,0.519,2.17,0.792,7.455,0.727,0.0,0.727,0.0,1YCR,0.53349346
247,47,sample_51,43,45,44,47,0.454,5.06,0.772,6.341,0.596,0.0,0.596,0.0,1YCR,1.3449241
248,48,sample_52,44,46,45,47,0.56,2.553,0.654,8.979,0.106,0.106,0.213,0.0,1YCR,0.48785815
249,49,sample_53,45,47,46,49,0.81,2.37,0.755,12.855,0.714,0.0,0.714,0.0,1YCR,0.50144696
250,50,sample_54,46,48,47,49,0.477,3.486,0.828,5.148,0.755,0.0,0.755,0.0,1YCR,0.6947425
251,51,sample_55,47,49,48,53,0.306,8.927,0.708,13.847,0.642,0.0,0.642,0.0,1YCR,1.3543019
252,52,sample_56,48,50,49,68,0.382,8.864,0.481,17.059,0.132,0.074,0.206,0.0,1YCR,0.7864641
253,53,sample_57,49,51,50,72,0.91,1.194,0.881,3.004,0.681,0.0,0.681,0.0,1YCR,1.0412531
254,54,sample_58,50,52,51,56,0.936,0.673,0.891,2.52,0.768,0.0,0.768,0.0,1YCR,0.438453
255,55,sample_59,94,96,96,65,0.76,1.873,0.804,5.706,0.862,0.0,0.862,0.0,1YCR,1.3343636
256,56,sample_6,51,53,52,57,0.637,2.334,0.644,8.911,0.614,0.0,0.614,0.0,1YCR,0.8688561
257,57,sample_60,52,54,53,51,0.649,4.941,0.707,10.512,0.549,0.0,0.549,0.0,1YCR,1.4906818
258,58,sample_61,53,55,54,52,0.841,1.156,0.769,5.379,0.25,0.327,0.577,0.0,1YCR,0.45502523
259,59,sample_62,54,56,55,52,0.631,4.471,0.837,9.279,0.635,0.0,0.635,0.0,1YCR,0.9434169
260,60,sample_63,55,57,56,40,0.791,1.202,0.788,3.769,0.65,0.0,0.65,0.0,1YCR,0.5011781
261,61,sample_64,56,58,57,43,0.56,2.373,0.643,9.496,0.302,0.302,0.605,0.0,1YCR,1.1558291
262,62,sample_65,57,59,58,60,0.883,1.048,0.905,1.971,0.683,0.0,0.683,0.0,1YCR,0.82079524
263,63,sample_66,58,60,59,48,0.764,1.47,0.809,4.445,0.292,0.229,0.521,0.0,1YCR,1.3200319
264,64,sample_67,59,61,60,77,0.667,2.834,0.599,11.866,0.364,0.234,0.597,0.0,1YCR,0.49444795
265,65,sample_68,60,62,61,49,0.71,1.635,0.575,9.962,0.122,0.265,0.388,0.0,1YCR,1.0432277
266,66,sample_69,61,63,62,49,0.695,1.785,0.707,7.949,0.714,0.0,0.714,0.0,1YCR,0.44962716
267,67,sample_7,62,64,63,69,0.568,3.291,0.669,10.99,0.551,0.072,0.623,0.0,1YCR,0.48674798
268,68,sample_70,63,65,64,52,0.726,1.616,0.736,4.736,0.654,0.0,0.654,0.0,1YCR,0.71235317
269,69,sample_71,64,66,65,69,0.774,3.133,0.801,4.354,0.594,0.0,0.594,0.0,1YCR,1.062081
270,70,sample_72,65,67,66,48,0.872,1.153,0.873,3.736,0.5,0.0,0.5,0.0,1YCR,0.33019984
271,71,sample_73,66,68,67,47,0.405,8.198,0.706,13.694,0.511,0.0,0.511,0.0,1YCR,1.3615383
272,72,sample_74,95,97,95,65,0.854,1.348,0.855,2.934,0.738,0.0,0.738,0.0,1YCR,0.4673103
273,73,sample_75,67,69,68,62,0.441,4.439,0.46,12.599,0.0,0.194,0.194,0.0,1YCR,1.8914809
274,74,sample_76,68,70,69,83,0.453,9.9,0.448,16.306,0.386,0.048,0.434,0.0,1YCR,1.2836542
275,75,sample_77,69,71,70,54,0.652,2.959,0.808,8.654,0.87,0.0,0.87,0.0,1YCR,1.1655738
276,76,sample_78,70,72,71,45,0.906,0.79,0.895,2.586,0.689,0.0,0.689,0.0,1YCR,0.393918
277,77,sample_79,71,73,72,63,0.88,1.075,0.793,4.743,0.175,0.381,0.556,0.0,1YCR,0.8586164
278,78,sample_8,72,74,73,46,0.617,3.318,0.774,6.483,0.783,0.0,0.783,0.0,1YCR,0.6927427
279,79,sample_80,73,75,74,84,0.328,9.301,0.415,16.133,0.214,0.0,0.214,0.0,1YCR,1.4882725
280,80,sample_81,74,76,75,60,0.23,11.526,0.441,19.797,0.0,0.0,0.0,0.0,1YCR,3.1503634
281,81,sample_82,75,77,76,65,0.917,0.849,0.829,3.69,0.723,0.0,0.723,0.0,1YCR,0.5589165
282,82,sample_83,76,78,77,55,0.596,3.665,0.631,8.189,0.091,0.291,0.382,0.0,1YCR,0.85384953
283,83,sample_84,77,79,78,68,0.568,3.537,0.704,7.551,0.132,0.279,0.412,0.0,1YCR,2.5054145
284,84,sample_85,78,80,79,46,0.827,1.126,0.884,2.716,0.783,0.0,0.783,0.0,1YCR,0.41510174
285,85,sample_86,79,81,80,62,0.48,3.974,0.623,8.835,0.468,0.129,0.597,0.0,1YCR,0.6371506
286,86,sample_87,80,82,81,73,0.729,4.021,0.798,7.321,0.534,0.0,0.534,0.0,1YCR,0.43319336
287,87,sample_88,81,83,82,66,0.636,3.403,0.877,3.908,0.773,0.0,0.773,0.0,1YCR,1.312433
288,88,sample_89,82,84,83,53,0.783,1.565,0.697,8.241,0.717,0.0,0.717,0.0,1YCR,0.6489762
289,89,sample_9,83,85,84,78,0.409,6.109,0.419,15.61,0.282,0.0,0.282,0.0,1YCR,0.8253148
290,90,sample_90,84,86,85,54,0.676,2.727,0.695,7.189,0.778,0.0,0.778,0.0,1YCR,1.251591
291,91,sample_91,85,87,86,63,0.866,1.167,0.748,5.959,0.73,0.0,0.73,0.0,1YCR,1.2273097
292,92,sample_92,86,88,87,51,0.671,1.948,0.795,5.385,0.667,0.0,0.667,0.0,1YCR,0.9132067
293,93,sample_93,87,89,88,55,0.827,2.238,0.737,5.71,0.673,0.0,0.673,0.0,1YCR,0.73716193
294,94,sample_94,88,90,89,43,0.644,2.091,0.644,9.057,0.698,0.0,0.698,0.0,1YCR,0.46961513
295,95,sample_95,89,91,90,71,0.924,0.866,0.835,3.645,0.268,0.141,0.408,0.0,1YCR,0.44018424
296,96,sample_96,90,92,91,61,0.476,5.288,0.541,11.879,0.557,0.0,0.557,0.0,1YCR,3.0016773
297,97,sample_97,91,93,92,48,0.851,1.968,0.8,4.275,0.75,0.0,0.75,0.0,1YCR,0.4568776
298,98,sample_98,92,94,93,52,0.896,0.858,0.854,2.999,0.635,0.0,0.635,0.0,1YCR,0.70079356
299,99,sample_99,93,95,94,68,0.267,12.255,0.565,20.623,0.382,0.059,0.441,0.0,1YCR,1.1748028
300,0,sample_96,0,0,0,60,0.833,1.332,0.71,6.488,0.25,0.1,0.35,0.0,7MRX_60,1.1770092
301,1,sample_3,1,1,1,60,0.497,4.431,0.551,11.147,0.483,0.0,0.483,0.0,7MRX_60,1.2072159
302,2,sample_79,2,2,2,60,0.33,8.829,0.623,11.728,0.517,0.0,0.517,0.0,7MRX_60,4.598478
303,3,sample_94,3,3,3,60,0.546,4.296,0.599,10.81,0.15,0.333,0.483,0.0,7MRX_60,1.5644634
304,4,sample_38,4,4,4,60,0.617,2.774,0.535,11.516,0.133,0.15,0.283,0.0,7MRX_60,1.3820354
305,5,sample_56,5,5,5,60,0.331,6.522,0.515,14.65,0.367,0.0,0.367,0.0,7MRX_60,3.6266243
306,6,sample_17,6,6,6,60,0.772,1.614,0.673,7.382,0.433,0.0,0.433,0.0,7MRX_60,0.6316795
307,7,sample_83,7,7,7,60,0.498,8.918,0.604,11.172,0.4,0.0,0.4,0.0,7MRX_60,1.8142908
308,8,sample_70,8,8,8,60,0.528,6.097,0.62,13.107,0.583,0.0,0.583,0.0,7MRX_60,2.6489832
309,9,sample_25,9,9,9,60,0.334,5.853,0.707,9.144,0.55,0.0,0.55,0.0,7MRX_60,2.8911197
310,10,sample_65,10,10,10,60,0.823,1.524,0.846,3.726,0.217,0.133,0.35,0.0,7MRX_60,0.51764995
311,11,sample_9,95,96,96,60,0.347,8.03,0.616,11.222,0.567,0.0,0.567,0.0,7MRX_60,2.0563684
312,12,sample_51,11,11,11,60,0.498,4.923,0.576,11.801,0.45,0.0,0.45,0.0,7MRX_60,2.1900847
313,13,sample_5,12,12,12,60,0.459,5.775,0.64,12.812,0.4,0.0,0.4,0.0,7MRX_60,2.1188762
314,14,sample_52,13,13,13,60,0.558,4.912,0.621,10.75,0.533,0.0,0.533,0.0,7MRX_60,3.258241
315,15,sample_77,96,97,97,60,0.882,0.998,0.889,2.505,0.6,0.0,0.6,0.0,7MRX_60,0.85888237
316,16,sample_28,14,14,14,60,0.564,3.451,0.612,10.287,0.4,0.067,0.467,0.0,7MRX_60,1.0382994
317,17,sample_54,15,15,15,60,0.452,5.338,0.598,11.075,0.517,0.0,0.517,0.0,7MRX_60,2.9622161
318,18,sample_31,16,16,16,60,0.785,2.025,0.643,8.121,0.467,0.0,0.467,0.0,7MRX_60,0.9088373
319,19,sample_39,17,17,17,60,0.41,8.938,0.583,12.808,0.45,0.0,0.45,0.0,7MRX_60,2.613349
320,20,sample_33,18,18,18,60,0.449,5.37,0.664,14.426,0.583,0.0,0.583,0.0,7MRX_60,2.7225068
321,21,sample_69,19,19,19,60,0.259,10.618,0.516,11.125,0.3,0.0,0.3,0.0,7MRX_60,3.661676
322,22,sample_85,20,20,20,60,0.356,7.405,0.612,10.587,0.583,0.0,0.583,0.0,7MRX_60,3.0254104
323,23,sample_36,21,21,21,60,0.823,1.501,0.631,7.945,0.433,0.0,0.433,0.0,7MRX_60,1.0454018
324,24,sample_74,22,22,22,60,0.425,6.868,0.571,11.312,0.45,0.0,0.45,0.0,7MRX_60,2.6023228
325,25,sample_12,23,23,23,60,0.899,1.078,0.688,8.392,0.133,0.233,0.367,0.0,7MRX_60,0.61669844
326,26,sample_75,24,24,24,60,0.201,10.603,0.401,15.27,0.0,0.083,0.083,0.0,7MRX_60,5.2042804
327,27,sample_18,25,25,25,60,0.569,3.34,0.554,10.789,0.217,0.183,0.4,0.0,7MRX_60,2.9804702
328,28,sample_42,26,26,26,60,0.781,2.017,0.713,5.723,0.283,0.183,0.467,0.0,7MRX_60,1.7280482
329,29,sample_55,27,27,27,60,0.797,2.293,0.616,8.986,0.15,0.233,0.383,0.0,7MRX_60,1.4668057
330,30,sample_22,28,28,28,60,0.35,9.614,0.537,12.062,0.483,0.0,0.483,0.0,7MRX_60,2.773663
331,31,sample_4,29,29,29,60,0.348,7.147,0.589,10.303,0.483,0.0,0.483,0.0,7MRX_60,1.8944585
332,32,sample_87,30,30,30,60,0.404,6.202,0.569,16.634,0.317,0.0,0.317,0.0,7MRX_60,2.6996477
333,33,sample_30,31,31,31,60,0.718,2.775,0.715,7.248,0.383,0.167,0.55,0.0,7MRX_60,2.1196213
334,34,sample_1,32,32,32,60,0.656,3.055,0.662,9.176,0.15,0.217,0.367,0.0,7MRX_60,2.0514252
335,35,sample_89,33,33,33,60,0.471,6.714,0.588,10.028,0.45,0.0,0.45,0.0,7MRX_60,1.5040835
336,36,sample_49,34,34,34,60,0.619,2.774,0.603,10.009,0.433,0.0,0.433,0.0,7MRX_60,1.4936287
337,37,sample_59,35,35,35,60,0.645,3.35,0.524,12.784,0.367,0.0,0.367,0.0,7MRX_60,1.9149477
338,38,sample_24,36,36,36,60,0.458,6.275,0.571,12.005,0.433,0.0,0.433,0.0,7MRX_60,2.8839266
339,39,sample_20,37,37,37,60,0.484,5.621,0.604,13.786,0.433,0.0,0.433,0.0,7MRX_60,2.8847322
340,40,sample_34,38,38,38,60,0.596,3.647,0.628,11.915,0.333,0.1,0.433,0.0,7MRX_60,1.002189
341,41,sample_44,39,39,39,60,0.32,7.055,0.602,10.708,0.333,0.067,0.4,0.0,7MRX_60,3.0596685
342,42,sample_13,40,40,40,60,0.479,5.761,0.583,13.734,0.35,0.133,0.483,0.0,7MRX_60,4.479113
343,43,sample_2,41,41,41,60,0.385,6.634,0.688,9.634,0.483,0.0,0.483,0.0,7MRX_60,2.1046538
344,44,sample_82,42,42,42,60,0.575,5.183,0.619,9.712,0.45,0.0,0.45,0.0,7MRX_60,2.4494495
345,45,sample_11,95,96,96,60,0.86,1.211,0.712,5.589,0.6,0.0,0.6,0.0,7MRX_60,1.3375616
346,46,sample_99,43,43,43,60,0.273,8.137,0.456,14.77,0.15,0.0,0.15,0.0,7MRX_60,3.7215846
347,47,sample_73,44,44,44,60,0.671,2.819,0.571,10.653,0.15,0.067,0.217,0.0,7MRX_60,1.0824896
348,48,sample_63,45,45,45,60,0.449,4.908,0.608,9.832,0.317,0.0,0.317,0.0,7MRX_60,3.0699394
349,49,sample_62,46,46,46,60,0.611,3.395,0.616,13.319,0.55,0.0,0.55,0.0,7MRX_60,1.9084542
350,50,sample_14,47,47,47,60,0.713,3.036,0.692,6.104,0.5,0.0,0.5,0.0,7MRX_60,0.885639
351,51,sample_23,48,48,48,60,0.523,4.904,0.754,6.734,0.633,0.0,0.633,0.0,7MRX_60,2.1427252
352,52,sample_40,49,49,49,60,0.268,9.636,0.502,14.8,0.25,0.067,0.317,0.0,7MRX_60,3.6430392
353,53,sample_78,50,50,50,60,0.882,1.073,0.835,3.077,0.317,0.133,0.45,0.0,7MRX_60,0.6545377
354,54,sample_32,51,51,51,60,0.648,2.876,0.636,10.659,0.15,0.167,0.317,0.0,7MRX_60,1.4705843
355,55,sample_81,52,52,52,60,0.332,7.352,0.492,12.06,0.2,0.083,0.283,0.0,7MRX_60,3.6953785
356,56,sample_37,53,53,53,60,0.252,10.512,0.44,14.618,0.133,0.0,0.133,0.0,7MRX_60,3.0279613
357,57,sample_92,54,54,54,60,0.796,1.734,0.711,9.03,0.417,0.0,0.417,0.0,7MRX_60,1.6816744
358,58,sample_26,55,55,55,60,0.546,3.746,0.736,5.594,0.467,0.0,0.467,0.0,7MRX_60,0.5045546
359,59,sample_0,56,56,56,60,0.837,1.416,0.733,6.435,0.133,0.133,0.267,0.0,7MRX_60,0.975527
360,60,sample_57,57,57,57,60,0.79,1.814,0.712,7.366,0.433,0.0,0.433,0.0,7MRX_60,1.4022733
361,61,sample_80,58,58,58,60,0.343,9.048,0.677,10.01,0.6,0.0,0.6,0.0,7MRX_60,3.2858539
362,62,sample_68,59,59,59,60,0.708,2.77,0.674,11.095,0.6,0.0,0.6,0.0,7MRX_60,2.06449
363,63,sample_7,60,60,60,60,0.555,5.704,0.622,9.46,0.483,0.0,0.483,0.0,7MRX_60,3.0662348
364,64,sample_46,61,61,61,60,0.272,7.496,0.499,12.447,0.133,0.0,0.133,0.0,7MRX_60,2.906017
365,65,sample_95,62,62,62,60,0.906,0.908,0.803,3.886,0.133,0.067,0.2,0.0,7MRX_60,0.7142197
366,66,sample_60,63,63,63,60,0.642,3.485,0.706,7.571,0.35,0.2,0.55,0.0,7MRX_60,4.5390606
367,67,sample_8,64,64,64,60,0.36,8.574,0.505,12.942,0.317,0.0,0.317,0.0,7MRX_60,1.6988564
368,68,sample_16,65,65,65,60,0.924,0.907,0.813,4.418,0.5,0.0,0.5,0.0,7MRX_60,0.61408544
369,69,sample_27,66,66,66,60,0.426,9.788,0.719,7.034,0.7,0.0,0.7,0.0,7MRX_60,7.367759
370,70,sample_64,67,67,67,60,0.389,7.539,0.532,12.097,0.25,0.0,0.25,0.0,7MRX_60,2.3809328
371,71,sample_10,68,68,68,60,0.577,4.126,0.534,11.653,0.15,0.167,0.317,0.0,7MRX_60,2.1379948
372,72,sample_15,69,69,69,60,0.324,6.891,0.476,14.929,0.15,0.0,0.15,0.0,7MRX_60,2.212692
373,73,sample_47,70,70,70,60,0.891,1.322,0.864,3.06,0.617,0.0,0.617,0.0,7MRX_60,0.5239397
374,74,sample_48,71,71,71,60,0.313,9.066,0.512,15.765,0.367,0.0,0.367,0.0,7MRX_60,2.9921863
375,75,sample_88,72,72,72,60,0.673,2.255,0.711,5.562,0.4,0.0,0.4,0.0,7MRX_60,1.3234183
376,76,sample_72,73,73,73,60,0.327,7.162,0.48,13.158,0.35,0.0,0.35,0.0,7MRX_60,3.2622006
377,77,sample_71,74,74,74,60,0.796,1.434,0.685,10.136,0.3,0.233,0.533,0.0,7MRX_60,1.1685042
378,78,sample_6,75,75,75,60,0.405,5.853,0.486,12.992,0.133,0.267,0.4,0.0,7MRX_60,3.6469238
379,79,sample_86,76,76,76,60,0.562,3.432,0.666,8.835,0.567,0.0,0.567,0.0,7MRX_60,1.5840547
380,80,sample_29,77,77,77,60,0.679,2.418,0.699,8.641,0.567,0.0,0.567,0.0,7MRX_60,1.5634255
381,81,sample_50,78,78,78,60,0.369,7.093,0.454,14.424,0.217,0.067,0.283,0.0,7MRX_60,5.3064675
382,82,sample_67,96,79,79,60,0.871,1.766,0.856,3.161,0.483,0.0,0.483,0.0,7MRX_60,0.40987885
383,83,sample_35,79,80,80,60,0.333,6.542,0.564,12.95,0.217,0.133,0.35,0.0,7MRX_60,1.7868389
384,84,sample_61,80,81,81,60,0.716,3.06,0.684,8.931,0.617,0.0,0.617,0.0,7MRX_60,3.9465263
385,85,sample_43,81,82,82,60,0.701,2.739,0.748,5.381,0.467,0.0,0.467,0.0,7MRX_60,1.1901357
386,86,sample_53,82,83,83,60,0.895,0.96,0.861,3.44,0.133,0.267,0.4,0.0,7MRX_60,1.0675503
387,87,sample_41,83,84,84,60,0.717,2.19,0.828,3.661,0.617,0.0,0.617,0.0,7MRX_60,0.9919531
388,88,sample_76,84,85,85,60,0.809,1.497,0.842,4.067,0.133,0.167,0.3,0.0,7MRX_60,0.6325938
389,89,sample_58,85,86,86,60,0.719,2.43,0.672,10.697,0.65,0.0,0.65,0.0,7MRX_60,2.5298197
390,90,sample_66,86,87,87,60,0.495,14.16,0.733,12.858,0.383,0.0,0.383,0.0,7MRX_60,4.394651
391,91,sample_91,87,88,88,60,0.574,7.945,0.667,8.326,0.15,0.267,0.417,0.0,7MRX_60,2.1955383
392,92,sample_98,88,89,89,60,0.629,5.48,0.729,9.245,0.617,0.0,0.617,0.0,7MRX_60,1.4167503
393,93,sample_19,89,90,90,60,0.601,3.224,0.763,6.593,0.75,0.0,0.75,0.0,7MRX_60,2.5910068
394,94,sample_84,90,91,91,60,0.272,8.118,0.544,11.582,0.4,0.0,0.4,0.0,7MRX_60,5.2630024
395,95,sample_45,91,92,92,60,0.843,1.375,0.725,5.324,0.3,0.15,0.45,0.0,7MRX_60,0.7617328
396,96,sample_21,92,93,93,60,0.357,6.084,0.491,13.779,0.15,0.167,0.317,0.0,7MRX_60,3.6606333
397,97,sample_93,96,97,97,60,0.916,0.844,0.708,7.075,0.6,0.0,0.6,0.0,7MRX_60,0.59567213
398,98,sample_97,93,94,94,60,0.378,4.842,0.517,14.43,0.167,0.083,0.25,0.0,7MRX_60,3.2593443
399,99,sample_90,94,95,95,60,0.574,3.67,0.819,4.921,0.633,0.0,0.633,0.0,7MRX_60,2.107095
400,0,sample_0,0,0,0,85,0.681,3.542,0.697,10.051,0.635,0.0,0.635,0.0,7MRX_85,2.5379338
401,1,sample_1,1,1,1,85,0.442,5.808,0.467,14.188,0.376,0.047,0.424,0.0,7MRX_85,3.232085
402,2,sample_10,2,2,2,85,0.416,8.949,0.575,10.542,0.494,0.0,0.494,0.0,7MRX_85,2.5044346
403,3,sample_11,3,3,3,85,0.87,1.719,0.731,7.741,0.494,0.094,0.588,0.0,7MRX_85,1.6788855
404,4,sample_12,4,4,4,85,0.742,2.305,0.735,6.626,0.412,0.106,0.518,0.0,7MRX_85,1.962527
405,5,sample_13,5,5,5,85,0.558,4.603,0.491,15.508,0.294,0.047,0.341,0.0,7MRX_85,2.1741803
406,6,sample_14,6,6,6,85,0.399,6.295,0.434,14.238,0.188,0.118,0.306,0.0,7MRX_85,2.9305546
407,7,sample_15,7,7,7,85,0.673,4.329,0.564,12.38,0.353,0.129,0.482,0.0,7MRX_85,2.212275
408,8,sample_16,8,8,8,85,0.515,11.721,0.607,12.408,0.541,0.118,0.659,0.0,7MRX_85,7.743975
409,9,sample_17,9,9,9,85,0.253,9.943,0.463,18.92,0.294,0.0,0.294,0.0,7MRX_85,3.0815947
410,10,sample_18,10,10,10,85,0.777,2.462,0.793,5.58,0.318,0.165,0.482,0.0,7MRX_85,1.3353199
411,11,sample_19,11,11,11,85,0.661,3.997,0.697,10.459,0.541,0.0,0.541,0.0,7MRX_85,2.0183864
412,12,sample_2,12,12,12,85,0.423,9.46,0.47,15.33,0.247,0.0,0.247,0.0,7MRX_85,5.461682
413,13,sample_20,13,13,13,85,0.237,10.104,0.479,18.542,0.2,0.0,0.2,0.0,7MRX_85,2.2978213
414,14,sample_21,14,14,14,85,0.676,3.249,0.697,8.887,0.694,0.0,0.694,0.0,7MRX_85,4.5818663
415,15,sample_22,15,15,15,85,0.744,4.631,0.634,9.815,0.271,0.188,0.459,0.0,7MRX_85,2.2946653
416,16,sample_23,16,16,16,85,0.803,2.047,0.847,3.949,0.647,0.0,0.647,0.0,7MRX_85,2.1632483
417,17,sample_24,17,17,17,85,0.679,3.211,0.529,12.448,0.459,0.0,0.459,0.0,7MRX_85,2.342098
418,18,sample_25,18,18,18,85,0.399,8.908,0.478,14.276,0.376,0.047,0.424,0.0,7MRX_85,1.828356
419,19,sample_26,19,19,19,85,0.769,4.308,0.662,8.273,0.541,0.0,0.541,0.0,7MRX_85,0.6726276
420,20,sample_27,20,20,20,85,0.835,1.694,0.667,7.677,0.094,0.318,0.412,0.0,7MRX_85,0.73780406
421,21,sample_28,21,21,21,85,0.54,6.363,0.475,14.246,0.165,0.094,0.259,0.0,7MRX_85,0.8777781
422,22,sample_29,22,22,22,85,0.41,7.01,0.584,11.056,0.376,0.165,0.541,0.0,7MRX_85,2.8915489
423,23,sample_3,23,23,23,85,0.827,1.95,0.658,7.918,0.318,0.106,0.424,0.0,7MRX_85,0.6418992
424,24,sample_30,24,24,24,85,0.658,3.227,0.508,12.607,0.106,0.318,0.424,0.0,7MRX_85,0.72081125
425,25,sample_31,25,25,25,85,0.616,3.66,0.511,14.023,0.165,0.2,0.365,0.0,7MRX_85,2.3735723
426,26,sample_32,26,26,26,85,0.504,6.651,0.621,9.965,0.235,0.047,0.282,0.0,7MRX_85,2.6500528
427,27,sample_33,27,27,27,85,0.877,1.346,0.825,4.619,0.424,0.129,0.553,0.0,7MRX_85,0.660373
428,28,sample_34,28,28,28,85,0.562,6.562,0.547,15.385,0.482,0.0,0.482,0.0,7MRX_85,1.7179631
429,29,sample_35,29,29,29,85,0.661,3.272,0.686,7.872,0.212,0.212,0.424,0.0,7MRX_85,4.63785
430,30,sample_36,30,30,30,85,0.803,2.116,0.628,11.903,0.588,0.0,0.588,0.0,7MRX_85,4.775359
431,31,sample_37,31,31,31,85,0.502,6.948,0.528,13.1,0.376,0.0,0.376,0.0,7MRX_85,1.903971
432,32,sample_38,32,32,32,85,0.524,4.595,0.649,12.83,0.706,0.0,0.706,0.0,7MRX_85,2.4369628
433,33,sample_39,33,33,33,85,0.806,2.201,0.667,11.663,0.424,0.141,0.565,0.0,7MRX_85,2.2516782
434,34,sample_4,34,34,34,85,0.535,5.362,0.499,13.094,0.247,0.212,0.459,0.0,7MRX_85,2.521515
435,35,sample_40,35,35,35,85,0.723,2.629,0.737,6.588,0.353,0.047,0.4,0.0,7MRX_85,1.4146814
436,36,sample_41,36,36,36,85,0.672,4.443,0.617,11.037,0.388,0.059,0.447,0.0,7MRX_85,1.7570972
437,37,sample_42,37,37,37,85,0.482,8.145,0.516,14.767,0.2,0.129,0.329,0.0,7MRX_85,2.1594825
438,38,sample_43,38,38,38,85,0.69,3.396,0.703,8.323,0.282,0.235,0.518,0.0,7MRX_85,1.2210841
439,39,sample_44,39,39,39,85,0.299,9.9,0.584,11.745,0.588,0.0,0.588,0.0,7MRX_85,3.1726713
440,40,sample_45,40,40,40,85,0.679,3.165,0.607,10.739,0.388,0.0,0.388,0.0,7MRX_85,1.8252482
441,41,sample_46,41,41,41,85,0.556,4.151,0.534,12.275,0.224,0.176,0.4,0.0,7MRX_85,2.4121535
442,42,sample_47,42,42,42,85,0.758,2.67,0.721,9.943,0.353,0.106,0.459,0.0,7MRX_85,2.6646323
443,43,sample_48,43,43,43,85,0.555,5.197,0.691,8.764,0.659,0.0,0.659,0.0,7MRX_85,2.3918169
444,44,sample_49,44,44,44,85,0.275,12.016,0.428,17.694,0.365,0.0,0.365,0.0,7MRX_85,3.2924829
445,45,sample_5,45,45,45,85,0.658,3.445,0.517,14.439,0.153,0.153,0.306,0.0,7MRX_85,1.1081656
446,46,sample_50,46,46,46,85,0.75,3.033,0.577,13.454,0.541,0.0,0.541,0.0,7MRX_85,1.025945
447,47,sample_51,47,47,47,85,0.501,6.05,0.687,7.942,0.541,0.0,0.541,0.0,7MRX_85,2.0139425
448,48,sample_52,48,48,48,85,0.662,4.669,0.625,10.707,0.247,0.094,0.341,0.0,7MRX_85,1.0619524
449,49,sample_53,49,49,49,85,0.715,3.4,0.584,10.241,0.094,0.071,0.165,0.0,7MRX_85,1.8308022
450,50,sample_54,50,50,50,85,0.436,6.851,0.57,12.57,0.212,0.188,0.4,0.0,7MRX_85,2.242608
451,51,sample_55,51,51,51,85,0.492,6.38,0.542,10.735,0.235,0.141,0.376,0.0,7MRX_85,3.4979675
452,52,sample_56,52,52,52,85,0.713,3.077,0.677,9.185,0.259,0.082,0.341,0.0,7MRX_85,2.9476573
453,53,sample_57,53,53,53,85,0.318,8.701,0.502,16.128,0.294,0.082,0.376,0.0,7MRX_85,3.009746
454,54,sample_58,54,54,54,85,0.557,5.18,0.709,7.757,0.329,0.224,0.553,0.0,7MRX_85,3.005672
455,55,sample_59,55,55,55,85,0.719,2.681,0.553,12.636,0.388,0.0,0.388,0.0,7MRX_85,1.3596165
456,56,sample_6,56,56,56,85,0.656,3.914,0.726,7.315,0.424,0.0,0.424,0.0,7MRX_85,1.3709141
457,57,sample_60,57,57,57,85,0.894,1.34,0.743,6.516,0.6,0.0,0.6,0.0,7MRX_85,0.8024165
458,58,sample_61,58,58,58,85,0.894,1.892,0.88,3.13,0.294,0.047,0.341,0.0,7MRX_85,0.8574924
459,59,sample_62,59,59,59,85,0.594,3.422,0.452,15.061,0.2,0.094,0.294,0.0,7MRX_85,1.8231509
460,60,sample_63,60,60,60,85,0.496,5.448,0.52,14.263,0.294,0.047,0.341,0.0,7MRX_85,4.0664115
461,61,sample_64,61,61,61,85,0.576,5.034,0.565,11.789,0.212,0.129,0.341,0.0,7MRX_85,2.949746
462,62,sample_65,62,62,62,85,0.652,3.487,0.54,13.394,0.376,0.094,0.471,0.0,7MRX_85,2.502031
463,63,sample_66,63,63,63,85,0.223,13.16,0.527,20.625,0.235,0.0,0.235,0.0,7MRX_85,2.9568107
464,64,sample_67,64,64,64,85,0.855,2.238,0.746,5.385,0.624,0.0,0.624,0.0,7MRX_85,2.0289078
465,65,sample_68,65,65,65,85,0.635,3.49,0.511,13.539,0.376,0.0,0.376,0.0,7MRX_85,1.9140863
466,66,sample_69,66,66,66,85,0.56,7.255,0.521,12.208,0.271,0.106,0.376,0.0,7MRX_85,2.2794876
467,67,sample_7,67,67,67,85,0.36,12.256,0.525,17.212,0.353,0.0,0.353,0.0,7MRX_85,4.6306133
468,68,sample_70,68,68,68,85,0.585,7.354,0.604,10.271,0.235,0.153,0.388,0.0,7MRX_85,5.098608
469,69,sample_71,69,69,69,85,0.844,1.736,0.729,12.68,0.776,0.0,0.776,0.0,7MRX_85,2.139321
470,70,sample_72,70,70,70,85,0.515,5.559,0.556,11.268,0.176,0.094,0.271,0.0,7MRX_85,2.4470186
471,71,sample_73,71,71,71,85,0.874,1.399,0.759,6.017,0.094,0.282,0.376,0.0,7MRX_85,0.7236832
472,72,sample_74,72,72,72,85,0.761,2.521,0.676,8.239,0.329,0.118,0.447,0.0,7MRX_85,5.2999897
473,73,sample_75,73,73,73,85,0.765,2.912,0.733,6.401,0.176,0.259,0.435,0.0,7MRX_85,0.59135616
474,74,sample_76,74,74,74,85,0.423,8.108,0.513,15.592,0.671,0.0,0.671,0.0,7MRX_85,3.289372
475,75,sample_77,75,75,75,85,0.448,11.664,0.688,14.489,0.529,0.0,0.529,0.0,7MRX_85,2.7101536
476,76,sample_78,76,76,76,85,0.898,1.307,0.814,4.239,0.506,0.153,0.659,0.0,7MRX_85,1.3315663
477,77,sample_79,77,77,77,85,0.373,7.072,0.548,15.636,0.494,0.059,0.553,0.0,7MRX_85,4.7360744
478,78,sample_8,78,78,78,85,0.682,2.809,0.633,8.664,0.094,0.294,0.388,0.0,7MRX_85,1.2752395
479,79,sample_80,79,79,79,85,0.404,8.856,0.561,14.226,0.341,0.106,0.447,0.0,7MRX_85,7.464515
480,80,sample_81,80,80,80,85,0.264,10.757,0.452,16.427,0.376,0.0,0.376,0.0,7MRX_85,5.4723735
481,81,sample_82,81,81,81,85,0.714,4.192,0.7,8.365,0.518,0.0,0.518,0.0,7MRX_85,1.734892
482,82,sample_83,82,82,82,85,0.93,0.944,0.807,5.466,0.671,0.0,0.671,0.0,7MRX_85,0.6633595
483,83,sample_84,83,83,83,85,0.546,4.654,0.536,11.914,0.106,0.259,0.365,0.0,7MRX_85,4.233193
484,84,sample_85,84,84,84,85,0.541,5.189,0.547,12.899,0.365,0.094,0.459,0.0,7MRX_85,1.9422007
485,85,sample_86,85,85,85,85,0.406,6.468,0.425,15.341,0.165,0.047,0.212,0.0,7MRX_85,1.8799028
486,86,sample_87,86,86,86,85,0.566,6.494,0.652,11.077,0.635,0.0,0.635,0.0,7MRX_85,3.2523866
487,87,sample_88,87,87,87,85,0.497,4.766,0.536,11.747,0.271,0.235,0.506,0.0,7MRX_85,3.594583
488,88,sample_89,88,88,88,85,0.373,7.21,0.43,15.255,0.106,0.059,0.165,0.0,7MRX_85,3.9690576
489,89,sample_9,89,89,89,85,0.841,1.987,0.583,11.4,0.412,0.071,0.482,0.0,7MRX_85,1.2470819
490,90,sample_90,90,90,90,85,0.741,2.88,0.604,10.069,0.247,0.047,0.294,0.0,7MRX_85,2.3528194
491,91,sample_91,91,91,91,85,0.324,7.295,0.637,13.451,0.459,0.0,0.459,0.0,7MRX_85,2.4340491
492,92,sample_92,92,92,92,85,0.756,3.699,0.726,9.776,0.718,0.0,0.718,0.0,7MRX_85,4.1383176
493,93,sample_93,93,93,93,85,0.521,5.306,0.535,13.312,0.541,0.0,0.541,0.0,7MRX_85,3.3571177
494,94,sample_94,94,94,94,85,0.752,2.468,0.818,6.431,0.718,0.0,0.718,0.0,7MRX_85,2.4141393
495,95,sample_95,95,95,95,85,0.334,7.699,0.507,16.699,0.6,0.0,0.6,0.0,7MRX_85,2.9382703
496,96,sample_96,96,96,96,85,0.657,3.374,0.595,11.21,0.588,0.0,0.588,0.0,7MRX_85,2.6414664
497,97,sample_97,97,97,97,85,0.689,2.746,0.715,7.081,0.271,0.176,0.447,0.0,7MRX_85,1.7569135
498,98,sample_98,98,98,98,85,0.321,10.992,0.429,14.368,0.153,0.2,0.353,0.0,7MRX_85,6.084501
499,99,sample_99,99,99,99,85,0.649,4.357,0.532,13.571,0.224,0.188,0.412,0.0,7MRX_85,1.9453113
500,0,sample_12,0,0,0,42,0.49,4.197,0.651,11.728,0.262,0.119,0.381,0.0,4ZYP,2.0042224
501,1,sample_70,89,1,1,38,0.684,1.993,0.756,5.437,0.0,0.263,0.263,0.0,4ZYP,0.7171497
502,2,sample_81,1,2,2,44,0.237,9.444,0.535,19.236,0.205,0.0,0.205,0.0,4ZYP,3.092862
503,3,sample_22,2,3,3,46,0.674,2.363,0.637,7.016,0.109,0.109,0.217,0.0,4ZYP,1.8168784
504,4,sample_2,3,4,4,48,0.883,0.974,0.901,2.577,0.0,0.167,0.167,0.0,4ZYP,0.7081167
505,5,sample_14,4,5,5,47,0.839,1.539,0.854,3.077,0.0,0.447,0.447,0.0,4ZYP,1.7811239
506,6,sample_21,5,6,6,46,0.547,6.766,0.62,11.084,0.0,0.196,0.196,0.0,4ZYP,1.6125867
507,7,sample_85,87,90,90,43,0.613,2.135,0.587,9.109,0.0,0.116,0.116,0.0,4ZYP,1.869711
508,8,sample_32,6,7,7,42,0.558,2.775,0.566,9.259,0.0,0.214,0.214,0.0,4ZYP,1.7252095
509,9,sample_13,88,91,91,41,0.578,3.899,0.769,6.136,0.0,0.317,0.317,0.0,4ZYP,1.8799133
510,10,sample_44,7,8,8,46,0.336,7.594,0.653,12.485,0.196,0.0,0.196,0.0,4ZYP,1.7734034
511,11,sample_29,8,9,9,40,0.624,2.284,0.67,6.854,0.0,0.3,0.3,0.0,4ZYP,1.7799017
512,12,sample_20,9,10,10,46,0.487,4.183,0.821,5.35,0.261,0.239,0.5,0.0,4ZYP,0.9019114
513,13,sample_74,10,11,11,43,0.771,1.239,0.78,4.492,0.0,0.279,0.279,0.0,4ZYP,0.85236317
514,14,sample_41,11,12,12,40,0.348,6.328,0.491,13.522,0.0,0.0,0.0,0.0,4ZYP,1.7052315
515,15,sample_16,12,13,13,50,0.813,1.295,0.734,5.163,0.26,0.08,0.34,0.0,4ZYP,0.87509376
516,16,sample_42,13,14,14,35,0.349,6.932,0.613,11.645,0.2,0.0,0.2,0.0,4ZYP,1.5690445
517,17,sample_9,14,15,15,43,0.503,2.751,0.583,9.12,0.0,0.233,0.233,0.0,4ZYP,1.8475813
518,18,sample_30,90,92,92,37,0.644,1.684,0.663,6.444,0.189,0.108,0.297,0.0,4ZYP,1.6617341
519,19,sample_60,15,16,16,44,0.381,4.18,0.58,14.326,0.0,0.205,0.205,0.0,4ZYP,1.7183287
520,20,sample_68,16,17,17,38,0.476,3.0,0.68,7.35,0.0,0.447,0.447,0.0,4ZYP,1.9398612
521,21,sample_7,17,18,18,40,0.32,4.649,0.538,14.004,0.125,0.0,0.125,0.0,4ZYP,1.9488977
522,22,sample_4,18,19,19,42,0.598,2.458,0.712,7.601,0.476,0.0,0.476,0.0,4ZYP,1.9132069
523,23,sample_39,89,20,20,45,0.704,1.879,0.712,7.708,0.289,0.222,0.511,0.0,4ZYP,0.4689834
524,24,sample_45,19,21,21,47,0.286,8.807,0.451,13.989,0.0,0.0,0.0,0.0,4ZYP,2.3149164
525,25,sample_80,20,22,22,49,0.686,2.503,0.597,10.923,0.0,0.224,0.224,0.0,4ZYP,2.9427757
526,26,sample_75,21,23,23,39,0.541,3.932,0.698,7.536,0.0,0.308,0.308,0.0,4ZYP,1.7840428
527,27,sample_94,22,24,24,48,0.357,6.434,0.544,12.885,0.0,0.188,0.188,0.0,4ZYP,1.8132368
528,28,sample_31,88,91,91,43,0.439,7.661,0.736,6.257,0.0,0.233,0.233,0.0,4ZYP,1.9856106
529,29,sample_96,23,25,25,48,0.569,3.849,0.69,9.577,0.625,0.0,0.625,0.0,4ZYP,4.080225
530,30,sample_19,24,26,26,43,0.71,1.614,0.803,3.875,0.0,0.279,0.279,0.0,4ZYP,1.5913163
531,31,sample_53,25,27,27,37,0.755,1.253,0.753,4.489,0.432,0.216,0.649,0.0,4ZYP,1.6333394
532,32,sample_65,26,28,28,44,0.675,2.1,0.67,8.655,0.227,0.25,0.477,0.0,4ZYP,0.8228591
533,33,sample_18,27,29,29,42,0.553,4.928,0.828,7.553,0.0,0.333,0.333,0.0,4ZYP,0.7617154
534,34,sample_23,28,30,30,38,0.366,3.453,0.549,10.598,0.0,0.474,0.474,0.0,4ZYP,1.8702444
535,35,sample_88,29,31,31,46,0.262,9.687,0.599,11.599,0.326,0.0,0.326,0.0,4ZYP,1.997259
536,36,sample_15,30,32,32,44,0.261,7.771,0.588,10.123,0.0,0.182,0.182,0.0,4ZYP,1.8684598
537,37,sample_58,85,89,89,48,0.549,4.713,0.665,8.744,0.25,0.188,0.438,0.0,4ZYP,0.6495034
538,38,sample_3,31,33,33,44,0.304,6.405,0.574,14.614,0.227,0.136,0.364,0.0,4ZYP,1.8937428
539,39,sample_69,32,34,34,40,0.653,2.376,0.774,3.998,0.2,0.225,0.425,0.0,4ZYP,1.8796457
540,40,sample_34,85,89,89,44,0.778,1.337,0.705,7.527,0.205,0.318,0.523,0.0,4ZYP,1.6040486
541,41,sample_11,33,35,35,41,0.428,3.449,0.5,11.445,0.0,0.098,0.098,0.0,4ZYP,1.9132104
542,42,sample_84,34,36,36,48,0.717,1.728,0.577,10.458,0.125,0.104,0.229,0.0,4ZYP,1.0987837
543,43,sample_26,35,37,37,46,0.49,4.709,0.577,11.574,0.0,0.087,0.087,0.0,4ZYP,0.76166266
544,44,sample_8,89,87,87,40,0.708,1.363,0.811,4.656,0.425,0.0,0.425,0.0,4ZYP,0.6406993
545,45,sample_99,36,38,38,48,0.392,5.438,0.679,11.277,0.271,0.125,0.396,0.0,4ZYP,2.3176565
546,46,sample_76,37,39,39,49,0.432,3.843,0.526,10.636,0.122,0.367,0.49,0.0,4ZYP,2.938517
547,47,sample_50,38,40,40,46,0.742,1.77,0.629,9.039,0.109,0.0,0.109,0.0,4ZYP,0.84703255
548,48,sample_98,39,41,41,46,0.626,3.04,0.742,7.659,0.0,0.391,0.391,0.0,4ZYP,1.7718177
549,49,sample_0,40,42,42,37,0.389,4.14,0.629,10.841,0.162,0.0,0.162,0.0,4ZYP,2.0986128
550,50,sample_10,41,43,43,39,0.464,2.591,0.659,8.528,0.282,0.103,0.385,0.0,4ZYP,3.1040533
551,51,sample_83,87,90,90,37,0.6,1.961,0.581,9.828,0.0,0.243,0.243,0.0,4ZYP,1.8396517
552,52,sample_79,42,44,44,44,0.586,3.451,0.686,10.178,0.0,0.386,0.386,0.0,4ZYP,1.8387915
553,53,sample_61,43,45,45,44,0.223,11.19,0.531,15.412,0.0,0.0,0.0,0.0,4ZYP,1.8678873
554,54,sample_56,44,46,46,44,0.485,3.101,0.51,10.945,0.0,0.205,0.205,0.0,4ZYP,1.8446597
555,55,sample_37,45,47,47,49,0.641,2.596,0.68,6.591,0.102,0.184,0.286,0.0,4ZYP,1.9985387
556,56,sample_55,46,48,48,40,0.48,2.918,0.553,11.079,0.25,0.0,0.25,0.0,4ZYP,1.6977681
557,57,sample_54,47,49,49,44,0.325,5.138,0.524,13.999,0.0,0.0,0.0,0.0,4ZYP,1.6598519
558,58,sample_86,86,88,88,40,0.792,1.03,0.734,6.496,0.0,0.25,0.25,0.0,4ZYP,0.68673116
559,59,sample_38,48,50,50,50,0.544,2.982,0.721,6.701,0.0,0.18,0.18,0.0,4ZYP,1.9262897
560,60,sample_77,49,51,51,45,0.595,3.099,0.584,9.744,0.0,0.178,0.178,0.0,4ZYP,1.001803
561,61,sample_35,50,52,52,43,0.432,5.12,0.703,10.528,0.326,0.0,0.326,0.0,4ZYP,1.8027308
562,62,sample_87,51,53,53,40,0.232,6.782,0.672,7.498,0.0,0.0,0.0,0.0,4ZYP,3.6574204
563,63,sample_93,52,54,54,45,0.552,7.08,0.668,9.135,0.0,0.089,0.089,0.0,4ZYP,0.69967854
564,64,sample_95,53,55,55,40,0.528,2.302,0.678,6.659,0.175,0.125,0.3,0.0,4ZYP,1.0251926
565,65,sample_17,54,56,56,45,0.408,4.402,0.67,7.121,0.267,0.244,0.511,0.0,4ZYP,2.1183538
566,66,sample_47,55,57,57,41,0.565,3.324,0.659,7.67,0.0,0.268,0.268,0.0,4ZYP,1.7038883
567,67,sample_5,56,58,58,36,0.843,0.75,0.705,7.646,0.0,0.472,0.472,0.0,4ZYP,0.60824025
568,68,sample_78,89,87,87,39,0.587,4.049,0.799,5.015,0.256,0.282,0.538,0.0,4ZYP,0.72334933
569,69,sample_36,57,59,59,39,0.297,7.187,0.633,9.091,0.282,0.231,0.513,0.0,4ZYP,1.8387862
570,70,sample_59,58,60,60,48,0.622,2.635,0.608,9.927,0.167,0.125,0.292,0.0,4ZYP,0.8142277
571,71,sample_46,59,61,61,44,0.555,2.632,0.532,9.885,0.205,0.0,0.205,0.0,4ZYP,1.8838216
572,72,sample_97,86,88,88,41,0.78,1.175,0.694,6.547,0.0,0.317,0.317,0.0,4ZYP,0.7557336
573,73,sample_82,60,62,62,42,0.298,12.294,0.604,15.69,0.0,0.0,0.0,0.0,4ZYP,2.0070329
574,74,sample_89,61,63,63,43,0.468,7.907,0.639,11.335,0.279,0.0,0.279,0.0,4ZYP,1.949841
575,75,sample_48,90,92,92,41,0.52,5.647,0.663,9.155,0.244,0.122,0.366,0.0,4ZYP,1.8123242
576,76,sample_73,62,64,64,40,0.432,4.277,0.548,11.438,0.175,0.1,0.275,0.0,4ZYP,2.1716762
577,77,sample_92,63,65,65,42,0.461,5.277,0.687,10.894,0.0,0.333,0.333,0.0,4ZYP,2.0673592
578,78,sample_6,64,66,66,46,0.8,1.346,0.779,6.014,0.109,0.261,0.37,0.0,4ZYP,0.96146023
579,79,sample_71,65,67,67,45,0.426,4.16,0.756,8.546,0.0,0.133,0.133,0.0,4ZYP,0.8355214
580,80,sample_63,66,68,68,38,0.426,6.187,0.612,10.918,0.0,0.105,0.105,0.0,4ZYP,1.7556627
581,81,sample_51,67,69,69,46,0.561,2.822,0.654,8.322,0.0,0.109,0.109,0.0,4ZYP,1.6810995
582,82,sample_25,68,70,70,47,0.677,1.735,0.64,9.629,0.128,0.191,0.319,0.0,4ZYP,1.6592134
583,83,sample_66,69,71,71,47,0.385,6.055,0.576,13.879,0.128,0.0,0.128,0.0,4ZYP,1.7160043
584,84,sample_43,70,72,72,48,0.582,2.344,0.657,7.273,0.375,0.0,0.375,0.0,4ZYP,1.7655511
585,85,sample_57,71,73,73,38,0.541,3.953,0.72,9.886,0.0,0.263,0.263,0.0,4ZYP,1.6803381
586,86,sample_72,72,74,74,42,0.514,2.318,0.538,11.28,0.0,0.119,0.119,0.0,4ZYP,1.8408798
587,87,sample_62,73,75,75,38,0.403,6.179,0.523,13.277,0.0,0.395,0.395,0.0,4ZYP,2.75927
588,88,sample_28,74,76,76,40,0.578,7.762,0.638,9.051,0.0,0.275,0.275,0.0,4ZYP,0.8751962
589,89,sample_52,75,77,77,46,0.744,1.657,0.664,7.185,0.0,0.196,0.196,0.0,4ZYP,1.6402065
590,90,sample_27,76,78,78,40,0.698,1.893,0.834,3.8,0.0,0.425,0.425,0.0,4ZYP,1.7703207
591,91,sample_91,77,79,79,41,0.688,1.668,0.791,3.952,0.341,0.0,0.341,0.0,4ZYP,1.6932586
592,92,sample_40,78,80,80,50,0.579,2.649,0.526,11.267,0.0,0.26,0.26,0.0,4ZYP,1.7077198
593,93,sample_90,79,81,81,44,0.481,4.431,0.633,10.414,0.0,0.227,0.227,0.0,4ZYP,2.1370256
594,94,sample_24,80,82,82,40,0.518,4.418,0.754,9.867,0.0,0.275,0.275,0.0,4ZYP,1.8331155
595,95,sample_49,81,83,83,43,0.849,0.895,0.707,6.222,0.256,0.0,0.256,0.0,4ZYP,0.8205563
596,96,sample_1,85,89,89,45,0.731,1.498,0.727,5.671,0.267,0.222,0.489,0.0,4ZYP,0.7492107
597,97,sample_33,82,84,84,44,0.451,3.497,0.584,10.406,0.205,0.114,0.318,0.0,4ZYP,1.7565037
598,98,sample_64,83,85,85,41,0.578,2.047,0.711,6.5,0.463,0.0,0.463,0.0,4ZYP,2.1590664
599,99,sample_67,84,86,86,50,0.835,1.224,0.567,9.404,0.0,0.44,0.44,0.0,4ZYP,0.7533141
600,0,sample_0,0,0,0,56,0.759,1.904,0.708,8.193,0.518,0.071,0.589,0.0,5TRV_short,1.161912
601,1,sample_1,1,1,1,56,0.377,8.666,0.738,10.599,0.821,0.0,0.821,0.0,5TRV_short,4.444633
602,2,sample_10,2,2,2,56,0.68,2.125,0.684,9.124,0.536,0.0,0.536,0.0,5TRV_short,1.167172
603,3,sample_11,86,89,89,56,0.526,5.844,0.778,7.176,0.839,0.0,0.839,0.0,5TRV_short,5.0665092
604,4,sample_12,3,3,3,56,0.706,3.399,0.837,4.03,0.732,0.0,0.732,0.0,5TRV_short,3.239881
605,5,sample_13,4,4,4,56,0.495,4.333,0.674,7.554,0.643,0.0,0.643,0.0,5TRV_short,3.999365
606,6,sample_14,5,5,5,56,0.288,9.607,0.526,15.196,0.536,0.0,0.536,0.0,5TRV_short,3.8979695
607,7,sample_15,6,6,6,56,0.405,5.391,0.594,15.921,0.268,0.0,0.268,0.0,5TRV_short,1.7183268
608,8,sample_16,7,7,7,56,0.372,8.228,0.583,13.722,0.321,0.0,0.321,0.0,5TRV_short,3.804249
609,9,sample_17,8,8,8,56,0.613,2.418,0.825,5.0,0.732,0.0,0.732,0.0,5TRV_short,1.9199953
610,10,sample_18,9,9,9,56,0.698,4.641,0.655,10.611,0.607,0.0,0.607,0.0,5TRV_short,4.29197
611,11,sample_19,10,10,10,56,0.548,4.648,0.69,10.512,0.714,0.0,0.714,0.0,5TRV_short,3.3025703
612,12,sample_2,11,11,11,56,0.586,3.362,0.767,7.073,0.536,0.0,0.536,0.0,5TRV_short,1.3220143
613,13,sample_20,12,12,12,56,0.648,4.994,0.786,11.978,0.393,0.071,0.464,0.0,5TRV_short,0.5634595
614,14,sample_21,86,89,89,56,0.35,11.204,0.781,11.499,0.839,0.0,0.839,0.0,5TRV_short,5.238773
615,15,sample_22,89,93,93,56,0.785,1.652,0.755,6.06,0.214,0.286,0.5,0.0,5TRV_short,1.0742034
616,16,sample_23,13,13,13,56,0.569,2.91,0.639,10.802,0.411,0.071,0.482,0.0,5TRV_short,1.5266119
617,17,sample_24,88,92,92,56,0.855,1.116,0.817,3.255,0.679,0.0,0.679,0.0,5TRV_short,0.93059355
618,18,sample_25,14,14,14,56,0.636,7.482,0.764,9.771,0.518,0.0,0.518,0.0,5TRV_short,4.5367436
619,19,sample_26,86,15,15,56,0.632,6.478,0.799,5.762,0.768,0.0,0.768,0.0,5TRV_short,4.998188
620,20,sample_27,15,16,16,56,0.437,7.289,0.567,12.468,0.464,0.0,0.464,0.0,5TRV_short,3.7553604
621,21,sample_28,16,17,17,56,0.569,3.809,0.555,12.733,0.304,0.071,0.375,0.0,5TRV_short,2.635304
622,22,sample_29,87,90,90,56,0.386,15.533,0.765,11.073,0.714,0.0,0.714,0.0,5TRV_short,5.257248
623,23,sample_3,17,18,18,56,0.906,0.858,0.845,3.345,0.446,0.0,0.446,0.0,5TRV_short,0.60223293
624,24,sample_30,18,19,19,56,0.81,1.612,0.773,4.853,0.482,0.143,0.625,0.0,5TRV_short,0.9903343
625,25,sample_31,19,20,20,56,0.584,8.375,0.671,10.941,0.571,0.0,0.571,0.0,5TRV_short,3.056077
626,26,sample_32,20,21,21,56,0.474,5.382,0.718,6.718,0.643,0.0,0.643,0.0,5TRV_short,5.19511
627,27,sample_33,21,22,22,56,0.449,5.371,0.496,12.1,0.25,0.143,0.393,0.0,5TRV_short,1.8696349
628,28,sample_34,22,23,23,56,0.363,9.565,0.629,12.51,0.714,0.0,0.714,0.0,5TRV_short,2.6180131
629,29,sample_35,23,24,24,56,0.363,10.817,0.566,13.021,0.518,0.0,0.518,0.0,5TRV_short,3.0506108
630,30,sample_36,24,25,25,56,0.399,8.483,0.63,14.632,0.214,0.0,0.214,0.0,5TRV_short,4.3950605
631,31,sample_37,25,26,26,56,0.769,2.083,0.65,8.934,0.304,0.232,0.536,0.0,5TRV_short,2.2261038
632,32,sample_38,26,27,27,56,0.609,5.022,0.646,11.807,0.482,0.0,0.482,0.0,5TRV_short,2.9746733
633,33,sample_39,27,28,28,56,0.375,10.045,0.559,15.755,0.268,0.0,0.268,0.0,5TRV_short,1.9393182
634,34,sample_4,28,29,29,56,0.479,7.087,0.602,12.251,0.482,0.0,0.482,0.0,5TRV_short,2.1074183
635,35,sample_40,87,30,30,56,0.456,8.434,0.822,8.31,0.804,0.0,0.804,0.0,5TRV_short,5.0260787
636,36,sample_41,29,31,31,56,0.504,5.813,0.717,10.213,0.643,0.0,0.643,0.0,5TRV_short,4.032904
637,37,sample_42,30,32,32,56,0.726,1.977,0.637,10.613,0.232,0.268,0.5,0.0,5TRV_short,1.0073584
638,38,sample_43,31,33,33,56,0.572,7.471,0.834,5.929,0.839,0.0,0.839,0.0,5TRV_short,5.3012986
639,39,sample_44,32,34,34,56,0.5,4.213,0.548,11.527,0.25,0.0,0.25,0.0,5TRV_short,1.9332741
640,40,sample_45,33,35,35,56,0.47,4.845,0.734,8.769,0.732,0.0,0.732,0.0,5TRV_short,2.684123
641,41,sample_46,86,91,91,56,0.508,7.288,0.755,6.026,0.804,0.0,0.804,0.0,5TRV_short,3.8868124
642,42,sample_47,34,36,36,56,0.481,3.8,0.692,9.993,0.661,0.0,0.661,0.0,5TRV_short,3.018663
643,43,sample_48,86,91,91,56,0.597,3.859,0.737,6.594,0.696,0.0,0.696,0.0,5TRV_short,3.3299205
644,44,sample_49,35,37,37,56,0.895,0.873,0.761,4.941,0.214,0.393,0.607,0.0,5TRV_short,0.83723307
645,45,sample_5,36,38,38,56,0.864,1.994,0.813,4.129,0.196,0.268,0.464,0.0,5TRV_short,0.679946
646,46,sample_50,37,39,39,56,0.726,2.6,0.728,5.807,0.625,0.0,0.625,0.0,5TRV_short,1.6824223
647,47,sample_51,38,40,40,56,0.572,3.31,0.661,9.964,0.232,0.232,0.464,0.0,5TRV_short,2.6943994
648,48,sample_52,39,41,41,56,0.352,7.146,0.632,13.915,0.446,0.0,0.446,0.0,5TRV_short,3.3886328
649,49,sample_53,40,42,42,56,0.854,1.477,0.854,3.014,0.607,0.0,0.607,0.0,5TRV_short,1.0150411
650,50,sample_54,86,43,43,56,0.429,8.661,0.755,7.415,0.786,0.0,0.786,0.0,5TRV_short,5.0593615
651,51,sample_55,41,44,44,56,0.595,2.643,0.707,7.557,0.232,0.161,0.393,0.0,5TRV_short,1.8540655
652,52,sample_56,42,45,45,56,0.433,4.114,0.834,6.305,0.768,0.0,0.768,0.0,5TRV_short,3.6949532
653,53,sample_57,43,46,46,56,0.641,2.519,0.687,8.988,0.232,0.25,0.482,0.0,5TRV_short,1.1982443
654,54,sample_58,44,47,47,56,0.552,3.785,0.575,10.71,0.214,0.089,0.304,0.0,5TRV_short,1.3824326
655,55,sample_59,45,48,48,56,0.545,3.853,0.602,9.7,0.536,0.0,0.536,0.0,5TRV_short,3.167629
656,56,sample_6,46,49,49,56,0.698,7.76,0.836,4.926,0.821,0.0,0.821,0.0,5TRV_short,5.025236
657,57,sample_60,47,50,50,56,0.52,3.547,0.531,11.45,0.625,0.0,0.625,0.0,5TRV_short,2.2003512
658,58,sample_61,48,51,51,56,0.488,3.772,0.643,10.747,0.518,0.0,0.518,0.0,5TRV_short,1.8396639
659,59,sample_62,49,52,52,56,0.703,1.741,0.681,8.664,0.232,0.232,0.464,0.0,5TRV_short,0.9109787
660,60,sample_63,50,53,53,56,0.415,8.692,0.639,12.233,0.5,0.0,0.5,0.0,5TRV_short,2.2599266
661,61,sample_64,51,54,54,56,0.369,5.395,0.641,10.498,0.661,0.0,0.661,0.0,5TRV_short,3.717872
662,62,sample_65,52,55,55,56,0.458,6.734,0.677,8.929,0.357,0.125,0.482,0.0,5TRV_short,5.111181
663,63,sample_66,53,56,56,56,0.398,6.607,0.684,9.787,0.661,0.0,0.661,0.0,5TRV_short,3.6794605
664,64,sample_67,89,93,93,56,0.554,4.113,0.657,7.807,0.357,0.161,0.518,0.0,5TRV_short,3.3765013
665,65,sample_68,54,57,57,56,0.732,1.718,0.623,8.442,0.321,0.071,0.393,0.0,5TRV_short,1.1532162
666,66,sample_69,55,58,58,56,0.372,8.278,0.729,11.453,0.607,0.0,0.607,0.0,5TRV_short,2.5583842
667,67,sample_7,86,91,91,56,0.648,2.634,0.751,6.644,0.714,0.0,0.714,0.0,5TRV_short,1.6491222
668,68,sample_70,56,59,59,56,0.301,11.751,0.57,17.008,0.411,0.0,0.411,0.0,5TRV_short,4.944614
669,69,sample_71,57,60,60,56,0.695,2.049,0.769,7.254,0.696,0.0,0.696,0.0,5TRV_short,1.1566784
670,70,sample_72,58,61,61,56,0.663,4.694,0.609,12.06,0.518,0.0,0.518,0.0,5TRV_short,3.923971
671,71,sample_73,87,90,90,56,0.408,8.713,0.705,12.979,0.625,0.0,0.625,0.0,5TRV_short,2.2955277
672,72,sample_74,59,62,62,56,0.428,6.271,0.693,10.77,0.643,0.0,0.643,0.0,5TRV_short,3.3580687
673,73,sample_75,60,63,63,56,0.439,4.998,0.531,12.452,0.232,0.0,0.232,0.0,5TRV_short,2.7775092
674,74,sample_76,61,64,64,56,0.389,5.814,0.516,12.906,0.25,0.107,0.357,0.0,5TRV_short,2.1157775
675,75,sample_77,62,65,65,56,0.33,9.264,0.696,10.275,0.411,0.071,0.482,0.0,5TRV_short,3.3738568
676,76,sample_78,88,92,92,56,0.859,1.278,0.736,6.173,0.482,0.071,0.554,0.0,5TRV_short,1.4412502
677,77,sample_79,63,66,66,56,0.635,2.618,0.642,9.516,0.589,0.0,0.589,0.0,5TRV_short,1.9796509
678,78,sample_8,64,67,67,56,0.864,1.145,0.908,2.613,0.429,0.25,0.679,0.0,5TRV_short,0.6464546
679,79,sample_80,65,68,68,56,0.415,8.965,0.721,10.682,0.589,0.0,0.589,0.0,5TRV_short,4.0263495
680,80,sample_81,66,69,69,56,0.569,3.114,0.537,13.089,0.321,0.0,0.321,0.0,5TRV_short,1.5721803
681,81,sample_82,67,70,70,56,0.506,5.167,0.708,9.837,0.714,0.0,0.714,0.0,5TRV_short,2.1613262
682,82,sample_83,68,71,71,56,0.463,4.498,0.791,7.198,0.696,0.0,0.696,0.0,5TRV_short,3.1532893
683,83,sample_84,69,72,72,56,0.414,4.936,0.662,12.606,0.464,0.0,0.464,0.0,5TRV_short,1.9864208
684,84,sample_85,70,73,73,56,0.493,4.587,0.576,12.001,0.429,0.0,0.429,0.0,5TRV_short,1.597264
685,85,sample_86,71,74,74,56,0.56,4.676,0.7,8.826,0.589,0.0,0.589,0.0,5TRV_short,2.1326404
686,86,sample_87,72,75,75,56,0.935,0.676,0.866,2.737,0.571,0.0,0.571,0.0,5TRV_short,0.7641779
687,87,sample_88,73,76,76,56,0.427,4.984,0.559,12.394,0.607,0.0,0.607,0.0,5TRV_short,2.1086733
688,88,sample_89,74,77,77,56,0.407,4.783,0.533,12.708,0.304,0.0,0.304,0.0,5TRV_short,3.0628068
689,89,sample_9,75,78,78,56,0.425,8.11,0.633,12.216,0.482,0.0,0.482,0.0,5TRV_short,2.421837
690,90,sample_90,76,79,79,56,0.629,2.816,0.505,12.107,0.536,0.0,0.536,0.0,5TRV_short,1.0729419
691,91,sample_91,77,80,80,56,0.422,8.559,0.788,8.767,0.679,0.0,0.679,0.0,5TRV_short,5.6092386
692,92,sample_92,78,81,81,56,0.465,6.559,0.691,10.286,0.696,0.0,0.696,0.0,5TRV_short,5.264028
693,93,sample_93,79,82,82,56,0.585,3.249,0.705,8.506,0.571,0.0,0.571,0.0,5TRV_short,2.8347266
694,94,sample_94,80,83,83,56,0.729,1.905,0.645,10.431,0.25,0.25,0.5,0.0,5TRV_short,0.83298886
695,95,sample_95,81,84,84,56,0.448,5.642,0.705,8.463,0.518,0.0,0.518,0.0,5TRV_short,1.2178229
696,96,sample_96,82,85,85,56,0.405,8.427,0.77,11.867,0.607,0.0,0.607,0.0,5TRV_short,4.102124
697,97,sample_97,83,86,86,56,0.874,1.068,0.807,4.403,0.429,0.214,0.643,0.0,5TRV_short,1.1564976
698,98,sample_98,84,87,87,56,0.566,3.007,0.708,7.358,0.732,0.0,0.732,0.0,5TRV_short,2.9367218
699,99,sample_99,85,88,88,56,0.659,3.894,0.684,7.757,0.357,0.0,0.357,0.0,5TRV_short,1.8041186
700,0,sample_0,0,0,0,86,0.733,4.0,0.747,6.322,0.535,0.0,0.535,0.0,5TRV_med,0.92253125
701,1,sample_1,1,1,1,86,0.698,2.724,0.652,10.038,0.221,0.233,0.453,0.0,5TRV_med,2.5724642
702,2,sample_10,2,2,2,86,0.71,4.009,0.827,6.569,0.326,0.186,0.512,0.0,5TRV_med,0.7732594
703,3,sample_11,3,3,3,86,0.518,5.288,0.474,13.696,0.291,0.0,0.291,0.0,5TRV_med,2.0409703
704,4,sample_12,4,4,4,86,0.616,4.111,0.669,7.189,0.628,0.0,0.628,0.0,5TRV_med,1.359784
705,5,sample_13,5,5,5,86,0.601,5.795,0.56,12.774,0.651,0.0,0.651,0.0,5TRV_med,2.3113647
706,6,sample_14,6,6,6,86,0.843,1.891,0.652,9.095,0.36,0.128,0.488,0.0,5TRV_med,0.84971887
707,7,sample_15,7,7,7,86,0.85,3.471,0.7,8.394,0.581,0.0,0.581,0.0,5TRV_med,3.7502995
708,8,sample_16,8,8,8,86,0.329,10.023,0.456,16.299,0.477,0.0,0.477,0.0,5TRV_med,2.6312034
709,9,sample_17,9,9,9,86,0.472,4.382,0.433,16.155,0.291,0.151,0.442,0.0,5TRV_med,1.946299
710,10,sample_18,10,10,10,86,0.682,2.813,0.581,10.97,0.558,0.0,0.558,0.0,5TRV_med,1.5032899
711,11,sample_19,11,11,11,86,0.528,7.333,0.518,14.312,0.337,0.0,0.337,0.0,5TRV_med,4.10082
712,12,sample_2,12,12,12,86,0.856,1.645,0.715,7.302,0.535,0.0,0.535,0.0,5TRV_med,2.0334375
713,13,sample_20,13,13,13,86,0.61,11.381,0.646,11.997,0.5,0.0,0.5,0.0,5TRV_med,3.5182436
714,14,sample_21,14,14,14,86,0.45,7.996,0.513,15.278,0.233,0.233,0.465,0.0,5TRV_med,3.1892
715,15,sample_22,15,15,15,86,0.282,13.139,0.481,16.373,0.558,0.0,0.558,0.0,5TRV_med,1.570574
716,16,sample_23,16,16,16,86,0.543,8.701,0.609,14.908,0.337,0.093,0.43,0.0,5TRV_med,3.2615879
717,17,sample_24,17,17,17,86,0.79,3.157,0.732,8.387,0.291,0.209,0.5,0.0,5TRV_med,1.0102714
718,18,sample_25,18,18,18,86,0.943,0.912,0.81,4.122,0.663,0.0,0.663,0.0,5TRV_med,0.65958637
719,19,sample_26,19,19,19,86,0.752,3.508,0.762,7.904,0.628,0.128,0.756,0.0,5TRV_med,2.9567528
720,20,sample_27,20,20,20,86,0.755,2.541,0.755,6.934,0.64,0.0,0.64,0.0,5TRV_med,2.4144068
721,21,sample_28,21,21,21,86,0.536,4.142,0.527,14.361,0.442,0.0,0.442,0.0,5TRV_med,2.2129452
722,22,sample_29,22,22,22,86,0.873,1.938,0.846,5.877,0.721,0.0,0.721,0.0,5TRV_med,1.1223259
723,23,sample_3,23,23,23,86,0.738,2.856,0.642,9.65,0.151,0.302,0.453,0.0,5TRV_med,2.2826817
724,24,sample_30,24,24,24,86,0.806,1.971,0.757,9.121,0.535,0.116,0.651,0.0,5TRV_med,0.74274147
725,25,sample_31,25,25,25,86,0.508,4.941,0.658,8.163,0.605,0.0,0.605,0.0,5TRV_med,4.731888
726,26,sample_32,26,26,26,86,0.548,5.672,0.563,11.878,0.256,0.174,0.43,0.0,5TRV_med,3.1705933
727,27,sample_33,27,27,27,86,0.905,1.264,0.772,5.257,0.419,0.174,0.593,0.0,5TRV_med,0.34536904
728,28,sample_34,28,28,28,86,0.517,5.36,0.508,14.491,0.326,0.0,0.326,0.0,5TRV_med,3.6041443
729,29,sample_35,29,29,29,86,0.418,10.001,0.671,11.812,0.651,0.0,0.651,0.0,5TRV_med,5.049431
730,30,sample_36,30,30,30,86,0.688,2.897,0.689,9.398,0.674,0.0,0.674,0.0,5TRV_med,2.280249
731,31,sample_37,31,31,31,86,0.425,7.256,0.583,12.881,0.686,0.0,0.686,0.0,5TRV_med,2.7190528
732,32,sample_38,32,32,32,86,0.444,6.416,0.487,14.917,0.267,0.186,0.453,0.0,5TRV_med,2.6031497
733,33,sample_39,33,33,33,86,0.647,7.344,0.626,12.028,0.605,0.0,0.605,0.0,5TRV_med,4.157615
734,34,sample_4,34,34,34,86,0.64,3.162,0.643,10.088,0.488,0.058,0.547,0.0,5TRV_med,0.9286366
735,35,sample_40,35,35,35,86,0.782,2.177,0.659,9.53,0.337,0.093,0.43,0.0,5TRV_med,1.4746715
736,36,sample_41,36,36,36,86,0.654,4.5,0.583,12.444,0.593,0.0,0.593,0.0,5TRV_med,3.321839
737,37,sample_42,37,37,37,86,0.751,3.156,0.819,4.775,0.605,0.0,0.605,0.0,5TRV_med,1.8018531
738,38,sample_43,38,38,38,86,0.749,7.918,0.857,6.179,0.767,0.0,0.767,0.0,5TRV_med,5.4794602
739,39,sample_44,39,39,39,86,0.602,4.911,0.456,14.195,0.151,0.163,0.314,0.0,5TRV_med,1.0483624
740,40,sample_45,40,40,40,86,0.618,5.039,0.543,12.535,0.384,0.14,0.523,0.0,5TRV_med,3.243004
741,41,sample_46,41,41,41,86,0.537,5.367,0.565,12.799,0.442,0.116,0.558,0.0,5TRV_med,0.85097545
742,42,sample_47,42,42,42,86,0.406,8.547,0.543,12.84,0.616,0.0,0.616,0.0,5TRV_med,3.5096798
743,43,sample_48,43,43,43,86,0.625,6.044,0.568,13.971,0.395,0.0,0.395,0.0,5TRV_med,1.9063759
744,44,sample_49,44,44,44,86,0.574,4.61,0.584,12.771,0.523,0.047,0.57,0.0,5TRV_med,3.37703
745,45,sample_5,45,45,45,86,0.886,1.398,0.816,4.28,0.43,0.151,0.581,0.0,5TRV_med,1.1022273
746,46,sample_50,46,46,46,86,0.615,9.464,0.474,14.045,0.314,0.081,0.395,0.0,5TRV_med,0.9595306
747,47,sample_51,47,47,47,86,0.527,6.712,0.501,13.992,0.291,0.116,0.407,0.0,5TRV_med,2.3835683
748,48,sample_52,48,48,48,86,0.417,8.502,0.485,16.626,0.465,0.0,0.465,0.0,5TRV_med,4.109764
749,49,sample_53,49,49,49,86,0.705,3.336,0.67,9.037,0.291,0.093,0.384,0.0,5TRV_med,1.2982932
750,50,sample_54,50,50,50,86,0.305,11.879,0.553,13.571,0.384,0.047,0.43,0.0,5TRV_med,2.4381409
751,51,sample_55,51,51,51,86,0.851,1.639,0.651,10.058,0.43,0.14,0.57,0.0,5TRV_med,0.6509058
752,52,sample_56,52,52,52,86,0.606,8.461,0.676,8.23,0.605,0.0,0.605,0.0,5TRV_med,4.18632
753,53,sample_57,53,53,53,86,0.398,6.868,0.738,8.927,0.57,0.0,0.57,0.0,5TRV_med,4.8056345
754,54,sample_58,54,54,54,86,0.9,1.221,0.8,4.921,0.372,0.14,0.512,0.0,5TRV_med,0.77751243
755,55,sample_59,98,98,98,86,0.872,1.992,0.817,4.681,0.616,0.0,0.616,0.0,5TRV_med,1.0457366
756,56,sample_6,98,98,98,86,0.896,1.282,0.791,4.339,0.593,0.0,0.593,0.0,5TRV_med,0.6551409
757,57,sample_60,55,55,55,86,0.394,5.905,0.556,12.237,0.733,0.0,0.733,0.0,5TRV_med,4.166955
758,58,sample_61,56,56,56,86,0.554,5.368,0.723,7.756,0.581,0.116,0.698,0.0,5TRV_med,1.3902693
759,59,sample_62,57,57,57,86,0.792,2.193,0.823,5.357,0.372,0.244,0.616,0.0,5TRV_med,0.7881532
760,60,sample_63,58,58,58,86,0.336,11.262,0.465,15.644,0.674,0.0,0.674,0.0,5TRV_med,4.9842486
761,61,sample_64,59,59,59,86,0.469,14.233,0.588,18.657,0.372,0.0,0.372,0.0,5TRV_med,2.7338867
762,62,sample_65,60,60,60,86,0.667,5.241,0.677,8.49,0.535,0.0,0.535,0.0,5TRV_med,3.3159497
763,63,sample_66,61,61,61,86,0.809,2.525,0.82,5.914,0.756,0.0,0.756,0.0,5TRV_med,2.871097
764,64,sample_67,62,62,62,86,0.547,3.929,0.608,9.726,0.384,0.116,0.5,0.0,5TRV_med,1.3499118
765,65,sample_68,63,63,63,86,0.607,3.943,0.579,13.585,0.535,0.0,0.535,0.0,5TRV_med,2.897741
766,66,sample_69,64,64,64,86,0.516,5.833,0.672,10.049,0.628,0.0,0.628,0.0,5TRV_med,2.6250858
767,67,sample_7,65,65,65,86,0.676,4.17,0.613,12.968,0.256,0.105,0.36,0.0,5TRV_med,1.5212613
768,68,sample_70,66,66,66,86,0.821,3.502,0.839,3.642,0.698,0.0,0.698,0.0,5TRV_med,0.89484996
769,69,sample_71,67,67,67,86,0.865,1.408,0.736,6.028,0.64,0.058,0.698,0.0,5TRV_med,1.2654877
770,70,sample_72,68,68,68,86,0.929,1.062,0.818,4.631,0.442,0.163,0.605,0.0,5TRV_med,0.461077
771,71,sample_73,69,69,69,86,0.724,4.332,0.73,7.89,0.14,0.14,0.279,0.0,5TRV_med,2.6951404
772,72,sample_74,70,70,70,86,0.27,10.561,0.509,13.112,0.384,0.221,0.605,0.0,5TRV_med,4.963376
773,73,sample_75,71,71,71,86,0.309,10.345,0.434,17.319,0.267,0.151,0.419,0.0,5TRV_med,1.7130517
774,74,sample_76,72,72,72,86,0.645,3.35,0.538,11.677,0.093,0.186,0.279,0.0,5TRV_med,3.709562
775,75,sample_77,73,73,73,86,0.734,3.666,0.721,7.403,0.477,0.07,0.547,0.0,5TRV_med,1.3679234
776,76,sample_78,74,74,74,86,0.71,3.41,0.792,5.442,0.256,0.163,0.419,0.0,5TRV_med,1.6530832
777,77,sample_79,75,75,75,86,0.909,1.101,0.822,3.623,0.477,0.163,0.64,0.0,5TRV_med,0.73073953
778,78,sample_8,76,76,76,86,0.502,7.763,0.821,6.165,0.814,0.0,0.814,0.0,5TRV_med,4.933031
779,79,sample_80,77,77,77,86,0.307,8.792,0.433,15.42,0.233,0.105,0.337,0.0,5TRV_med,3.9947276
780,80,sample_81,78,78,78,86,0.337,9.233,0.413,15.696,0.233,0.105,0.337,0.0,5TRV_med,3.661403
781,81,sample_82,79,79,79,86,0.764,2.288,0.577,11.304,0.256,0.047,0.302,0.0,5TRV_med,1.1747684
782,82,sample_83,80,80,80,86,0.523,4.039,0.643,9.566,0.488,0.163,0.651,0.0,5TRV_med,2.4462585
783,83,sample_84,81,81,81,86,0.285,10.796,0.484,14.487,0.128,0.07,0.198,0.0,5TRV_med,4.5367527
784,84,sample_85,82,82,82,86,0.642,4.178,0.72,7.286,0.733,0.0,0.733,0.0,5TRV_med,3.0746453
785,85,sample_86,83,83,83,86,0.695,3.871,0.665,9.513,0.151,0.349,0.5,0.0,5TRV_med,2.5362985
786,86,sample_87,84,84,84,86,0.499,5.344,0.385,16.472,0.128,0.0,0.128,0.0,5TRV_med,4.1837487
787,87,sample_88,85,85,85,86,0.477,7.792,0.67,10.539,0.5,0.105,0.605,0.0,5TRV_med,2.1020663
788,88,sample_89,86,86,86,86,0.763,2.293,0.795,5.549,0.419,0.163,0.581,0.0,5TRV_med,0.43621066
789,89,sample_9,87,87,87,86,0.685,4.471,0.707,7.525,0.407,0.0,0.407,0.0,5TRV_med,1.0119069
790,90,sample_90,88,88,88,86,0.318,8.613,0.436,17.336,0.267,0.0,0.267,0.0,5TRV_med,2.9149365
791,91,sample_91,89,89,89,86,0.667,4.761,0.603,10.863,0.57,0.0,0.57,0.0,5TRV_med,2.6253047
792,92,sample_92,90,90,90,86,0.671,4.599,0.656,10.095,0.547,0.0,0.547,0.0,5TRV_med,2.843156
793,93,sample_93,91,91,91,86,0.869,1.374,0.815,5.795,0.384,0.105,0.488,0.0,5TRV_med,0.78935903
794,94,sample_94,92,92,92,86,0.33,9.517,0.583,11.622,0.314,0.0,0.314,0.0,5TRV_med,3.240427
795,95,sample_95,93,93,93,86,0.443,8.335,0.717,15.314,0.314,0.14,0.453,0.0,5TRV_med,3.9727328
796,96,sample_96,94,94,94,86,0.545,5.061,0.776,11.725,0.767,0.0,0.767,0.0,5TRV_med,3.8988774
797,97,sample_97,95,95,95,86,0.492,5.78,0.493,13.486,0.558,0.105,0.663,0.0,5TRV_med,2.6589417
798,98,sample_98,96,96,96,86,0.87,1.55,0.738,11.448,0.698,0.0,0.698,0.0,5TRV_med,1.2352964
799,99,sample_99,97,97,97,86,0.75,2.504,0.618,9.952,0.535,0.0,0.535,0.0,5TRV_med,1.016127
800,0,sample_0,0,0,0,48,0.697,3.767,0.566,10.541,0.396,0.0,0.396,0.0,6E6R_short,0.59025747
801,1,sample_1,96,97,97,48,0.472,5.472,0.781,6.586,0.708,0.0,0.708,0.0,6E6R_short,0.6170729
802,2,sample_10,1,1,1,48,0.368,9.193,0.533,10.625,0.271,0.0,0.271,0.0,6E6R_short,0.83034086
803,3,sample_11,2,2,2,48,0.425,5.278,0.654,8.815,0.521,0.0,0.521,0.0,6E6R_short,1.7040179
804,4,sample_12,3,3,3,48,0.45,5.727,0.781,9.41,0.625,0.0,0.625,0.0,6E6R_short,1.4646544
805,5,sample_13,4,4,4,48,0.76,1.529,0.786,5.288,0.604,0.0,0.604,0.0,6E6R_short,0.7716453
806,6,sample_14,5,5,5,48,0.416,6.02,0.68,11.283,0.688,0.0,0.688,0.0,6E6R_short,3.646381
807,7,sample_15,6,6,6,48,0.394,6.092,0.663,9.977,0.417,0.0,0.417,0.0,6E6R_short,3.2325475
808,8,sample_16,7,7,7,48,0.831,1.735,0.777,4.381,0.125,0.375,0.5,0.0,6E6R_short,0.5041698
809,9,sample_17,8,8,8,48,0.822,1.139,0.746,5.084,0.688,0.0,0.688,0.0,6E6R_short,0.620669
810,10,sample_18,9,9,9,48,0.543,4.521,0.697,7.077,0.521,0.0,0.521,0.0,6E6R_short,0.7000306
811,11,sample_19,10,10,10,48,0.608,3.286,0.636,9.484,0.354,0.083,0.438,0.0,6E6R_short,0.33714277
812,12,sample_2,11,11,11,48,0.693,2.607,0.799,7.276,0.708,0.0,0.708,0.0,6E6R_short,0.56727713
813,13,sample_20,12,12,12,48,0.893,0.804,0.812,4.057,0.125,0.271,0.396,0.0,6E6R_short,0.37498468
814,14,sample_21,13,13,13,48,0.799,1.253,0.908,2.186,0.146,0.354,0.5,0.0,6E6R_short,0.5179973
815,15,sample_22,14,14,14,48,0.597,2.611,0.616,9.204,0.5,0.0,0.5,0.0,6E6R_short,0.62279713
816,16,sample_23,15,15,15,48,0.925,0.666,0.753,4.907,0.688,0.0,0.688,0.0,6E6R_short,0.5911289
817,17,sample_24,16,16,16,48,0.747,1.515,0.665,8.59,0.688,0.0,0.688,0.0,6E6R_short,1.1860881
818,18,sample_25,17,17,17,48,0.289,8.043,0.492,15.428,0.188,0.0,0.188,0.0,6E6R_short,1.5199836
819,19,sample_26,18,18,18,48,0.801,2.428,0.701,7.202,0.146,0.125,0.271,0.0,6E6R_short,0.5801925
820,20,sample_27,19,19,19,48,0.496,4.605,0.703,8.444,0.542,0.0,0.542,0.0,6E6R_short,1.1793672
821,21,sample_28,20,20,20,48,0.419,4.161,0.649,11.442,0.5,0.0,0.5,0.0,6E6R_short,0.88895196
822,22,sample_29,21,21,21,48,0.897,0.788,0.828,3.532,0.125,0.25,0.375,0.0,6E6R_short,0.3709177
823,23,sample_3,22,22,22,48,0.839,1.094,0.815,4.024,0.146,0.333,0.479,0.0,6E6R_short,0.6162438
824,24,sample_30,23,23,23,48,0.873,0.916,0.781,4.432,0.125,0.0,0.125,0.0,6E6R_short,0.1757463
825,25,sample_31,24,24,24,48,0.557,7.116,0.701,7.329,0.125,0.208,0.333,0.0,6E6R_short,0.4400459
826,26,sample_32,25,25,25,48,0.514,3.651,0.61,7.222,0.229,0.0,0.229,0.0,6E6R_short,2.7619402
827,27,sample_33,26,26,26,48,0.465,4.11,0.581,10.675,0.125,0.188,0.312,0.0,6E6R_short,0.4465673
828,28,sample_34,27,27,27,48,0.798,1.751,0.795,4.869,0.667,0.0,0.667,0.0,6E6R_short,0.5722729
829,29,sample_35,28,28,28,48,0.595,2.178,0.624,8.528,0.396,0.0,0.396,0.0,6E6R_short,0.6243618
830,30,sample_36,29,29,29,48,0.58,2.391,0.655,7.748,0.438,0.0,0.438,0.0,6E6R_short,0.28149393
831,31,sample_37,30,30,30,48,0.825,1.713,0.758,8.937,0.562,0.0,0.562,0.0,6E6R_short,0.36403203
832,32,sample_38,31,31,31,48,0.82,1.454,0.882,2.399,0.729,0.0,0.729,0.0,6E6R_short,0.4779362
833,33,sample_39,32,32,32,48,0.792,2.302,0.715,6.396,0.438,0.0,0.438,0.0,6E6R_short,0.2939309
834,34,sample_4,33,33,33,48,0.343,8.646,0.511,12.395,0.292,0.0,0.292,0.0,6E6R_short,1.441135
835,35,sample_40,34,34,34,48,0.687,2.691,0.685,7.731,0.125,0.188,0.312,0.0,6E6R_short,1.021973
836,36,sample_41,35,35,35,48,0.431,7.678,0.666,12.728,0.417,0.0,0.417,0.0,6E6R_short,1.8110764
837,37,sample_42,36,36,36,48,0.911,0.706,0.86,2.808,0.25,0.083,0.333,0.0,6E6R_short,0.4530345
838,38,sample_43,37,37,37,48,0.804,1.402,0.769,4.903,0.271,0.167,0.438,0.0,6E6R_short,1.1059437
839,39,sample_44,38,38,38,48,0.414,7.039,0.628,9.738,0.583,0.0,0.583,0.0,6E6R_short,1.5481875
840,40,sample_45,39,39,39,48,0.465,8.003,0.613,11.552,0.688,0.0,0.688,0.0,6E6R_short,0.4747312
841,41,sample_46,40,40,40,48,0.8,1.527,0.88,2.492,0.521,0.0,0.521,0.0,6E6R_short,0.62769735
842,42,sample_47,41,41,41,48,0.431,4.019,0.556,11.431,0.854,0.0,0.854,0.0,6E6R_short,2.0862947
843,43,sample_48,42,42,42,48,0.619,1.911,0.791,4.213,0.667,0.0,0.667,0.0,6E6R_short,0.34583533
844,44,sample_49,43,43,43,48,0.741,3.017,0.741,5.34,0.125,0.083,0.208,0.0,6E6R_short,0.54049534
845,45,sample_5,44,44,44,48,0.501,3.474,0.705,9.553,0.479,0.0,0.479,0.0,6E6R_short,1.1932607
846,46,sample_50,45,45,45,48,0.87,0.917,0.866,3.076,0.625,0.0,0.625,0.0,6E6R_short,0.3943463
847,47,sample_51,46,46,46,48,0.691,2.019,0.731,7.677,0.688,0.0,0.688,0.0,6E6R_short,0.5864378
848,48,sample_52,47,47,47,48,0.847,1.302,0.755,5.923,0.125,0.25,0.375,0.0,6E6R_short,0.45935446
849,49,sample_53,48,48,48,48,0.526,4.242,0.747,6.457,0.562,0.0,0.562,0.0,6E6R_short,1.321751
850,50,sample_54,49,49,49,48,0.381,5.316,0.599,11.076,0.458,0.188,0.646,0.0,6E6R_short,1.5847824
851,51,sample_55,50,50,50,48,0.706,2.213,0.694,8.369,0.646,0.0,0.646,0.0,6E6R_short,0.5983621
852,52,sample_56,51,51,51,48,0.778,1.237,0.753,5.852,0.521,0.0,0.521,0.0,6E6R_short,0.93174183
853,53,sample_57,52,52,52,48,0.684,4.968,0.767,6.189,0.521,0.0,0.521,0.0,6E6R_short,0.7540938
854,54,sample_58,53,53,53,48,0.521,6.768,0.631,10.066,0.375,0.0,0.375,0.0,6E6R_short,0.8998262
855,55,sample_59,54,54,54,48,0.519,5.303,0.591,10.477,0.354,0.0,0.354,0.0,6E6R_short,1.2860541
856,56,sample_6,55,55,55,48,0.511,4.707,0.551,12.36,0.375,0.0,0.375,0.0,6E6R_short,0.5699684
857,57,sample_60,56,56,56,48,0.476,4.054,0.755,10.397,0.833,0.0,0.833,0.0,6E6R_short,1.7183439
858,58,sample_61,57,57,57,48,0.579,4.523,0.612,11.346,0.312,0.0,0.312,0.0,6E6R_short,0.50311565
859,59,sample_62,58,58,58,48,0.459,6.324,0.57,10.401,0.146,0.188,0.333,0.0,6E6R_short,1.804644
860,60,sample_63,59,59,59,48,0.375,6.498,0.774,7.662,0.583,0.0,0.583,0.0,6E6R_short,0.6015139
861,61,sample_64,60,60,60,48,0.565,2.385,0.622,9.837,0.521,0.0,0.521,0.0,6E6R_short,0.8198897
862,62,sample_65,61,61,61,48,0.851,0.983,0.866,2.976,0.771,0.0,0.771,0.0,6E6R_short,0.33301312
863,63,sample_66,62,62,62,48,0.886,0.867,0.838,2.982,0.125,0.375,0.5,0.0,6E6R_short,0.52046824
864,64,sample_67,63,63,63,48,0.706,1.907,0.738,5.449,0.542,0.0,0.542,0.0,6E6R_short,0.55985034
865,65,sample_68,64,64,64,48,0.322,9.723,0.617,16.034,0.146,0.0,0.146,0.0,6E6R_short,1.703586
866,66,sample_69,65,65,65,48,0.327,4.497,0.548,11.748,0.479,0.0,0.479,0.0,6E6R_short,0.8093201
867,67,sample_7,66,66,66,48,0.543,5.17,0.606,10.445,0.479,0.0,0.479,0.0,6E6R_short,2.228675
868,68,sample_70,96,67,67,48,0.63,3.729,0.809,5.501,0.604,0.0,0.604,0.0,6E6R_short,0.7418148
869,69,sample_71,67,68,68,48,0.846,1.109,0.707,7.584,0.646,0.0,0.646,0.0,6E6R_short,0.86760694
870,70,sample_72,68,69,69,48,0.309,7.974,0.647,10.66,0.562,0.0,0.562,0.0,6E6R_short,1.6212438
871,71,sample_73,69,70,70,48,0.276,11.62,0.648,12.79,0.479,0.0,0.479,0.0,6E6R_short,0.5693452
872,72,sample_74,70,71,71,48,0.588,3.918,0.728,10.298,0.625,0.0,0.625,0.0,6E6R_short,1.4607586
873,73,sample_75,71,72,72,48,0.359,6.055,0.59,11.394,0.417,0.0,0.417,0.0,6E6R_short,1.9684907
874,74,sample_76,72,73,73,48,0.408,6.605,0.692,11.941,0.417,0.0,0.417,0.0,6E6R_short,1.107033
875,75,sample_77,73,74,74,48,0.518,5.016,0.67,9.886,0.5,0.0,0.5,0.0,6E6R_short,0.51012
876,76,sample_78,74,75,75,48,0.741,2.23,0.778,6.203,0.625,0.083,0.708,0.0,6E6R_short,1.2753769
877,77,sample_79,75,76,76,48,0.711,1.885,0.745,5.733,0.125,0.167,0.292,0.0,6E6R_short,0.29449633
878,78,sample_8,76,77,77,48,0.805,3.259,0.765,5.374,0.438,0.0,0.438,0.0,6E6R_short,0.4011033
879,79,sample_80,77,78,78,48,0.668,2.068,0.73,5.378,0.125,0.125,0.25,0.0,6E6R_short,0.6779433
880,80,sample_81,78,79,79,48,0.55,5.417,0.556,12.174,0.146,0.0,0.146,0.0,6E6R_short,0.5723989
881,81,sample_82,79,80,80,48,0.607,4.507,0.724,6.498,0.458,0.0,0.458,0.0,6E6R_short,1.1359853
882,82,sample_83,96,97,97,48,0.502,17.1,0.864,5.264,0.812,0.0,0.812,0.0,6E6R_short,0.621605
883,83,sample_84,80,81,81,48,0.486,3.677,0.79,5.665,0.708,0.0,0.708,0.0,6E6R_short,1.4841237
884,84,sample_85,81,82,82,48,0.788,1.798,0.644,9.341,0.125,0.25,0.375,0.0,6E6R_short,0.44167268
885,85,sample_86,82,83,83,48,0.928,0.625,0.908,2.031,0.708,0.0,0.708,0.0,6E6R_short,0.37323472
886,86,sample_87,83,84,84,48,0.724,1.516,0.883,2.285,0.521,0.0,0.521,0.0,6E6R_short,0.5453857
887,87,sample_88,84,85,85,48,0.687,2.167,0.701,7.083,0.354,0.125,0.479,0.0,6E6R_short,0.39306805
888,88,sample_89,95,96,96,48,0.758,1.447,0.743,4.805,0.646,0.0,0.646,0.0,6E6R_short,1.1189274
889,89,sample_9,85,86,86,48,0.315,6.018,0.503,12.578,0.125,0.083,0.208,0.0,6E6R_short,0.6331548
890,90,sample_90,86,87,87,48,0.701,1.82,0.832,3.642,0.146,0.188,0.333,0.0,6E6R_short,0.5470682
891,91,sample_91,87,88,88,48,0.548,2.847,0.796,9.498,0.792,0.0,0.792,0.0,6E6R_short,2.2768764
892,92,sample_92,88,89,89,48,0.796,1.219,0.674,7.502,0.125,0.25,0.375,0.0,6E6R_short,0.6126473
893,93,sample_93,89,90,90,48,0.582,2.51,0.706,6.543,0.438,0.0,0.438,0.0,6E6R_short,0.5862892
894,94,sample_94,90,91,91,48,0.599,2.865,0.644,9.357,0.104,0.271,0.375,0.0,6E6R_short,0.68587077
895,95,sample_95,95,96,96,48,0.923,0.651,0.888,2.087,0.625,0.0,0.625,0.0,6E6R_short,0.41378346
896,96,sample_96,91,92,92,48,0.513,4.338,0.674,9.001,0.458,0.0,0.458,0.0,6E6R_short,0.6115446
897,97,sample_97,92,93,93,48,0.478,4.193,0.801,4.282,0.646,0.0,0.646,0.0,6E6R_short,2.8479378
898,98,sample_98,93,94,94,48,0.78,1.472,0.721,5.889,0.375,0.0,0.375,0.0,6E6R_short,0.588707
899,99,sample_99,94,95,95,48,0.656,2.122,0.772,7.057,0.688,0.0,0.688,0.0,6E6R_short,1.0898817
900,0,sample_0,0,0,0,78,0.658,3.623,0.533,13.185,0.333,0.128,0.462,0.0,6E6R_med,0.27131698
901,1,sample_1,1,1,1,78,0.536,4.512,0.671,10.072,0.679,0.0,0.679,0.0,6E6R_med,1.5202702
902,2,sample_10,2,2,2,78,0.903,1.09,0.864,2.911,0.5,0.0,0.5,0.0,6E6R_med,0.39959607
903,3,sample_11,3,3,3,78,0.448,7.535,0.547,13.489,0.308,0.205,0.513,0.0,6E6R_med,4.13801
904,4,sample_12,4,4,4,78,0.889,1.188,0.805,3.854,0.526,0.0,0.526,0.0,6E6R_med,0.60503644
905,5,sample_13,5,5,5,78,0.776,2.33,0.747,7.162,0.615,0.0,0.615,0.0,6E6R_med,0.61040264
906,6,sample_14,6,6,6,78,0.77,2.241,0.707,7.612,0.5,0.0,0.5,0.0,6E6R_med,0.3881775
907,7,sample_15,7,7,7,78,0.704,3.457,0.675,7.598,0.167,0.115,0.282,0.0,6E6R_med,0.31544274
908,8,sample_16,8,8,8,78,0.698,2.921,0.797,4.378,0.577,0.0,0.577,0.0,6E6R_med,0.66382027
909,9,sample_17,9,9,9,78,0.906,1.1,0.836,3.784,0.538,0.0,0.538,0.0,6E6R_med,0.4559748
910,10,sample_18,10,10,10,78,0.368,8.159,0.432,14.381,0.167,0.0,0.167,0.0,6E6R_med,1.4976318
911,11,sample_19,11,11,11,78,0.549,8.27,0.573,11.238,0.077,0.244,0.321,0.0,6E6R_med,0.92392224
912,12,sample_2,12,12,12,78,0.725,2.526,0.596,10.95,0.628,0.0,0.628,0.0,6E6R_med,0.6631194
913,13,sample_20,13,13,13,78,0.67,4.775,0.598,10.874,0.462,0.0,0.462,0.0,6E6R_med,0.5344489
914,14,sample_21,14,14,14,78,0.535,4.797,0.5,13.326,0.0,0.09,0.09,0.0,6E6R_med,4.429776
915,15,sample_22,15,15,15,78,0.709,2.582,0.644,8.094,0.077,0.321,0.397,0.0,6E6R_med,0.53283924
916,16,sample_23,16,16,16,78,0.484,11.142,0.699,15.014,0.692,0.0,0.692,0.0,6E6R_med,1.7000301
917,17,sample_24,17,17,17,78,0.71,3.01,0.769,5.682,0.321,0.205,0.526,0.0,6E6R_med,0.7443577
918,18,sample_25,18,18,18,78,0.546,3.762,0.555,11.468,0.487,0.0,0.487,0.0,6E6R_med,1.483633
919,19,sample_26,19,19,19,78,0.564,5.186,0.727,8.985,0.577,0.0,0.577,0.0,6E6R_med,0.6161463
920,20,sample_27,20,20,20,78,0.722,2.386,0.836,4.014,0.679,0.0,0.679,0.0,6E6R_med,1.2636204
921,21,sample_28,21,21,21,78,0.745,2.054,0.702,6.925,0.628,0.0,0.628,0.0,6E6R_med,0.34961998
922,22,sample_29,22,22,22,78,0.437,7.512,0.463,14.08,0.231,0.0,0.231,0.0,6E6R_med,0.54124635
923,23,sample_3,23,23,23,78,0.786,2.297,0.735,6.414,0.346,0.218,0.564,0.0,6E6R_med,1.8211279
924,24,sample_30,24,24,24,78,0.807,3.398,0.656,8.415,0.397,0.051,0.449,0.0,6E6R_med,1.0648283
925,25,sample_31,25,25,25,78,0.848,1.88,0.732,6.079,0.231,0.282,0.513,0.0,6E6R_med,0.62909395
926,26,sample_32,26,26,26,78,0.676,3.715,0.62,9.957,0.372,0.0,0.372,0.0,6E6R_med,0.4770467
927,27,sample_33,27,27,27,78,0.692,2.684,0.526,12.143,0.295,0.051,0.346,0.0,6E6R_med,1.0331277
928,28,sample_34,28,28,28,78,0.88,1.273,0.677,7.333,0.538,0.0,0.538,0.0,6E6R_med,1.3172405
929,29,sample_35,29,29,29,78,0.32,10.34,0.51,20.798,0.154,0.0,0.154,0.0,6E6R_med,4.2599454
930,30,sample_36,30,30,30,78,0.421,4.74,0.56,14.844,0.397,0.051,0.449,0.0,6E6R_med,0.43497896
931,31,sample_37,98,98,98,78,0.692,3.262,0.777,8.343,0.692,0.0,0.692,0.0,6E6R_med,2.671973
932,32,sample_38,31,31,31,78,0.622,3.652,0.613,9.951,0.628,0.0,0.628,0.0,6E6R_med,0.5107623
933,33,sample_39,32,32,32,78,0.639,3.894,0.69,8.609,0.795,0.0,0.795,0.0,6E6R_med,2.6191478
934,34,sample_4,33,33,33,78,0.346,11.398,0.429,14.568,0.154,0.179,0.333,0.0,6E6R_med,5.7165184
935,35,sample_40,34,34,34,78,0.364,9.485,0.506,14.707,0.179,0.051,0.231,0.0,6E6R_med,2.9022505
936,36,sample_41,35,35,35,78,0.652,3.691,0.615,11.728,0.667,0.0,0.667,0.0,6E6R_med,1.419065
937,37,sample_42,36,36,36,78,0.783,2.54,0.711,11.243,0.59,0.0,0.59,0.0,6E6R_med,0.36067966
938,38,sample_43,37,37,37,78,0.77,1.938,0.567,11.382,0.077,0.218,0.295,0.0,6E6R_med,0.44892386
939,39,sample_44,38,38,38,78,0.413,6.66,0.466,14.732,0.103,0.141,0.244,0.0,6E6R_med,1.5937256
940,40,sample_45,39,39,39,78,0.445,5.481,0.481,13.643,0.218,0.154,0.372,0.0,6E6R_med,0.6617718
941,41,sample_46,40,40,40,78,0.432,8.185,0.636,16.522,0.744,0.0,0.744,0.0,6E6R_med,2.4382868
942,42,sample_47,41,41,41,78,0.275,8.12,0.451,15.919,0.308,0.103,0.41,0.0,6E6R_med,1.0979012
943,43,sample_48,42,42,42,78,0.676,4.077,0.652,8.599,0.231,0.0,0.231,0.0,6E6R_med,1.3017365
944,44,sample_49,43,43,43,78,0.478,6.105,0.464,14.193,0.333,0.103,0.436,0.0,6E6R_med,5.8222256
945,45,sample_5,44,44,44,78,0.614,4.339,0.644,14.485,0.474,0.0,0.474,0.0,6E6R_med,1.5324703
946,46,sample_50,45,45,45,78,0.329,8.009,0.47,14.686,0.385,0.0,0.385,0.0,6E6R_med,0.8647241
947,47,sample_51,46,46,46,78,0.301,8.558,0.352,16.334,0.0,0.064,0.064,0.0,6E6R_med,4.7262487
948,48,sample_52,47,47,47,78,0.824,2.029,0.744,5.938,0.295,0.231,0.526,0.0,6E6R_med,1.3757368
949,49,sample_53,48,48,48,78,0.751,2.407,0.565,11.865,0.256,0.0,0.256,0.0,6E6R_med,0.5690729
950,50,sample_54,49,49,49,78,0.876,1.625,0.776,4.96,0.244,0.179,0.423,0.0,6E6R_med,0.69063646
951,51,sample_55,50,50,50,78,0.754,1.929,0.779,8.994,0.244,0.167,0.41,0.0,6E6R_med,0.6112802
952,52,sample_56,51,51,51,78,0.876,1.355,0.805,4.812,0.551,0.0,0.551,0.0,6E6R_med,0.8857512
953,53,sample_57,52,52,52,78,0.624,4.385,0.834,4.375,0.692,0.064,0.756,0.0,6E6R_med,1.6125813
954,54,sample_58,53,53,53,78,0.87,1.308,0.754,7.391,0.436,0.0,0.436,0.0,6E6R_med,1.1007744
955,55,sample_59,54,54,54,78,0.387,9.378,0.484,16.133,0.372,0.0,0.372,0.0,6E6R_med,0.81143415
956,56,sample_6,55,55,55,78,0.312,8.9,0.669,13.772,0.538,0.051,0.59,0.0,6E6R_med,1.2832073
957,57,sample_60,56,56,56,78,0.82,1.575,0.734,8.607,0.654,0.0,0.654,0.0,6E6R_med,0.6093728
958,58,sample_61,57,57,57,78,0.702,5.672,0.542,12.402,0.436,0.051,0.487,0.0,6E6R_med,0.40301812
959,59,sample_62,58,58,58,78,0.629,4.782,0.752,12.637,0.808,0.0,0.808,0.0,6E6R_med,0.32630527
960,60,sample_63,59,59,59,78,0.879,1.443,0.89,2.478,0.59,0.0,0.59,0.0,6E6R_med,0.5233795
961,61,sample_64,60,60,60,78,0.544,4.903,0.532,11.99,0.679,0.0,0.679,0.0,6E6R_med,1.2817976
962,62,sample_65,98,98,98,78,0.884,1.218,0.872,3.847,0.782,0.0,0.782,0.0,6E6R_med,0.49404237
963,63,sample_66,61,61,61,78,0.904,1.536,0.831,3.647,0.564,0.0,0.564,0.0,6E6R_med,0.3008462
964,64,sample_67,62,62,62,78,0.405,9.067,0.606,18.144,0.667,0.0,0.667,0.0,6E6R_med,0.6245215
965,65,sample_68,63,63,63,78,0.808,2.305,0.702,10.235,0.487,0.051,0.538,0.0,6E6R_med,0.82559294
966,66,sample_69,64,64,64,78,0.89,1.174,0.858,3.081,0.641,0.0,0.641,0.0,6E6R_med,0.5957206
967,67,sample_7,65,65,65,78,0.621,7.945,0.68,9.891,0.603,0.0,0.603,0.0,6E6R_med,1.5598047
968,68,sample_70,66,66,66,78,0.638,5.652,0.604,11.706,0.256,0.167,0.423,0.0,6E6R_med,0.62777615
969,69,sample_71,67,67,67,78,0.558,6.139,0.687,8.667,0.423,0.0,0.423,0.0,6E6R_med,1.8767817
970,70,sample_72,68,68,68,78,0.499,4.475,0.413,15.14,0.09,0.051,0.141,0.0,6E6R_med,0.67780375
971,71,sample_73,69,69,69,78,0.912,1.026,0.833,3.123,0.487,0.0,0.487,0.0,6E6R_med,0.30204126
972,72,sample_74,70,70,70,78,0.594,4.952,0.662,9.055,0.436,0.154,0.59,0.0,6E6R_med,1.4794619
973,73,sample_75,71,71,71,78,0.587,4.992,0.581,11.95,0.538,0.0,0.538,0.0,6E6R_med,1.7924283
974,74,sample_76,72,72,72,78,0.507,3.789,0.528,11.975,0.346,0.218,0.564,0.0,6E6R_med,1.5423597
975,75,sample_77,73,73,73,78,0.848,1.606,0.887,2.549,0.667,0.0,0.667,0.0,6E6R_med,0.4819176
976,76,sample_78,74,74,74,78,0.422,9.833,0.531,12.679,0.321,0.0,0.321,0.0,6E6R_med,0.60111773
977,77,sample_79,75,75,75,78,0.701,2.763,0.714,9.857,0.603,0.0,0.603,0.0,6E6R_med,0.9122979
978,78,sample_8,76,76,76,78,0.674,2.868,0.757,6.903,0.077,0.282,0.359,0.0,6E6R_med,0.52945065
979,79,sample_80,77,77,77,78,0.896,1.225,0.761,5.696,0.782,0.0,0.782,0.0,6E6R_med,0.59323555
980,80,sample_81,78,78,78,78,0.824,1.911,0.644,9.936,0.423,0.0,0.423,0.0,6E6R_med,0.7532556
981,81,sample_82,79,79,79,78,0.841,1.513,0.727,6.531,0.154,0.308,0.462,0.0,6E6R_med,0.709911
982,82,sample_83,80,80,80,78,0.705,2.309,0.739,6.185,0.372,0.115,0.487,0.0,6E6R_med,0.3491099
983,83,sample_84,81,81,81,78,0.811,1.781,0.782,6.667,0.09,0.321,0.41,0.0,6E6R_med,0.5937461
984,84,sample_85,82,82,82,78,0.535,4.313,0.424,14.6,0.077,0.256,0.333,0.0,6E6R_med,0.70463324
985,85,sample_86,83,83,83,78,0.283,11.226,0.382,15.641,0.0,0.218,0.218,0.0,6E6R_med,5.6884522
986,86,sample_87,84,84,84,78,0.796,2.024,0.76,6.647,0.333,0.179,0.513,0.0,6E6R_med,1.1208371
987,87,sample_88,85,85,85,78,0.711,5.57,0.766,8.383,0.141,0.308,0.449,0.0,6E6R_med,0.48541775
988,88,sample_89,86,86,86,78,0.734,3.396,0.614,10.686,0.346,0.064,0.41,0.0,6E6R_med,1.5380954
989,89,sample_9,87,87,87,78,0.851,1.484,0.719,6.031,0.423,0.064,0.487,0.0,6E6R_med,0.40371844
990,90,sample_90,88,88,88,78,0.663,2.863,0.696,8.506,0.577,0.0,0.577,0.0,6E6R_med,0.4722937
991,91,sample_91,89,89,89,78,0.593,5.483,0.557,11.519,0.218,0.167,0.385,0.0,6E6R_med,0.60775423
992,92,sample_92,90,90,90,78,0.512,6.867,0.706,10.073,0.628,0.0,0.628,0.0,6E6R_med,1.0440375
993,93,sample_93,91,91,91,78,0.765,3.79,0.803,5.146,0.641,0.0,0.641,0.0,6E6R_med,1.4053303
994,94,sample_94,92,92,92,78,0.498,6.087,0.561,11.628,0.372,0.0,0.372,0.0,6E6R_med,0.70038605
995,95,sample_95,93,93,93,78,0.66,2.898,0.588,11.652,0.551,0.0,0.551,0.0,6E6R_med,0.562593
996,96,sample_96,94,94,94,78,0.75,2.115,0.709,6.377,0.321,0.154,0.474,0.0,6E6R_med,0.9151258
997,97,sample_97,95,95,95,78,0.395,7.789,0.56,11.862,0.654,0.0,0.654,0.0,6E6R_med,2.9208994
998,98,sample_98,96,96,96,78,0.454,5.854,0.513,16.176,0.41,0.0,0.41,0.0,6E6R_med,4.4578185
999,99,sample_99,97,97,97,78,0.736,2.38,0.59,10.937,0.256,0.231,0.487,0.0,6E6R_med,0.7336998
1000,0,sample_0,53,71,65,50,0.881,0.923,0.906,2.489,0.8,0.0,0.8,0.0,6EXZ_short,0.29935995
1001,1,sample_1,53,72,70,50,0.876,1.016,0.853,3.207,0.64,0.0,0.64,0.0,6EXZ_short,0.3637221
1002,2,sample_10,53,71,65,50,0.733,1.866,0.901,2.968,0.8,0.0,0.8,0.0,6EXZ_short,0.5979537
1003,3,sample_11,53,71,65,50,0.751,2.854,0.849,3.417,0.8,0.0,0.8,0.0,6EXZ_short,0.47923294
1004,4,sample_12,0,0,0,50,0.903,0.822,0.905,1.954,0.7,0.0,0.7,0.0,6EXZ_short,0.33309412
1005,5,sample_13,1,1,1,50,0.682,2.545,0.841,3.344,0.66,0.0,0.66,0.0,6EXZ_short,0.91627336
1006,6,sample_14,53,2,2,50,0.332,7.006,0.759,10.434,0.58,0.0,0.58,0.0,6EXZ_short,3.3426015
1007,7,sample_15,2,3,3,50,0.674,1.906,0.834,4.516,0.48,0.0,0.48,0.0,6EXZ_short,0.8545173
1008,8,sample_16,53,74,4,50,0.797,1.369,0.813,5.052,0.76,0.0,0.76,0.0,6EXZ_short,0.4933847
1009,9,sample_17,3,4,5,50,0.872,1.117,0.776,4.288,0.2,0.08,0.28,0.0,6EXZ_short,1.2755895
1010,10,sample_18,4,5,6,50,0.851,1.028,0.893,2.359,0.66,0.0,0.66,0.0,6EXZ_short,0.28228062
1011,11,sample_19,52,63,62,50,0.9,0.858,0.848,3.568,0.62,0.0,0.62,0.0,6EXZ_short,0.4166158
1012,12,sample_2,52,69,68,50,0.918,0.69,0.878,2.297,0.8,0.0,0.8,0.0,6EXZ_short,0.4348448
1013,13,sample_20,53,65,64,50,0.947,0.548,0.903,2.507,0.76,0.0,0.76,0.0,6EXZ_short,0.37102512
1014,14,sample_21,5,6,7,50,0.676,2.347,0.663,8.124,0.52,0.0,0.52,0.0,6EXZ_short,1.0678298
1015,15,sample_22,53,67,66,50,0.653,2.599,0.848,3.384,0.72,0.0,0.72,0.0,6EXZ_short,0.64027506
1016,16,sample_23,6,7,8,50,0.722,2.593,0.719,9.083,0.5,0.0,0.5,0.0,6EXZ_short,0.2816265
1017,17,sample_24,7,8,9,50,0.696,1.883,0.687,6.95,0.2,0.26,0.46,0.0,6EXZ_short,1.5340216
1018,18,sample_25,8,9,10,50,0.623,2.257,0.736,7.435,0.54,0.0,0.54,0.0,6EXZ_short,1.5246947
1019,19,sample_26,9,10,11,50,0.364,5.747,0.535,13.389,0.32,0.0,0.32,0.0,6EXZ_short,1.9831586
1020,20,sample_27,53,11,71,50,0.889,0.831,0.928,1.744,0.66,0.0,0.66,0.0,6EXZ_short,0.4132468
1021,21,sample_28,53,71,65,50,0.605,2.374,0.862,4.174,0.82,0.0,0.82,0.0,6EXZ_short,0.40062708
1022,22,sample_29,53,65,64,50,0.86,1.268,0.888,2.84,0.66,0.0,0.66,0.0,6EXZ_short,0.31691563
1023,23,sample_3,10,12,12,50,0.888,0.868,0.826,3.592,0.5,0.0,0.5,0.0,6EXZ_short,0.37982473
1024,24,sample_30,53,13,13,50,0.821,1.792,0.83,4.633,0.64,0.0,0.64,0.0,6EXZ_short,1.8553798
1025,25,sample_31,53,74,69,50,0.955,0.501,0.924,1.728,0.72,0.0,0.72,0.0,6EXZ_short,0.32100323
1026,26,sample_32,52,63,62,50,0.793,1.702,0.85,3.366,0.66,0.0,0.66,0.0,6EXZ_short,0.33625683
1027,27,sample_33,11,14,14,50,0.742,1.659,0.867,2.54,0.52,0.0,0.52,0.0,6EXZ_short,0.486127
1028,28,sample_34,12,15,15,50,0.749,2.633,0.711,12.65,0.66,0.0,0.66,0.0,6EXZ_short,0.9210031
1029,29,sample_35,53,62,69,50,0.956,0.508,0.886,2.221,0.72,0.0,0.72,0.0,6EXZ_short,0.3310755
1030,30,sample_36,53,66,61,50,0.981,0.317,0.92,1.557,0.76,0.0,0.76,0.0,6EXZ_short,0.289386
1031,31,sample_37,13,16,16,50,0.456,8.384,0.735,5.393,0.62,0.0,0.62,0.0,6EXZ_short,2.540538
1032,32,sample_38,14,17,17,50,0.684,2.269,0.73,8.065,0.46,0.0,0.46,0.0,6EXZ_short,1.0238419
1033,33,sample_39,53,68,67,50,0.753,1.874,0.751,5.9,0.56,0.0,0.56,0.0,6EXZ_short,0.3129992
1034,34,sample_4,15,18,18,50,0.811,1.299,0.907,1.912,0.7,0.0,0.7,0.0,6EXZ_short,0.39675108
1035,35,sample_40,16,19,19,50,0.65,2.331,0.599,14.775,0.6,0.0,0.6,0.0,6EXZ_short,2.173675
1036,36,sample_41,17,20,20,50,0.588,3.617,0.891,3.495,0.82,0.0,0.82,0.0,6EXZ_short,1.2053902
1037,37,sample_42,53,73,71,50,0.942,0.569,0.93,1.527,0.7,0.0,0.7,0.0,6EXZ_short,0.3223008
1038,38,sample_43,18,21,21,50,0.378,8.787,0.605,12.488,0.4,0.0,0.4,0.0,6EXZ_short,1.4715675
1039,39,sample_44,53,70,22,50,0.947,0.552,0.924,1.766,0.72,0.0,0.72,0.0,6EXZ_short,0.30450127
1040,40,sample_45,53,71,65,50,0.885,1.068,0.901,2.759,0.78,0.0,0.78,0.0,6EXZ_short,0.37751177
1041,41,sample_46,19,22,23,50,0.462,5.868,0.729,10.226,0.68,0.0,0.68,0.0,6EXZ_short,1.5522656
1042,42,sample_47,20,23,24,50,0.499,3.066,0.84,4.374,0.66,0.0,0.66,0.0,6EXZ_short,0.8723839
1043,43,sample_48,53,73,71,50,0.894,0.814,0.905,2.147,0.72,0.0,0.72,0.0,6EXZ_short,0.48092276
1044,44,sample_49,53,67,66,50,0.667,4.982,0.862,4.65,0.64,0.0,0.64,0.0,6EXZ_short,0.36133873
1045,45,sample_5,21,24,25,50,0.928,0.652,0.889,2.08,0.68,0.0,0.68,0.0,6EXZ_short,0.30059195
1046,46,sample_50,53,68,67,50,0.877,1.368,0.896,2.86,0.66,0.0,0.66,0.0,6EXZ_short,0.29598203
1047,47,sample_51,53,62,69,50,0.751,2.518,0.916,2.048,0.76,0.0,0.76,0.0,6EXZ_short,0.27152038
1048,48,sample_52,22,25,26,50,0.92,0.781,0.921,1.831,0.44,0.0,0.44,0.0,6EXZ_short,0.6357645
1049,49,sample_53,53,26,27,50,0.938,0.593,0.93,1.53,0.74,0.0,0.74,0.0,6EXZ_short,0.41672722
1050,50,sample_54,23,27,28,50,0.859,1.185,0.769,5.661,0.5,0.0,0.5,0.0,6EXZ_short,0.69786334
1051,51,sample_55,24,28,29,50,0.848,1.235,0.789,4.665,0.66,0.0,0.66,0.0,6EXZ_short,0.67659265
1052,52,sample_56,25,29,30,50,0.682,2.414,0.786,5.581,0.5,0.0,0.5,0.0,6EXZ_short,0.78111994
1053,53,sample_57,53,66,61,50,0.963,0.447,0.922,1.508,0.76,0.0,0.76,0.0,6EXZ_short,0.30252656
1054,54,sample_58,26,30,31,50,0.901,1.054,0.906,2.192,0.76,0.0,0.76,0.0,6EXZ_short,0.6879305
1055,55,sample_59,27,31,32,50,0.689,3.068,0.675,8.09,0.58,0.0,0.58,0.0,6EXZ_short,1.6214076
1056,56,sample_6,28,32,33,50,0.862,0.967,0.871,2.693,0.66,0.0,0.66,0.0,6EXZ_short,0.2215658
1057,57,sample_60,53,73,71,50,0.928,0.675,0.93,1.505,0.68,0.0,0.68,0.0,6EXZ_short,0.2948482
1058,58,sample_61,29,33,34,50,0.803,1.465,0.774,4.205,0.68,0.0,0.68,0.0,6EXZ_short,0.45058545
1059,59,sample_62,53,72,70,50,0.759,5.012,0.848,4.251,0.68,0.0,0.68,0.0,6EXZ_short,1.434744
1060,60,sample_63,30,34,35,50,0.598,3.377,0.65,9.301,0.42,0.0,0.42,0.0,6EXZ_short,1.8925632
1061,61,sample_64,53,64,63,50,0.712,1.845,0.772,5.179,0.64,0.0,0.64,0.0,6EXZ_short,0.28516275
1062,62,sample_65,31,35,36,50,0.449,3.443,0.675,11.435,0.18,0.28,0.46,0.0,6EXZ_short,0.6048647
1063,63,sample_66,53,36,37,50,0.805,1.446,0.784,5.256,0.48,0.0,0.48,0.0,6EXZ_short,0.9134548
1064,64,sample_67,32,37,38,50,0.866,1.01,0.811,3.484,0.6,0.0,0.6,0.0,6EXZ_short,0.44394684
1065,65,sample_68,53,66,61,50,0.894,0.994,0.76,6.186,0.58,0.0,0.58,0.0,6EXZ_short,0.4610224
1066,66,sample_69,33,38,39,50,0.443,6.689,0.687,8.678,0.72,0.0,0.72,0.0,6EXZ_short,3.3066452
1067,67,sample_7,34,39,40,50,0.431,7.813,0.698,9.221,0.74,0.0,0.74,0.0,6EXZ_short,2.3709018
1068,68,sample_70,35,40,41,50,0.838,1.365,0.845,2.84,0.58,0.0,0.58,0.0,6EXZ_short,0.73372835
1069,69,sample_71,36,41,42,50,0.511,6.586,0.795,8.609,0.84,0.0,0.84,0.0,6EXZ_short,1.4002812
1070,70,sample_72,53,68,67,50,0.91,0.833,0.922,1.784,0.7,0.0,0.7,0.0,6EXZ_short,0.42279977
1071,71,sample_73,37,42,43,50,0.556,3.502,0.755,7.215,0.68,0.0,0.68,0.0,6EXZ_short,2.4169087
1072,72,sample_74,53,43,44,50,0.811,1.227,0.789,4.693,0.74,0.0,0.74,0.0,6EXZ_short,0.6604108
1073,73,sample_75,53,61,72,50,0.93,0.637,0.904,1.854,0.7,0.0,0.7,0.0,6EXZ_short,0.518491
1074,74,sample_76,38,44,45,50,0.651,2.248,0.74,8.323,0.46,0.0,0.46,0.0,6EXZ_short,0.94515073
1075,75,sample_77,39,45,46,50,0.533,6.731,0.735,7.126,0.62,0.0,0.62,0.0,6EXZ_short,1.4993503
1076,76,sample_78,53,71,65,50,0.937,0.602,0.904,2.396,0.78,0.0,0.78,0.0,6EXZ_short,0.3750328
1077,77,sample_79,53,46,47,50,0.78,2.911,0.744,9.68,0.62,0.0,0.62,0.0,6EXZ_short,1.6390795
1078,78,sample_8,40,47,48,50,0.446,5.737,0.59,11.749,0.48,0.0,0.48,0.0,6EXZ_short,0.38779423
1079,79,sample_80,53,61,72,50,0.702,1.965,0.761,4.827,0.74,0.0,0.74,0.0,6EXZ_short,0.8869365
1080,80,sample_81,41,48,49,50,0.597,2.652,0.711,8.353,0.58,0.0,0.58,0.0,6EXZ_short,0.42136362
1081,81,sample_82,42,49,50,50,0.408,5.823,0.588,13.862,0.18,0.0,0.18,0.0,6EXZ_short,1.169899
1082,82,sample_83,53,71,65,50,0.846,1.031,0.878,2.691,0.82,0.0,0.82,0.0,6EXZ_short,0.60843295
1083,83,sample_84,52,69,68,50,0.852,1.265,0.877,2.453,0.74,0.0,0.74,0.0,6EXZ_short,0.45040816
1084,84,sample_85,43,50,51,50,0.788,1.351,0.921,1.84,0.72,0.0,0.72,0.0,6EXZ_short,0.27915287
1085,85,sample_86,44,51,52,50,0.707,2.636,0.683,7.01,0.4,0.0,0.4,0.0,6EXZ_short,0.3126404
1086,86,sample_87,53,52,53,50,0.878,1.003,0.896,2.625,0.68,0.0,0.68,0.0,6EXZ_short,0.2866207
1087,87,sample_88,45,53,54,50,0.496,8.209,0.575,13.512,0.5,0.0,0.5,0.0,6EXZ_short,0.8330906
1088,88,sample_89,46,54,55,50,0.86,0.979,0.76,5.322,0.74,0.0,0.74,0.0,6EXZ_short,0.46800816
1089,89,sample_9,53,55,72,50,0.874,1.148,0.866,2.781,0.68,0.0,0.68,0.0,6EXZ_short,0.31236395
1090,90,sample_90,47,56,56,50,0.377,6.848,0.623,10.894,0.42,0.0,0.42,0.0,6EXZ_short,1.5716205
1091,91,sample_91,53,71,65,50,0.756,2.995,0.877,2.587,0.8,0.0,0.8,0.0,6EXZ_short,0.36287695
1092,92,sample_92,48,57,57,50,0.84,1.074,0.82,4.232,0.64,0.0,0.64,0.0,6EXZ_short,0.3475556
1093,93,sample_93,49,58,58,50,0.647,4.088,0.78,5.38,0.6,0.0,0.6,0.0,6EXZ_short,2.212936
1094,94,sample_94,50,59,59,50,0.452,4.254,0.601,12.552,0.42,0.0,0.42,0.0,6EXZ_short,1.6160624
1095,95,sample_95,53,64,63,50,0.723,1.556,0.74,5.301,0.7,0.0,0.7,0.0,6EXZ_short,0.48283324
1096,96,sample_96,53,70,65,50,0.849,1.198,0.875,2.894,0.68,0.0,0.68,0.0,6EXZ_short,0.33490655
1097,97,sample_97,51,60,60,50,0.869,0.958,0.745,5.097,0.54,0.0,0.54,0.0,6EXZ_short,0.26832274
1098,98,sample_98,53,70,65,50,0.765,2.669,0.805,5.332,0.68,0.0,0.68,0.0,6EXZ_short,0.25933787
1099,99,sample_99,53,73,71,50,0.858,1.281,0.877,2.805,0.7,0.0,0.7,0.0,6EXZ_short,0.26778266
1100,0,sample_0,0,0,0,80,0.694,2.709,0.518,13.073,0.587,0.0,0.587,0.0,6EXZ_med,1.180735
1101,1,sample_1,1,1,1,80,0.91,1.212,0.737,6.313,0.275,0.175,0.45,0.0,6EXZ_med,1.4048411
1102,2,sample_10,2,2,2,80,0.405,5.308,0.49,17.132,0.338,0.125,0.463,0.0,6EXZ_med,1.5521716
1103,3,sample_11,3,3,3,80,0.943,0.79,0.778,4.272,0.725,0.0,0.725,0.0,6EXZ_med,0.32299563
1104,4,sample_12,4,4,4,80,0.877,1.494,0.817,4.843,0.6,0.0,0.6,0.0,6EXZ_med,0.28133714
1105,5,sample_13,5,5,5,80,0.708,2.941,0.527,12.596,0.387,0.0,0.387,0.0,6EXZ_med,0.3877111
1106,6,sample_14,6,6,6,80,0.46,7.917,0.461,14.189,0.175,0.237,0.412,0.0,6EXZ_med,0.6946751
1107,7,sample_15,7,7,7,80,0.499,6.509,0.464,13.717,0.25,0.062,0.312,0.0,6EXZ_med,0.39067975
1108,8,sample_16,8,8,8,80,0.625,7.441,0.621,11.944,0.562,0.0,0.562,0.0,6EXZ_med,1.0649545
1109,9,sample_17,9,9,9,80,0.922,0.988,0.791,4.765,0.2,0.162,0.363,0.0,6EXZ_med,0.86209846
1110,10,sample_18,10,10,10,80,0.951,0.738,0.874,2.695,0.762,0.0,0.762,0.0,6EXZ_med,0.22576326
1111,11,sample_19,11,11,11,80,0.911,1.22,0.85,11.762,0.7,0.0,0.7,0.0,6EXZ_med,1.2131902
1112,12,sample_2,97,12,12,80,0.924,0.953,0.864,3.266,0.637,0.0,0.637,0.0,6EXZ_med,0.56301254
1113,13,sample_20,12,13,13,80,0.815,1.806,0.72,7.756,0.738,0.0,0.738,0.0,6EXZ_med,0.6863102
1114,14,sample_21,13,14,14,80,0.893,1.21,0.681,12.222,0.613,0.0,0.613,0.0,6EXZ_med,0.69100446
1115,15,sample_22,14,15,15,80,0.829,2.498,0.671,8.316,0.525,0.0,0.525,0.0,6EXZ_med,0.29789826
1116,16,sample_23,15,16,16,80,0.718,2.785,0.738,10.144,0.825,0.0,0.825,0.0,6EXZ_med,0.7871041
1117,17,sample_24,16,17,17,80,0.737,2.465,0.755,9.517,0.8,0.0,0.8,0.0,6EXZ_med,0.5952464
1118,18,sample_25,17,18,18,80,0.718,3.002,0.792,5.697,0.162,0.2,0.363,0.0,6EXZ_med,1.2857277
1119,19,sample_26,18,19,19,80,0.906,1.066,0.892,2.579,0.8,0.0,0.8,0.0,6EXZ_med,0.28283024
1120,20,sample_27,19,20,20,80,0.716,6.122,0.75,8.683,0.587,0.0,0.587,0.0,6EXZ_med,0.7509552
1121,21,sample_28,20,21,21,80,0.792,2.287,0.757,9.074,0.688,0.0,0.688,0.0,6EXZ_med,0.7459183
1122,22,sample_29,21,22,22,80,0.362,8.165,0.621,13.603,0.6,0.0,0.6,0.0,6EXZ_med,0.32042962
1123,23,sample_3,22,23,23,80,0.751,2.155,0.678,7.136,0.475,0.087,0.562,0.0,6EXZ_med,0.8057247
1124,24,sample_30,23,24,24,80,0.779,2.116,0.735,5.789,0.688,0.0,0.688,0.0,6EXZ_med,0.71484053
1125,25,sample_31,24,25,25,80,0.96,0.776,0.917,2.463,0.8,0.0,0.8,0.0,6EXZ_med,0.3294051
1126,26,sample_32,25,26,26,80,0.876,1.767,0.853,3.181,0.75,0.0,0.75,0.0,6EXZ_med,0.8934581
1127,27,sample_33,26,27,27,80,0.772,1.831,0.706,6.752,0.613,0.0,0.613,0.0,6EXZ_med,0.3818541
1128,28,sample_34,27,28,28,80,0.801,2.402,0.752,6.421,0.688,0.0,0.688,0.0,6EXZ_med,1.2231065
1129,29,sample_35,28,29,29,80,0.46,8.132,0.576,12.727,0.637,0.0,0.637,0.0,6EXZ_med,0.6591751
1130,30,sample_36,29,30,30,80,0.606,3.367,0.67,10.189,0.712,0.0,0.712,0.0,6EXZ_med,0.82464474
1131,31,sample_37,30,31,31,80,0.923,1.029,0.905,2.291,0.525,0.0,0.525,0.0,6EXZ_med,0.2968396
1132,32,sample_38,31,32,32,80,0.645,3.863,0.52,13.155,0.25,0.05,0.3,0.0,6EXZ_med,0.32323787
1133,33,sample_39,32,33,33,80,0.362,11.497,0.593,15.229,0.663,0.0,0.663,0.0,6EXZ_med,1.3355248
1134,34,sample_4,33,34,34,80,0.882,1.597,0.743,7.118,0.5,0.162,0.663,0.0,6EXZ_med,1.9540542
1135,35,sample_40,34,35,35,80,0.373,9.554,0.649,11.392,0.788,0.0,0.788,0.0,6EXZ_med,2.30358
1136,36,sample_41,97,98,98,80,0.94,0.834,0.708,6.044,0.762,0.0,0.762,0.0,6EXZ_med,0.4113358
1137,37,sample_42,35,36,36,80,0.915,1.105,0.846,3.62,0.65,0.0,0.65,0.0,6EXZ_med,0.40886053
1138,38,sample_43,36,37,37,80,0.706,2.581,0.653,10.131,0.7,0.0,0.7,0.0,6EXZ_med,0.76430434
1139,39,sample_44,37,38,38,80,0.938,0.852,0.86,3.175,0.375,0.162,0.538,0.0,6EXZ_med,0.36073261
1140,40,sample_45,38,39,39,80,0.897,1.298,0.867,3.212,0.6,0.0,0.6,0.0,6EXZ_med,0.49720728
1141,41,sample_46,39,40,40,80,0.871,1.397,0.68,8.477,0.087,0.213,0.3,0.0,6EXZ_med,1.1602204
1142,42,sample_47,40,41,41,80,0.787,2.082,0.772,5.892,0.725,0.0,0.725,0.0,6EXZ_med,0.31046125
1143,43,sample_48,41,42,42,80,0.431,11.318,0.473,15.31,0.425,0.0,0.425,0.0,6EXZ_med,0.9420235
1144,44,sample_49,42,43,43,80,0.79,1.952,0.8,9.071,0.663,0.0,0.663,0.0,6EXZ_med,1.406538
1145,45,sample_5,43,44,44,80,0.908,1.116,0.823,4.732,0.363,0.188,0.55,0.0,6EXZ_med,1.1859635
1146,46,sample_50,44,45,45,80,0.599,6.139,0.888,4.64,0.812,0.0,0.812,0.0,6EXZ_med,0.65469664
1147,47,sample_51,45,46,46,80,0.957,0.694,0.904,2.5,0.7,0.0,0.7,0.0,6EXZ_med,0.3019231
1148,48,sample_52,46,47,47,80,0.857,1.604,0.75,9.437,0.35,0.213,0.562,0.0,6EXZ_med,0.49031338
1149,49,sample_53,47,48,48,80,0.635,2.948,0.555,11.58,0.412,0.075,0.488,0.0,6EXZ_med,0.32344234
1150,50,sample_54,48,49,49,80,0.772,3.219,0.702,8.459,0.475,0.0,0.475,0.0,6EXZ_med,0.26496118
1151,51,sample_55,49,50,50,80,0.888,1.615,0.774,8.28,0.738,0.0,0.738,0.0,6EXZ_med,0.27540484
1152,52,sample_56,50,51,51,80,0.535,4.975,0.566,13.014,0.463,0.0,0.463,0.0,6EXZ_med,0.84727067
1153,53,sample_57,51,52,52,80,0.843,1.739,0.703,7.167,0.125,0.213,0.338,0.0,6EXZ_med,1.2265418
1154,54,sample_58,52,53,53,80,0.748,2.405,0.828,8.35,0.725,0.0,0.725,0.0,6EXZ_med,0.44204217
1155,55,sample_59,53,54,54,80,0.654,3.137,0.625,12.793,0.387,0.213,0.6,0.0,6EXZ_med,2.1180425
1156,56,sample_6,54,55,55,80,0.578,6.213,0.603,11.171,0.488,0.0,0.488,0.0,6EXZ_med,2.1832342
1157,57,sample_60,55,56,56,80,0.256,11.991,0.48,16.254,0.475,0.0,0.475,0.0,6EXZ_med,2.159922
1158,58,sample_61,56,57,57,80,0.841,1.611,0.834,3.983,0.562,0.0,0.562,0.0,6EXZ_med,0.69395953
1159,59,sample_62,57,58,58,80,0.836,1.803,0.687,15.112,0.613,0.0,0.613,0.0,6EXZ_med,1.4655192
1160,60,sample_63,58,59,59,80,0.567,6.651,0.645,11.108,0.65,0.0,0.65,0.0,6EXZ_med,1.0610873
1161,61,sample_64,59,60,60,80,0.934,0.876,0.906,2.17,0.637,0.0,0.637,0.0,6EXZ_med,0.33941907
1162,62,sample_65,60,61,61,80,0.632,4.071,0.62,10.061,0.338,0.0,0.338,0.0,6EXZ_med,0.28308967
1163,63,sample_66,61,62,62,80,0.418,5.852,0.649,14.548,0.6,0.0,0.6,0.0,6EXZ_med,1.2768486
1164,64,sample_67,62,63,63,80,0.917,0.995,0.772,7.219,0.738,0.0,0.738,0.0,6EXZ_med,0.48792872
1165,65,sample_68,63,64,64,80,0.8,2.193,0.762,5.727,0.7,0.0,0.7,0.0,6EXZ_med,0.53846717
1166,66,sample_69,64,65,65,80,0.929,0.936,0.814,3.861,0.75,0.0,0.75,0.0,6EXZ_med,0.6983067
1167,67,sample_7,65,66,66,80,0.796,2.118,0.561,11.346,0.112,0.275,0.387,0.0,6EXZ_med,3.0606775
1168,68,sample_70,66,67,67,80,0.925,0.979,0.817,3.583,0.688,0.0,0.688,0.0,6EXZ_med,0.25413886
1169,69,sample_71,67,68,68,80,0.678,2.463,0.723,8.374,0.3,0.213,0.513,0.0,6EXZ_med,0.50829834
1170,70,sample_72,68,69,69,80,0.842,1.879,0.849,3.788,0.213,0.25,0.463,0.0,6EXZ_med,0.30182394
1171,71,sample_73,69,70,70,80,0.905,1.238,0.893,3.142,0.6,0.0,0.6,0.0,6EXZ_med,0.4220151
1172,72,sample_74,70,71,71,80,0.856,1.642,0.892,3.052,0.6,0.0,0.6,0.0,6EXZ_med,0.9512807
1173,73,sample_75,71,72,72,80,0.962,0.647,0.921,1.803,0.775,0.0,0.775,0.0,6EXZ_med,0.38278863
1174,74,sample_76,72,73,73,80,0.854,1.775,0.782,5.48,0.625,0.0,0.625,0.0,6EXZ_med,0.42190355
1175,75,sample_77,73,74,74,80,0.325,9.711,0.5,16.021,0.412,0.0,0.412,0.0,6EXZ_med,2.0855262
1176,76,sample_78,74,75,75,80,0.837,1.715,0.761,6.32,0.625,0.0,0.625,0.0,6EXZ_med,0.9167259
1177,77,sample_79,75,76,76,80,0.724,3.984,0.613,12.054,0.55,0.0,0.55,0.0,6EXZ_med,0.31292585
1178,78,sample_8,97,98,98,80,0.726,2.662,0.745,6.457,0.675,0.0,0.675,0.0,6EXZ_med,1.0460004
1179,79,sample_80,76,77,77,80,0.649,3.369,0.661,8.148,0.338,0.175,0.512,0.0,6EXZ_med,0.61693037
1180,80,sample_81,77,78,78,80,0.843,2.01,0.685,10.399,0.312,0.213,0.525,0.0,6EXZ_med,2.5683234
1181,81,sample_82,78,79,79,80,0.35,10.771,0.63,12.128,0.675,0.0,0.675,0.0,6EXZ_med,0.7532677
1182,82,sample_83,79,80,80,80,0.857,1.386,0.793,5.172,0.637,0.0,0.637,0.0,6EXZ_med,0.75057733
1183,83,sample_84,80,81,81,80,0.836,1.786,0.858,3.588,0.712,0.0,0.712,0.0,6EXZ_med,0.35131395
1184,84,sample_85,81,82,82,80,0.649,4.902,0.61,11.014,0.262,0.15,0.412,0.0,6EXZ_med,4.145607
1185,85,sample_86,82,83,83,80,0.531,8.323,0.644,16.172,0.7,0.0,0.7,0.0,6EXZ_med,0.2833636
1186,86,sample_87,83,84,84,80,0.9,2.487,0.826,4.639,0.587,0.0,0.587,0.0,6EXZ_med,0.60709304
1187,87,sample_88,84,85,85,80,0.363,13.649,0.61,17.821,0.463,0.0,0.463,0.0,6EXZ_med,0.32651582
1188,88,sample_89,85,86,86,80,0.805,1.649,0.717,8.133,0.837,0.0,0.837,0.0,6EXZ_med,0.7400406
1189,89,sample_9,86,87,87,80,0.93,1.075,0.83,3.748,0.738,0.0,0.738,0.0,6EXZ_med,0.45937952
1190,90,sample_90,87,88,88,80,0.308,17.649,0.765,14.544,0.7,0.0,0.7,0.0,6EXZ_med,2.147826
1191,91,sample_91,88,89,89,80,0.922,0.991,0.857,3.381,0.325,0.275,0.6,0.0,6EXZ_med,0.45768583
1192,92,sample_92,89,90,90,80,0.947,0.77,0.9,2.233,0.65,0.0,0.65,0.0,6EXZ_med,0.313347
1193,93,sample_93,90,91,91,80,0.671,4.097,0.829,4.579,0.525,0.0,0.525,0.0,6EXZ_med,0.9344345
1194,94,sample_94,91,92,92,80,0.973,0.539,0.934,1.803,0.7,0.0,0.7,0.0,6EXZ_med,0.3436941
1195,95,sample_95,92,93,93,80,0.674,2.877,0.847,3.526,0.663,0.0,0.663,0.0,6EXZ_med,1.2776332
1196,96,sample_96,93,94,94,80,0.653,5.679,0.774,9.685,0.712,0.0,0.712,0.0,6EXZ_med,0.40964714
1197,97,sample_97,94,95,95,80,0.913,1.177,0.863,3.09,0.637,0.05,0.688,0.0,6EXZ_med,0.3349047
1198,98,sample_98,95,96,96,80,0.849,1.646,0.78,5.289,0.525,0.0,0.525,0.0,6EXZ_med,0.9208309
1199,99,sample_99,96,97,97,80,0.726,3.257,0.748,5.727,0.6,0.0,0.6,0.0,6EXZ_med,1.0573144
